hip,hd,ra_deg,dec_deg,vmag,sptype
32349,48915,101.28854105,-16.71314306,-1.440000057220459,A0m...
91262,172167,279.23410832,38.78299311,0.029999999329447746,A0Vvar
113368,216956,344.41177323,-29.62183701,1.1699999570846558,A3V
102098,197345,310.3579727,45.28033423,1.25,A2Ia
36850,60179,113.65001898,31.88863645,1.5800000429153442,A2Vm
45238,80007,138.30100329,-69.71747245,1.6699999570846558,A2IV
62956,112185,193.5068041,55.95984301,1.7599999904632568,A0p
28360,40183,89.88237261,44.94743492,1.899999976158142,A2V
31681,47105,99.42792641,16.39941482,1.9299999475479126,A0IV
42913,74956,131.17582214,-54.70856797,1.9299999475479126,A1V
57632,102647,177.26615977,14.57233687,2.140000104904175,A3Vvar
61932,110304,190.38002079,-48.95988553,2.200000047683716,A1IV
76267,139006,233.67162293,26.71491041,2.2200000286102295,A0V
65378,116656,200.98091604,54.92541525,2.2300000190734863,A2V
53910,95418,165.4599615,56.38234478,2.3399999141693115,A1V
72105,129988,221.24687869,27.07417383,2.3499999046325684,A0
58001,103287,178.45725536,53.69473296,2.4100000858306885,A0V SB
84012,155125,257.59442659,-15.72514757,2.430000066757202,A2.5Va
93506,176687,285.65301428,-29.88011429,2.5999999046325684,A3IV
28380,40312,89.93015897,37.21276409,2.6500000953674316,A0p Si
65109,115892,200.15027321,-36.71208109,2.75,A2V
72622,130841,222.71990536,-16.04161047,2.75,A3IV
23875,33111,76.96264146,-5.08626282,2.7799999713897705,A3IIIvar
74946,135382,229.72787007,-68.67946723,2.869999885559082,A1V
63125,112413,194.00767051,38.31824617,2.890000104904175,A0spe...
93747,177724,286.3525518,13.86370983,2.990000009536743,A0Vn
75097,137422,230.1822884,71.83397308,3.0,A3II-III
32246,48329,100.98304088,25.13115531,3.059999942779541,A3mA6-A9
84379,156164,258.75801735,24.83958739,3.119999885559082,A3IVv SB
113136,216627,343.6626635,-15.82075994,3.2699999809265137,A3V
21281,29305,68.49882684,-55.04500559,3.299999952316284,A0V:
59774,106591,183.85603795,57.03259792,3.319999933242798,A3Vvar
54879,97633,168.56017036,15.4297631,3.3299999237060547,A2V
66249,118098,203.673978,-0.59593821,3.380000114440918,A3V
50372,89021,154.27469564,42.91446855,3.450000047683716,A2IV
12706,16970,40.82551897,3.23617162,3.4700000286102295,A3V
49583,87737,151.83313948,16.76266572,3.4800000190734863,A0Ib
112623,215789,342.13832136,-51.31670354,3.490000009536743,A3V
109427,210418,332.54924902,6.197789,3.5199999809265137,A2V
77516,141513,237.40527375,-3.43014112,3.5399999618530273,A0V
27288,38678,86.73895728,-14.82194717,3.549999952316284,A2Vann
44471,77327,135.90649494,47.15665934,3.569999933242798,A1Vn
35350,56537,109.52336162,16.54047526,3.5799999237060547,A3V...
33018,50019,103.1972503,33.96136985,3.5999999046325684,A3III
77233,141003,236.54672877,15.42192602,3.6500000953674316,A3V
68756,123299,211.09760837,64.37580873,3.6700000762939453,A0III SB
77622,141795,237.70371344,4.4775798,3.7100000381469727,A2m
72220,130109,221.56246594,1.8929383,3.7300000190734863,A0V
87108,161868,266.97322515,2.70745875,3.75,A0V
111169,213558,337.82239898,50.28244976,3.759999990463257,A1V
71795,129246,220.28716819,13.72833113,3.7799999713897705,A3IVn
102618,198001,311.91888574,-9.49568988,3.7799999713897705,A1V
76952,140436,235.68599269,26.29551419,3.809999942779541,A1Vs
9487,12446,30.51166929,2.76376048,3.819999933242798,A2
45688,80081,139.71111394,36.80289763,3.819999933242798,A1V
80883,148857,247.72850509,1.98410056,3.819999933242798,A2V
51986,92139,159.32606984,-48.22561631,3.8399999141693115,A3m+...
27321,39060,86.82118054,-51.06671329,3.8499999046325684,A3V
50191,88955,153.68447399,-42.12206281,3.8499999046325684,A2V
61622,109787,189.42636588,-48.54128816,3.8499999046325684,A2V
110395,212061,335.41374983,-1.38735315,3.859999895095825,A0V
43023,75063,131.50689464,-46.0415392,3.869999885559082,A1III
8832,11502,28.38235506,19.29409264,3.880000114440918,A1p Si
60129,107259,184.97663096,-0.66674709,3.890000104904175,A2IV
18907,25490,60.78907003,5.98930909,3.9100000858306885,A1V
41307,71155,126.41529546,-3.90636482,3.9100000858306885,A0V
83207,153808,255.07252582,30.92633926,3.9200000762939453,A0V
37677,62623,115.95196716,-28.9548352,3.940000057220459,A2Iab
103413,199629,314.29338184,41.16719384,3.940000057220459,A1Vn
9598,12216,30.85912643,72.42123962,3.950000047683716,A2V
98495,188228,300.14747226,-72.91018443,3.9700000286102295,A0V
10670,14055,34.32848216,33.84732099,4.03000020980835,A1Vnn
70090,125473,215.13949709,-37.88526711,4.050000190734863,A0IV
74824,135379,229.3790009,-58.80087882,4.070000171661377,A3V
11001,15008,35.43759585,-68.6594239,4.079999923706055,A3V
104139,200761,316.48658082,-17.23271095,4.079999923706055,A1V
94114,178253,287.36782635,-37.90423953,4.110000133514404,A0/A1V
42313,73262,129.41419739,5.70379868,4.139999866485596,A1Vnn
34769,55185,107.96608486,-0.49278056,4.150000095367432,A2V
85340,157792,261.59257241,-24.17502346,4.159999847412109,A3IV:m
69732,125162,214.09656821,46.08791894,4.179999828338623,A0sh
89908,170000,275.18933831,71.33772734,4.21999979019165,A0p (Si)
68520,122408,210.41159648,1.54458338,4.230000019073486,A3V
86565,160613,265.35381884,-12.87517268,4.239999771118164,A2Va
19167,25642,61.64606374,50.35135022,4.25,A0IVn
107418,207260,326.36220534,61.12081043,4.25,A2Iavar
99655,192696,303.34917142,56.56752223,4.28000020980835,A3IV-Vn
77055,142105,236.01443312,77.79449901,4.289999961853027,A3Vn
111188,213398,337.87620651,-32.34602798,4.289999961853027,A1V
20648,27962,66.37215593,17.92798917,4.300000190734863,A2IV
53417,94601,163.90353339,24.74975451,4.300000190734863,A1
84880,156928,260.2068148,-12.846882,4.320000171661377,A0/A1V
22509,30739,72.65300943,8.90025258,4.349999904632568,A1Vn
43234,75137,132.10825351,5.83788486,4.349999904632568,A0Vn
85822,166205,263.05373826,86.58632924,4.349999904632568,A1Vn
3405,4150,10.83851683,-57.46309763,4.360000133514404,A0IV
53773,95370,165.03852431,-42.22586959,4.369999885559082,A3IV
64238,114330,197.48755015,-5.53892987,4.380000114440918,A1V
53954,95608,165.58242155,20.17974575,4.420000076293945,A1m
88290,164577,270.43828967,1.30510936,4.420000076293945,A2Vn
23040,31278,74.32175175,53.75208289,4.429999828338623,A1V
30060,43378,94.90579498,59.01090518,4.440000057220459,A2Vs
54682,97277,167.91452617,-22.82560642,4.460000038146973,A1V
112948,216336,343.13149128,-32.87545019,4.460000038146973,A0III
31216,46300,98.22595658,7.33297921,4.46999979019165,A0Ib
47006,82621,143.70622878,52.05156754,4.46999979019165,A2V
49641,87887,151.98456489,-0.37162786,4.480000019073486,A0III
9480,12111,30.48979079,70.90704605,4.489999771118164,A3IV
109285,210049,332.0956383,-32.98839827,4.5,A2V
1473,1404,4.58210555,36.7853273,4.510000228881836,A2V
76852,140159,235.38788463,19.67050566,4.510000228881836,A1V
69974,125337,214.77750771,-13.37116634,4.519999980926514,A1V
2487,2885,7.88898014,-62.96544985,4.53000020980835,A2V
31416,46933,98.76408302,-22.96483318,4.539999961853027,A0III
46776,82446,142.99556148,-1.18465438,4.539999961853027,A3V
16281,21389,52.47810837,58.87875244,4.550000190734863,A0Ia SB:
48402,85235,148.02650069,54.06428574,4.550000190734863,A3IV
27830,39357,88.33184814,27.61228536,4.559999942779541,A0V
86092,159217,263.91504719,-46.50559076,4.559999942779541,A0V
17959,23401,57.58948256,71.33236777,4.590000152587891,A2IVn
117452,223352,357.23116631,-28.1300148,4.590000152587891,A0V
20070,26961,64.56073112,50.29563944,4.599999904632568,A2V
75501,137058,231.33438516,-38.7335881,4.599999904632568,A0V
95081,182564,290.16696656,65.7144303,4.599999904632568,A2IIIs
1366,1280,4.27306518,38.68167915,4.610000133514404,A2V
36145,58142,111.67858726,49.21164489,4.610000133514404,A1V
39095,65810,119.96689649,-18.39914242,4.610000133514404,A1V
80628,148367,246.95094563,-8.37170055,4.619999885559082,A3m
13914,18519,44.80305773,21.34044477,4.630000114440918,A2Vs
22845,31295,73.7237672,10.15114511,4.639999866485596,A0V
84606,156729,259.41785775,37.29134328,4.639999866485596,A2V
101589,196180,308.82711738,14.67418482,4.639999866485596,A3V
23607,32549,76.1422432,15.40418059,4.650000095367432,A0p Si
42806,74198,130.82172127,21.46859609,4.659999847412109,A1IV
53295,94334,163.49460834,43.19001538,4.659999847412109,A1Vs
28910,41695,91.53889172,-14.93528629,4.670000076293945,A0V
90595,170296,277.29938301,-14.56580499,4.670000076293945,A1IV/V
13879,18411,44.69021034,39.66282739,4.679999828338623,A2Vn
116389,221760,353.76887742,-42.61510105,4.690000057220459,A2V
24927,34968,80.11213225,-21.23973932,4.699999809265137,A0V
116247,221565,353.31927128,-20.91452506,4.699999809265137,A0V
105140,202627,319.48436063,-32.17248551,4.710000038146973,A0V
114375,218640,347.47865379,-22.45759248,4.710000038146973,A3IV:
51438,91375,157.58364619,-71.99271995,4.71999979019165,A2III
103045,198743,313.16335749,-8.98323782,4.730000019073486,A3m
6193,7964,19.86657455,27.26408682,4.739999771118164,A3V
12413,16754,39.94966387,-42.89163328,4.739999771118164,A2V
93542,176638,285.77846922,-42.09499443,4.739999771118164,A0Vn
116602,222095,354.46223051,-45.49232134,4.739999771118164,A2V
2472,2834,7.85356695,-48.80356171,4.760000228881836,A0V
29997,42818,94.71158258,69.3200343,4.760000228881836,A0Vn
55266,98353,169.78309755,38.18572227,4.760000228881836,A2V
17587,23089,56.50971937,63.34506772,4.78000020980835,A3V...
39847,67006,122.11459795,51.50667575,4.78000020980835,A2V
85755,158643,262.85396193,-23.96258036,4.78000020980835,A0V
61394,109485,188.71299083,22.62918961,4.800000190734863,A0IV
79881,146624,244.57467023,-28.61377598,4.800000190734863,A0V:
105382,203006,320.18993153,-40.80950852,4.800000190734863,A2p
112051,214994,340.43920724,29.3076892,4.800000190734863,A1IV
90289,169420,276.33764809,-20.54160918,4.809999942779541,A1/A2V
101867,196724,309.63038481,21.20117964,4.809999942779541,A0V
78554,143894,240.57370453,22.80439543,4.820000171661377,A3V
82321,152107,252.3091638,45.9834478,4.820000171661377,A2p...
111123,213320,337.66172918,-10.67788619,4.820000171661377,A0IVs
12876,17566,41.38555249,-67.616724,4.829999923706055,A2IV/V
63724,113314,195.88894965,-49.52723627,4.829999923706055,A0V
14862,19275,47.98432711,74.39386878,4.849999904632568,A2Vnn
93148,175510,284.61564682,-52.93860748,4.849999904632568,A0V
32438,48250,101.55896951,59.44169108,4.860000133514404,A3V
70327,126128,215.84475026,8.44664037,4.860000133514404,A0V
15110,20150,48.72547816,21.04462873,4.869999885559082,A1V
43825,76483,133.8813149,-27.68162589,4.869999885559082,A3IV
11345,15130,36.48755111,-12.290452,4.880000114440918,A0V
61960,110411,190.47086482,10.23584294,4.880000114440918,A0V
69896,123998,214.55821047,-81.00760147,4.889999866485596,A2m...
33485,50973,104.40468738,45.09410202,4.900000095367432,A2Vn
113186,216735,343.80676809,8.81609536,4.909999847412109,A1V
66200,118022,203.5329387,3.65902506,4.920000076293945,A1p SrCrEu
72104,129685,221.24664628,-35.19182069,4.920000076293945,A0V
19990,27045,64.31535896,20.57874033,4.929999828338623,A3m
23179,31647,74.81406425,37.8904824,4.929999828338623,A1V
37609,61497,115.751907,58.71048707,4.929999828338623,A3IVn
79375,145570,243.00000648,-10.06418514,4.929999828338623,A3IV
99770,192640,303.63326032,36.8061354,4.929999828338623,A2V
43347,75710,132.44853466,-45.30790977,4.940000057220459,A2III
50933,89822,156.03274518,65.56647366,4.940000057220459,A0sp...
80650,149212,246.99605488,68.76805491,4.940000057220459,A0III
99742,192425,303.56910667,15.19746767,4.940000057220459,A2V
115738,220825,351.73293881,1.25583758,4.949999809265137,A0p
15648,20677,50.36086309,43.32965174,4.960000038146973,A3V
27949,39283,88.71160776,55.7069049,4.960000038146973,A2V
38538,64145,118.37431874,26.76585858,4.96999979019165,A3V
78493,143807,240.36079431,29.85107821,4.980000019073486,A0p...
90156,170073,275.97770388,58.8005852,4.980000019073486,A3V
21644,29573,69.72330721,-12.12307828,4.989999771118164,A0V
115115,219832,349.74021218,-9.610731,4.989999771118164,A0V
118121,224392,359.39571557,-64.29808259,5.0,A1V
97496,187362,297.24437005,19.14197806,5.010000228881836,A3V
98258,188899,299.48758471,-15.49126255,5.010000228881836,A2V
87212,162579,267.26805764,50.78054478,5.019999980926514,A2V
107608,207155,326.93405546,-30.89830582,5.019999980926514,A1V
9836,12869,31.64130188,22.64840404,5.03000020980835,A2m
95261,181296,290.71325245,-54.42372882,5.03000020980835,A0Vn
5317,6658,17.00299391,43.94224107,5.039999961853027,A3m
8241,10939,26.52557865,-53.52218065,5.039999961853027,A1V
65810,117150,202.35523124,-51.16511504,5.039999961853027,A0V
117371,223274,356.97811533,67.80681263,5.050000190734863,A1Vn
25045,35162,80.44278196,-24.77294996,5.059999942779541,A2/A3
2578,3003,8.18247614,-63.03137868,5.070000171661377,A0V
48437,85558,148.12696211,-8.10491559,5.070000171661377,A2V
107763,207650,327.46117477,30.17427852,5.070000171661377,A1Vs
52457,92825,160.85429114,23.18838442,5.079999923706055,A3Vn
16292,21447,52.50095974,55.45183695,5.090000152587891,A1V
59819,106661,184.00097886,14.89914477,5.090000152587891,A3V
77660,141851,237.81519764,-3.09042957,5.090000152587891,A3Vn
113788,217782,345.6514039,42.7578062,5.090000152587891,A3Vn
20522,27820,65.96599009,9.46098377,5.099999904632568,A3V
6960,9132,22.40041765,-21.62934677,5.110000133514404,A0V
35406,57219,109.65913632,-36.74274935,5.110000133514404,A0V
90191,169702,276.05750733,39.50724983,5.110000133514404,A3IVn
91875,172777,280.94558795,-38.32331062,5.110000133514404,A0/A1V
8882,11753,28.59191795,-42.49688104,5.119999885559082,A3V
56250,100262,172.95336415,-59.51564932,5.119999885559082,A3Ia
6061,7804,19.4499337,3.61452038,5.130000114440918,A3V
11477,15427,37.00704179,-33.81105246,5.130000114440918,A2/A3V
84887,157198,260.2259101,24.49943984,5.130000114440918,A2V
16322,21686,52.60198294,11.33648129,5.139999866485596,A0Vn
17886,23848,57.3862602,33.09138142,5.139999866485596,A3V
34105,54118,106.07632905,-56.7497313,5.139999866485596,A0p:
39567,66664,121.2687908,13.11837053,5.139999866485596,A1V
64906,115735,199.56058516,49.68201519,5.139999866485596,A0V
78105,142629,239.2228396,-33.96602225,5.139999866485596,A3V
67244,119921,206.73483886,-36.25190473,5.150000095367432,A0V
102531,197963,311.66194885,16.12462394,5.150000095367432,A2Ia+...
11060,14489,35.58930899,55.84565637,5.159999847412109,A2Ia
13717,18331,44.15602146,-3.71221461,5.159999847412109,A3Vn
90887,170642,278.08877815,-39.70390941,5.159999847412109,A3V
105570,203562,320.72325739,6.81111338,5.159999847412109,A3V
2381,2696,7.59446346,-23.78771429,5.170000076293945,A3V
20507,27861,65.92033483,-3.74533244,5.170000076293945,A2V
58188,103632,179.00409802,-17.15080863,5.170000076293945,A0V
60514,107966,186.07724865,26.09861325,5.170000076293945,A3V
2225,2421,7.05660466,44.39448925,5.179999828338623,A2Vs
22833,31283,73.69544409,11.42597336,5.179999828338623,A3V
101260,196502,307.87666197,74.95465942,5.179999828338623,A0p...
42425,74405,129.77136771,-70.38665235,5.190000057220459,A0V
77277,141653,236.66647764,62.59969448,5.190000057220459,A2IV
111797,214734,339.6627275,63.5845212,5.190000057220459,A3IV
115404,220278,350.66291976,-15.03938012,5.190000057220459,A3V
19949,26764,64.17960437,53.61180318,5.199999809265137,A2Vn
27971,39220,88.74093802,59.88841219,5.199999809265137,A2V
32104,48097,100.60134402,17.64551421,5.199999809265137,A2V
5300,6767,16.94927201,-41.48693516,5.210000038146973,A3V
28296,40446,89.70658741,0.55297359,5.210000038146973,A1Vs
13874,18543,44.67538999,-2.78272383,5.21999979019165,A2IV
31119,46089,97.9512018,11.5443434,5.21999979019165,A3V
92405,174602,282.47052043,32.55108873,5.21999979019165,A3V
17717,23878,56.91508473,-23.87479582,5.239999771118164,A1V
17954,23985,57.57881165,25.57964862,5.239999771118164,A2V
25197,34787,80.86594376,57.54453138,5.239999771118164,A0Vn
35393,57240,109.63966607,-39.21030701,5.239999771118164,A0V
42334,73495,129.46736838,-26.25497008,5.239999771118164,A0V
10559,13869,33.98456296,33.35897589,5.25,A0V
13141,17848,42.2556956,-62.80659207,5.25,A2V
37921,62832,116.56757952,10.76831128,5.25,A1Vnn
31434,46553,98.80025751,28.02234399,5.260000228881836,A0Vnn
10320,13709,33.22691696,-30.72384252,5.269999980926514,A0V
36760,60107,113.4020791,15.82669239,5.269999980926514,A1Vn
48682,85795,148.92919035,49.81979501,5.269999980926514,A3III
83313,154029,255.40149728,33.56826922,5.269999980926514,A3IV
32921,49908,102.88770733,21.76123162,5.28000020980835,A2V
41003,71576,125.51884143,-73.40005893,5.28000020980835,A0/A1IV/V
43142,74988,131.81253189,-1.89705972,5.28000020980835,A3V
45581,80951,139.35504716,-74.89439024,5.28000020980835,A1V
74596,135502,228.62168817,29.16422593,5.28000020980835,A2V
98103,188728,299.05930285,11.42370978,5.28000020980835,A1IV
110618,211998,336.14329493,-72.25377388,5.28000020980835,A3V: + F9V
9312,11946,29.90828959,64.62163894,5.289999961853027,A0Vn
10793,14252,34.73745342,28.64267411,5.289999961853027,A2V
22287,30121,72.00090298,56.75753919,5.289999961853027,A3m
60904,108662,187.22799077,25.91288804,5.289999961853027,A0p
12489,16628,40.17097186,27.06100903,5.300000190734863,A3V
21928,29722,70.72624534,43.36526451,5.300000190734863,A1Vn
32411,49048,101.49750507,-14.79608441,5.300000190734863,A1IV/V
34802,55719,108.06592133,-40.49877843,5.300000190734863,A3p...
47479,84121,145.17751102,-57.98357162,5.300000190734863,A3IV
56034,99787,172.26734378,39.33694235,5.300000190734863,A2V
104365,201184,317.1400538,-21.19352539,5.300000190734863,A0V
10819,14212,34.82019851,47.37998782,5.309999942779541,A1V
37701,61931,116.01744892,50.43386115,5.309999942779541,A0IIIn
57562,102510,176.97888233,8.24586534,5.309999942779541,A1
5518,6829,17.66360631,68.77868759,5.320000171661377,A0Vnn
26126,36777,83.5699587,3.76693355,5.320000171661377,A2V
52911,93702,162.31430258,10.54526139,5.320000171661377,A2V
73049,131625,223.93622772,-33.85578004,5.320000171661377,A0V
97749,187474,297.96079231,-39.87433805,5.320000171661377,A0p
5131,6456,16.42053152,21.4732162,5.329999923706055,A1Vn
39734,67456,121.82519225,-20.55434589,5.329999923706055,A3Ib/II
20186,27309,64.90286245,21.77359174,5.340000152587891,A0p Si
58884,104878,181.1622784,-68.32889673,5.340000152587891,A0V
59184,105416,182.0613737,-48.69247036,5.340000152587891,A1V
76866,140160,235.44746556,12.84753869,5.340000152587891,A0p Sr
96288,184875,293.67190527,42.41258465,5.340000152587891,A2V
52638,93152,161.46630065,30.68240198,5.360000133514404,A1Vn
58510,104181,179.98718202,3.65521716,5.360000133514404,A1V
84821,157087,260.04094409,25.53764398,5.360000133514404,A3III
54746,97495,168.13810684,-49.10107805,5.369999885559082,A2III
92112,175286,281.59276611,75.43379735,5.369999885559082,A1Vn
20264,27616,65.16248826,-20.63959902,5.380000114440918,A0V
24799,34452,79.7500805,33.74846576,5.380000114440918,A0p...
38722,64648,118.91626746,19.88406657,5.380000114440918,A0Vs
62572,112028,192.30750199,83.41285818,5.380000114440918,A1IIIsh
70931,126983,217.58746947,-49.51892657,5.380000114440918,A1V
73095,131562,224.07177099,-52.80956707,5.380000114440918,A2III
13202,17729,42.47562958,-27.94203549,5.389999866485596,A1V
29850,43525,94.27756971,9.94253598,5.389999866485596,A2V
39538,64486,121.19660915,79.47974268,5.389999866485596,A0p...
56391,100493,173.40526595,-40.58670322,5.389999866485596,A2IV/V
71618,129002,219.70950726,44.40454503,5.389999866485596,A1V
96302,184759,293.71216081,29.46291111,5.389999866485596,A0V+...
101483,195943,308.48748693,13.02720146,5.389999866485596,A3IVs
105966,204414,321.91679163,27.60854356,5.389999866485596,A1V
17854,23277,57.30708659,70.87120237,5.400000095367432,A2m
26536,37269,84.65874822,30.49244147,5.400000095367432,A2V + GIII
54849,97585,168.43991709,-0.06950857,5.400000095367432,A0V
65728,117376,202.1132421,59.94570301,5.400000095367432,A1Vn
93526,176984,285.7270496,-3.69900363,5.400000095367432,A1V
93713,178207,286.22987335,53.39660317,5.400000095367432,A0Vn
3544,4222,11.32168124,55.2214087,5.409999847412109,A2Vs
97646,186957,297.68657002,-59.19363715,5.409999847412109,A0IV
101800,196544,309.45456696,11.37769664,5.420000076293945,A2V
23983,33254,77.33168451,9.82959768,5.429999828338623,A2m
54173,96146,166.22587294,-35.804689,5.429999828338623,A0V
54477,96819,167.18353198,-28.08061647,5.429999828338623,A1V
117447,223385,357.20906201,62.21451996,5.429999828338623,A3Ia comp
47204,83520,144.3028174,-53.66848607,5.440000057220459,A2/A3V
52737,93397,161.71693697,-17.29683026,5.440000057220459,A3V
78893,145454,241.5822169,67.80998136,5.440000057220459,A0Vn
79963,146667,244.82350183,-42.67394008,5.440000057220459,A3Vn
44405,77350,135.68444595,24.45293256,5.449999809265137,A0III
59394,105850,182.76617138,-23.60237239,5.449999809265137,A1V
108294,208321,329.09495119,-37.25363145,5.449999809265137,A3V
111056,213798,337.47070072,78.82433733,5.449999809265137,A3V
24902,34557,80.0611822,41.08633916,5.460000038146973,A3V
27196,38104,86.47520331,49.82628283,5.460000038146973,A0p...
28943,41841,91.63376334,-23.11077641,5.460000038146973,A2V
35180,56405,109.06075146,-15.58565483,5.460000038146973,A1V
66634,119024,204.87741499,52.92107136,5.460000038146973,A3Vn
92308,173715,282.21029394,-43.67999681,5.460000038146973,A2Vn
42080,72037,128.6507805,65.14527349,5.46999979019165,A2m
43325,75630,132.41319515,-40.32015599,5.46999979019165,A2/A3IV
52004,92207,159.36281779,-58.73334704,5.46999979019165,A0Ia
60044,107193,184.70860512,75.1605502,5.46999979019165,A1V
61071,108945,187.75236725,24.56718941,5.46999979019165,A2pvar
90133,167468,275.90182621,-75.04432557,5.46999979019165,A0V
61318,109309,188.44498858,-9.45207768,5.480000019073486,A0V
82402,151956,252.58062783,7.24770528,5.480000019073486,A3m
29150,42301,92.24111381,-22.42728352,5.489999771118164,A0V
50303,88960,154.06033082,29.31055982,5.489999771118164,A0Vn
93667,177074,286.10439624,-31.04703255,5.489999771118164,A0V
116611,222133,354.48655342,18.40062425,5.489999771118164,A1Vn
4852,6178,15.60990729,-31.55204219,5.5,A1/A2IV
9570,12471,30.7415286,33.28415151,5.5,A2V
29064,42303,91.97028171,-42.1540013,5.5,A0V
76106,138413,233.152971,-19.67036366,5.5,A2IV
41451,72337,126.81994813,-70.09359517,5.510000228881836,A0V
82480,152127,252.85391115,1.21598136,5.510000228881836,A2Vs
99404,191747,302.63968695,26.90413736,5.510000228881836,A3III
24555,34203,79.01724675,11.34136954,5.519999980926514,A0V
41152,70313,125.95220483,53.21995142,5.519999980926514,A3V
22028,30127,71.033124,-18.66654311,5.53000020980835,A1V
25853,36473,82.7817652,-20.86355455,5.53000020980835,A0V
30651,44691,96.60776525,56.2850437,5.53000020980835,A3m
49065,87971,150.18293561,-82.21474569,5.53000020980835,A0IV
58159,103578,178.91886481,15.64680922,5.53000020980835,A3V
69658,124683,213.85047098,-18.20066197,5.53000020980835,A0V
78436,143459,240.19850629,-8.41132413,5.53000020980835,A0Vs
109745,211096,333.45491277,45.44060328,5.53000020980835,A0III
25143,34904,80.70968545,41.02925326,5.539999961853027,A3V
57013,101615,175.33273307,-43.09567719,5.539999961853027,A0V
97765,187982,298.00664208,24.99217156,5.539999961853027,A1Iab
108339,208565,329.23495325,12.07652564,5.539999961853027,A2Vnn
5132,6457,16.42365838,21.46547318,5.550000190734863,A0Vn
116354,221756,353.65646146,40.23655244,5.550000190734863,A1III
5310,6695,16.98795829,20.73932115,5.559999942779541,A3V
25608,36187,82.06386207,-37.2309313,5.559999942779541,A0V
47717,84461,145.92625551,-53.89136176,5.559999942779541,A0V
66753,117374,205.23406365,-85.78599228,5.559999942779541,A2m...
70492,125835,216.27641298,-68.19532385,5.559999942779541,A3Ib
97961,188485,298.62942212,24.31939041,5.559999942779541,A0III
110935,212728,337.15600483,-67.48888731,5.559999942779541,A3V
114822,219402,348.89277051,-3.49637244,5.559999942779541,A3V
7965,10221,25.5851851,68.04304624,5.570000171661377,A0p SiSr
51685,91365,158.3788815,34.98870207,5.570000171661377,A2Vn
61968,110423,190.48816539,6.80664416,5.570000171661377,A2V
76996,137333,235.81708657,-84.46550807,5.570000171661377,A2V
77163,140775,236.34778279,5.44732255,5.570000171661377,A1V
82925,152849,254.20015918,-23.15032178,5.570000171661377,A0V
102633,198069,311.95136711,6.00824104,5.570000171661377,A0V
107517,207052,326.63366745,-11.36593201,5.570000171661377,A1V
108845,209515,330.73615775,44.64994158,5.570000171661377,A0IV
5164,6530,16.52137513,-9.83936845,5.579999923706055,A1V
10732,14191,34.53144339,19.90116135,5.579999923706055,A1Vn
40944,70442,125.33843502,-20.07901245,5.579999923706055,A3V
100108,193369,304.61927485,36.9997539,5.579999923706055,A2V
31457,47144,98.85093436,-36.77993005,5.590000152587891,A0V
58427,104035,179.69861981,-64.33955671,5.590000152587891,A3Ib
73841,133962,226.35788174,48.15090031,5.590000152587891,A1V
94727,180482,289.12926242,4.83482079,5.590000152587891,A3IV
96178,183806,293.34014279,-45.27168903,5.590000152587891,A0p
5626,6798,18.06878934,79.67397492,5.599999904632568,A3V
6514,8374,20.91898254,37.71499034,5.599999904632568,A1m
17460,23193,56.13082016,36.46020384,5.599999904632568,A2m
66198,118214,203.53052101,55.34844976,5.599999904632568,A0V
95560,182919,291.55518356,20.09782036,5.599999904632568,A0V
97980,188350,298.68655124,0.27365959,5.599999904632568,A0III
100469,193571,305.61449749,-42.04934895,5.599999904632568,A0V
15154,20149,48.83519839,30.55667481,5.610000133514404,A1Vs
23554,32667,75.97189741,-24.38805735,5.610000133514404,A2IV
45920,81157,140.45878607,-55.51487092,5.610000133514404,A3IVs...
52965,93905,162.48769199,-34.05819988,5.610000133514404,A1V
87044,161833,266.78349746,17.69704078,5.610000133514404,A1V
7345,9672,23.65717247,-15.6763527,5.619999885559082,A1V
42795,74228,130.8013968,12.6808708,5.619999885559082,A3V+...
114132,218242,346.72333274,-38.89230672,5.619999885559082,A0V
40834,71066,125.0023296,-71.50546247,5.630000114440918,A0p
42917,74521,131.18768592,10.08171256,5.630000114440918,A1p...
52407,92845,160.68003687,-32.71567314,5.630000114440918,A0V
64003,113852,196.72595485,-35.86182329,5.630000114440918,A0V
77984,142445,238.87542764,-26.26592073,5.630000114440918,A3V
90541,169853,277.11297477,-38.9955695,5.630000114440918,A2m...
100907,195050,306.89281213,38.44052275,5.630000114440918,A3V
107575,207203,326.80815996,2.68613092,5.630000114440918,A1V
3572,4161,11.4129637,74.9881262,5.639999866485596,A2IV
20484,27749,65.8541598,16.77732694,5.639999866485596,A1m
25280,35505,81.11861918,-16.97574213,5.639999866485596,A0V
47701,84107,145.88863057,29.97472479,5.639999866485596,A2IV
83187,153053,255.02619645,-54.59700158,5.639999866485596,A3V
96406,184552,294.00687266,-24.71901737,5.639999866485596,A1m...
96807,185762,295.18047034,-0.6212928,5.639999866485596,A3IV
100591,193807,305.97161225,-42.42290463,5.639999866485596,A3V
28484,41214,90.20499138,-51.21655276,5.650000095367432,A1m...
39213,65900,120.30795569,4.87977849,5.650000095367432,A1V
85290,158460,261.4223484,60.04834069,5.650000095367432,A1Vn
9990,12953,32.16908619,58.42360489,5.659999847412109,A1Ia
21823,29526,70.35037233,48.30098864,5.659999847412109,A0V
25001,34790,80.30286824,29.56988462,5.659999847412109,A1Vs
39957,68434,122.39013231,-56.08547484,5.659999847412109,A3m...
50520,89715,154.77133097,-64.67628786,5.659999847412109,A1V
84150,155259,258.06756446,-39.50677484,5.659999847412109,A0/A1V
85790,159139,262.95655998,28.40743646,5.659999847412109,A1V
111809,214484,339.71443125,-33.08138295,5.659999847412109,A0V
21295,28978,68.53448353,5.56863495,5.670000076293945,A2Vs
41242,71141,126.22998546,-23.15381698,5.670000076293945,A1III/IV
51802,91636,158.75912532,8.65043904,5.670000076293945,A2V
102962,198160,312.91001311,-62.42921513,5.670000076293945,A2
22699,30823,73.19902284,42.58662591,5.679999828338623,A3III
57741,102878,177.61368682,-62.6493833,5.679999828338623,A3Iab
60957,108765,187.43009821,20.89618496,5.679999828338623,A3V
65198,116160,200.42366137,2.0873706,5.690000057220459,A2V
66065,117716,203.14984195,-28.6927144,5.690000057220459,A0/A1V
98633,189741,300.49407171,-13.63724241,5.690000057220459,A1IV
107253,206774,325.85677886,38.28360055,5.690000057220459,A0V
108060,208108,328.40569599,19.66838008,5.690000057220459,A0Vs
7941,10538,25.51256331,-36.83226421,5.699999809265137,A0V
29151,42111,92.24126844,2.49972675,5.699999809265137,A3Vn
54487,96738,167.20451678,24.6584498,5.699999809265137,A3IV
67848,121409,208.46267613,53.7286921,5.699999809265137,A0V
74380,134482,227.99068761,-48.74357642,5.699999809265137,A3IV
111242,214035,338.06781235,76.22646833,5.699999809265137,A2V
48613,86087,148.7136023,-50.24397661,5.710000038146973,A0V
62541,111397,192.22581729,14.12263297,5.710000038146973,A1V
62732,111613,192.82492384,-60.32978611,5.710000038146973,A2Iab
77336,141187,236.82230086,14.11527157,5.710000038146973,A3V
16168,21402,52.08616659,33.80769703,5.71999979019165,A2V
20400,27628,65.51437351,14.07725051,5.71999979019165,A3m
27316,38545,86.80478979,14.48842452,5.71999979019165,A3Vn
28909,42525,91.53900939,-66.03968885,5.71999979019165,A0V
35029,56455,108.69177379,-46.84967225,5.71999979019165,A0p
42146,72968,128.86754708,-7.98233083,5.71999979019165,A1spe...
109831,211211,333.68471113,42.95396372,5.71999979019165,A2Vnn
21819,29646,70.33223225,28.61506693,5.730000019073486,A2V
26966,38206,85.84024542,-18.55744324,5.730000019073486,A0V
44923,78702,137.26770246,-18.32859911,5.730000019073486,A0/A1V
66727,119055,205.16874236,19.955663,5.730000019073486,A1V
78661,145622,240.88081682,76.79388926,5.730000019073486,A3V
95656,183534,291.85821062,52.32050263,5.730000019073486,A1V
107162,206644,325.59558607,41.07702304,5.730000019073486,A0V
12640,16811,40.59134429,20.0115769,5.739999771118164,A0V
44504,77309,136.00167862,54.28387681,5.739999771118164,A2V
72250,129858,221.62094963,-47.44107999,5.739999771118164,A1V
90991,171130,278.41251698,-14.85359142,5.739999771118164,A0/A1V
91315,172728,279.38963009,62.52646287,5.739999771118164,A0V
22936,31134,74.02948687,52.86971717,5.75,A2Vs
46657,82383,142.69200638,-31.88917107,5.75,A0
59229,105509,182.22432744,-44.32588609,5.75,A3III
65466,116706,201.27785348,23.85443816,5.75,A3IV
80375,148330,246.10552808,55.2050456,5.75,A2svar...
85185,157740,261.13137304,16.30107639,5.75,A3V
86782,161693,265.99651272,53.80175482,5.75,A2V
102208,199095,310.64624921,82.53110584,5.75,A0V
42090,72524,128.68293147,36.41971903,5.760000228881836,A2Vnn
62576,111469,192.32296815,27.55232611,5.760000228881836,A2V
68276,121996,209.66220328,21.69632104,5.760000228881836,A0Vs
78045,142139,239.02482214,-60.48230498,5.760000228881836,A3V
86254,160181,264.37957747,24.3099689,5.760000228881836,A2Vn
90762,170878,277.76861912,16.92860639,5.760000228881836,A2V
91322,171978,279.39981039,-0.30942411,5.760000228881836,A2V
100097,193592,304.6031586,55.3971705,5.760000228881836,A2Vs
105696,203585,321.10332831,-41.00669489,5.760000228881836,A0III
56078,99922,172.41103268,-24.46405831,5.769999980926514,A0V
76376,139493,233.9878239,54.63056806,5.769999980926514,A2V
81641,150378,250.16119601,4.21981484,5.769999980926514,A1V
106393,205314,323.23574046,49.97760064,5.769999980926514,A0V
15876,20995,51.12366306,33.53601771,5.78000020980835,A0V
29388,42126,92.90241065,48.71112468,5.78000020980835,A3V+...
30463,45557,96.05783068,-60.28139797,5.78000020980835,A0V
50078,88842,153.36685079,-51.75580487,5.78000020980835,A3IV/V
61498,109573,189.00447532,-39.86944684,5.78000020980835,A0V
85699,166926,262.69570753,86.96802383,5.78000020980835,A2m
86552,160263,265.31763202,-46.92181116,5.78000020980835,A0V
15192,20041,48.94988581,57.14062522,5.789999961853027,A0Ia
23088,31592,74.53906826,25.05052129,5.789999961853027,A0V
28899,41843,91.52304862,-29.75852227,5.789999961853027,A1V
52478,92728,160.93048735,57.19932851,5.789999961853027,A0Vs
54561,97023,167.47242253,-32.36745668,5.789999961853027,A1V
63414,112846,194.91477267,-3.81194179,5.789999961853027,A3V
78649,144208,240.83066182,36.63181986,5.789999961853027,A2V+...
88817,166046,271.9562881,26.09726716,5.789999961853027,A3V
91118,171623,278.80245637,18.20339202,5.789999961853027,A0Vn
95793,183324,292.25411887,1.95052861,5.789999961853027,A0V
110578,212404,336.02861939,-4.83700102,5.789999961853027,A0V
113048,216608,343.4173281,44.74920148,5.789999961853027,A3m
4267,5267,13.64674999,19.18843611,5.800000190734863,A1Vn
19571,26591,62.90073099,-20.35627812,5.800000190734863,A1V + (F/G)
28855,41759,91.36320378,-35.51368651,5.800000190734863,A0V
33248,51055,103.76140934,-20.40485094,5.800000190734863,A2V
42028,72660,128.50682149,-2.15160482,5.800000190734863,A1V
49764,88473,152.37583168,-68.68283264,5.800000190734863,A0IV
52980,93903,162.57524733,-8.89772694,5.800000190734863,A3m
76878,140232,235.47815864,18.46389861,5.800000190734863,A2m
79757,146738,244.18654828,29.1503022,5.800000190734863,A3V
85998,159480,263.65287832,9.58672378,5.800000190734863,A2V
24732,33541,79.55521962,73.26813649,5.809999942779541,A0V
67143,119752,206.40390701,-26.11598461,5.809999942779541,A0V
90342,169981,276.49488169,29.82898959,5.809999942779541,A2IV
22573,31093,72.86749463,-34.906232,5.820000171661377,A2/A3V
31173,46052,98.11334517,32.45494059,5.820000171661377,A3m + A3m
92027,173495,281.36814952,5.50012301,5.820000171661377,A1V
36812,60357,113.56622524,3.37173632,5.829999923706055,A0Vnn
71573,128998,219.56335468,54.02338576,5.829999923706055,A1V
80351,147869,246.04511352,6.94817146,5.829999923706055,A2sp...
88818,166045,271.95651031,26.10122114,5.829999923706055,A3V
110787,213403,336.67685952,78.78594317,5.829999923706055,A2m
34758,55344,107.92337859,-20.88311563,5.840000152587891,A0IV/V
36721,60345,113.29074012,-24.71078019,5.840000152587891,A3III
91461,171819,279.80946248,-47.90980354,5.840000152587891,A3V
59608,106251,183.35831031,10.26236039,5.849999904632568,A2m
66798,119476,205.37423739,64.82243969,5.849999904632568,A2V
77370,141675,236.90797351,55.37661523,5.849999904632568,A3m
111643,214150,339.24508293,-40.59086511,5.849999904632568,A1V
45585,80950,139.36514198,-74.73467629,5.860000133514404,A0V
77541,141194,237.48967022,-48.91238226,5.860000133514404,A2IV
27533,39190,87.47295636,-22.97192372,5.869999885559082,A1V
30666,45320,96.66496281,-1.50726444,5.869999885559082,A3Vn
31665,46590,99.40999549,56.85750718,5.869999885559082,A2V
52841,93657,162.05888249,-31.68785403,5.869999885559082,A1V
62641,111604,192.54502356,37.51688446,5.869999885559082,A3V
86847,160928,266.17502411,-42.72930009,5.869999885559082,A2/A3IV/V
1493,1439,4.65924059,31.51723388,5.880000114440918,A0IV
26865,38090,85.5581599,-22.37373687,5.880000114440918,A2/A3V
29852,43940,94.28988535,-37.25344284,5.880000114440918,A2V
61558,109704,189.19737813,-5.8318511,5.880000114440918,A3V
13121,17471,42.19112221,25.18807322,5.889999866485596,A0V
41081,71043,125.72991589,-52.12377702,5.889999866485596,A0V
43121,74873,131.73357081,12.11007629,5.889999866485596,A1V
44307,77104,135.35053849,32.25229474,5.889999866485596,A2V
58103,103516,178.75009496,-63.27917897,5.889999866485596,A3Ib
65241,116235,200.54054052,5.15485074,5.889999866485596,A2m
92117,173654,281.61909463,-0.96163956,5.889999866485596,A2m
92312,174262,282.22240149,19.32877145,5.889999866485596,A1V
97229,186689,296.41631572,7.61315784,5.889999866485596,A3IV
103460,199443,314.41922341,-16.03154355,5.889999866485596,A2/A3III
114745,219485,348.65423592,74.23125488,5.889999866485596,A0V
116918,222602,355.48627544,7.25064591,5.889999866485596,A3Vn
330,225180,1.05693212,62.2876646,5.900000095367432,A1III
39251,66358,120.40636615,-37.28373201,5.900000095367432,A3IV
46460,82406,142.12749104,-66.70198874,5.900000095367432,A0V
51556,91130,157.96401631,32.3795376,5.900000095367432,A0IV
73087,131951,224.0551584,14.44626586,5.900000095367432,A0V
97122,187340,296.0766734,69.33711857,5.900000095367432,A2III
101067,195324,307.33495238,36.45473284,5.900000095367432,A1Ib
14109,18769,45.47562665,26.46234187,5.909999847412109,A3m
17618,23738,56.61426555,-29.33816606,5.909999847412109,A2V
20380,27322,65.46592207,56.50630039,5.909999847412109,A3V
21452,28780,69.10096877,64.26162001,5.909999847412109,A1V
49812,88195,152.53149046,-8.40816325,5.909999847412109,A1V
64466,114570,198.20319288,-66.22676607,5.909999847412109,A0V(n)
82350,151862,252.39447601,13.2611997,5.909999847412109,A1V
83478,154228,255.91381185,13.60542885,5.909999847412109,A1V
102487,197725,311.54155712,-21.51399111,5.909999847412109,A1V
116323,221675,353.5373106,-1.24753498,5.909999847412109,A2m
25471,35520,81.70334709,34.39182774,5.920000076293945,A1p
42265,73143,129.27410956,9.65559645,5.920000076293945,A3V
62561,112014,192.2782968,83.41779443,5.920000076293945,A0V
66247,118054,203.66866043,-13.21430591,5.920000076293945,A0V
67292,119938,206.86493683,-50.24932136,5.920000076293945,A3m...
80991,149650,248.10689767,60.82334694,5.920000076293945,A2V
636,319,1.94523194,-22.50847542,5.929999828338623,A1V
18723,25371,60.1692644,-30.49070974,5.929999828338623,A1V
25790,36162,82.60905551,15.3605429,5.929999828338623,A3Vn
69995,125283,214.84964562,-37.00280675,5.929999828338623,A1V
77086,140285,236.09453394,-41.81901826,5.929999828338623,A0V + B
87813,163336,269.07933864,-15.81236072,5.929999828338623,A0V
8593,11413,27.72699465,-50.20612713,5.940000057220459,A1V
32938,50445,102.92687429,-36.230126,5.940000057220459,A3V
70384,126200,216.00366765,8.24400431,5.940000057220459,A3V
82902,152527,254.12000822,-52.28364331,5.940000057220459,A0III
85382,158261,261.69235534,34.69569698,5.940000057220459,A0V
101123,195094,307.47454931,-18.58298474,5.940000057220459,A1V
16664,22091,53.61093,24.46447543,5.949999809265137,A3V
27713,39421,88.03221102,-9.04197853,5.949999809265137,A2Vn
37478,61887,115.39648613,3.6248275,5.949999809265137,A0V
42147,73072,128.86967445,-26.84353277,5.949999809265137,A1V+...
60595,108107,186.29917028,-11.61051268,5.949999809265137,A1V
87875,163624,269.26792871,0.06668731,5.949999809265137,A3V
93862,177406,286.73164713,-48.29911462,5.949999809265137,A0V
116714,222386,354.79233254,75.29284842,5.949999809265137,A3V
117500,223461,357.41396883,28.84232813,5.949999809265137,A2m
118092,224361,359.33241721,-62.95661191,5.949999809265137,A2p
34002,52913,105.82470567,9.13834729,5.960000038146973,A3Vs
41328,71267,126.48165253,-14.9297554,5.960000038146973,A3m...
45590,79763,139.37985665,46.81719916,5.960000038146973,A1V
74696,135235,228.97358944,-48.07364079,5.960000038146973,A3m
4572,5550,14.62916229,66.35182541,5.96999979019165,A0III
15334,20346,49.4405722,39.28341373,5.96999979019165,A2IV
28110,39985,89.11681496,9.50941963,5.96999979019165,A0IV
106340,204854,323.06072952,-33.94461293,5.96999979019165,A2V
16339,21981,52.65374344,-47.3751741,5.980000019073486,A2V
16599,21819,53.41292455,54.97486087,5.980000019073486,A3V
24831,34868,79.84869643,-27.3688642,5.980000019073486,A0V
51623,91533,158.19923561,-58.66675023,5.980000019073486,A2Iab
52827,93737,162.0225662,-59.91916925,5.980000019073486,A0Ia
68498,122365,210.33504074,8.89490924,5.980000019073486,A2V
83693,154310,256.58414643,-37.22753062,5.980000019073486,A2IV
89156,166988,272.93796497,33.44702748,5.980000019073486,A3V
31876,47575,99.94885571,12.98280259,5.989999771118164,A2V
75256,137389,230.65519206,62.04716944,5.989999771118164,A0sp...
81992,150894,251.25086797,-28.50965621,5.989999771118164,A3IV
82806,152082,253.85282694,-63.26962566,5.989999771118164,A0III
90052,169111,275.64713837,12.02964433,5.989999771118164,A2V
115806,220933,351.91820403,25.1673687,5.989999771118164,A0MNp...
116768,222377,354.97911505,9.67732079,5.989999771118164,A2m
9564,12279,30.71872421,64.90149425,6.0,A1Vn
29808,43847,94.14833028,-39.26434877,6.0,A2Vm...
51194,90874,156.85583147,-65.7047139,6.0,A2V
51200,90470,156.86699226,41.60121201,6.0,A2V
62983,112131,193.57809243,-11.64859567,6.0,A2V
84631,156653,259.52055177,17.31791351,6.0,A1V
91525,172883,279.97003869,52.19602352,6.0,A0p...
8475,11031,27.31483954,47.89695175,6.010000228881836,A3V
17007,22789,54.69857269,-27.94311708,6.010000228881836,A0V
31758,47561,99.64763095,-16.87348646,6.010000228881836,A0IV
37394,61749,115.14796501,-8.18535824,6.010000228881836,A3IV
39122,66210,120.06132736,-48.98161594,6.010000228881836,A2V
51213,90569,156.91244127,9.7624114,6.010000228881836,A0sp...
54136,95934,166.13033202,38.2413615,6.010000228881836,A3III-IV
85333,157978,261.57920731,7.59566929,6.010000228881836,A0...
39261,65339,120.42705665,60.32440752,6.019999980926514,A2p...
43620,76346,133.26584378,-56.64957371,6.019999980926514,A0V
45481,80057,139.016808,-44.89873417,6.019999980926514,A1Ib+...
48414,85504,148.05112987,2.4538989,6.019999980926514,A0Vs
55564,98772,170.71354405,64.33042692,6.019999980926514,A3V
61936,110462,190.39145671,62.71308183,6.019999980926514,A2III
67005,119765,205.97831455,52.06442748,6.019999980926514,A1V
79601,147321,243.63944201,73.39480814,6.019999980926514,A3V
81873,150026,250.84213946,-67.43231072,6.019999980926514,A0Vn
90759,170384,277.76229716,-41.91375727,6.019999980926514,A3V
94382,179648,288.15301833,21.55456041,6.019999980926514,A2Vn
102033,197120,310.15110122,29.8054475,6.019999980926514,A2V
106171,204965,322.58462074,52.95795802,6.019999980926514,A3V
15353,20888,49.49578856,-66.92688494,6.03000020980835,A3V
28154,39970,89.23382284,24.24969579,6.03000020980835,A0Ia
34780,56239,108.00825571,-63.1900541,6.03000020980835,A0IV/V
74000,134064,226.83476051,18.44194658,6.03000020980835,A3V
82259,151527,252.11243757,-14.90939987,6.03000020980835,A0IV/V
84792,156717,259.97230144,-17.75647881,6.03000020980835,A0V
95002,181383,289.97100182,11.53491074,6.03000020980835,A2V
101160,195325,307.57479631,10.89591574,6.03000020980835,A1sh
28520,40972,90.304605,-25.41771238,6.039999961853027,A0V
29371,42477,92.86630447,13.63860428,6.039999961853027,A0Vnn
52113,92245,159.71016955,-12.44364242,6.039999961853027,A0Vn
103777,200052,315.43862372,-26.88093351,6.039999961853027,A3V
110498,212495,335.7520726,62.41932818,6.039999961853027,A1V
10054,12467,32.35601743,81.29592818,6.050000190734863,A1V
30272,43812,95.51482583,59.37209783,6.050000190734863,A3V
30570,44927,96.38725983,23.327209,6.050000190734863,A2Vn
31859,47827,99.90092445,-23.69564336,6.050000190734863,A0V
41373,71722,126.60517431,-52.80750215,6.050000190734863,A0V
46328,82068,141.68408799,-64.9298568,6.050000190734863,A3Vn
51302,90763,157.18316638,-3.74231608,6.050000190734863,A1sp...
57646,102660,177.311522,16.24301299,6.050000190734863,A3m
58041,103400,178.54796472,-57.41019133,6.050000190734863,A0/A1III
59895,106819,184.26401068,-16.69374078,6.050000190734863,A2V
60851,108501,187.08046209,-64.34096078,6.050000190734863,A0Vn
81440,149911,249.50649344,-6.53799188,6.050000190734863,A0pe...
83100,153072,254.71772463,-37.62041528,6.050000190734863,A3III
83255,148542,255.24350817,-86.36429709,6.050000190734863,A2V
105432,203439,320.34136809,32.61276805,6.050000190734863,A1V
22842,31069,73.71343607,44.0609985,6.059999942779541,A0V
38319,63589,117.75987223,33.2336363,6.059999942779541,A2m
59898,106797,184.2765174,-65.69293557,6.059999942779541,A0V
70892,127304,217.45701807,31.7911712,6.059999942779541,A0Vs
83853,154895,257.05690056,-1.07937767,6.059999942779541,A3V
95167,184102,290.41767071,79.60289362,6.059999942779541,A3V
97892,188793,298.39741251,59.70852496,6.059999942779541,A3V
102989,198529,312.99481827,-33.17796029,6.059999942779541,A1IV
6522,8065,20.94506566,78.72604828,6.070000171661377,A0Iab
15870,21050,51.10881233,20.80351283,6.070000171661377,A1V
34768,55111,107.96412663,5.65471549,6.070000171661377,A1V
43002,74879,131.45541393,-25.38810636,6.070000171661377,A3IV/V
43822,76369,133.87335197,-7.97108917,6.070000171661377,A3
72308,129932,221.8024686,-52.20524925,6.070000171661377,A1III/IV
74493,134967,228.3300764,-19.64745418,6.070000171661377,A2V
82162,151431,251.79066579,2.06456336,6.070000171661377,A3V
83481,153791,255.92368071,-47.16058422,6.070000171661377,A2/A3V
104538,201616,317.63047657,10.04887979,6.070000171661377,A2Vs
107097,206538,325.3927861,40.80533757,6.070000171661377,A2V
53379,94660,163.75433505,-42.25109194,6.079999923706055,A0p...
81659,150483,250.21399582,12.39505668,6.079999923706055,A3Vn
97028,186440,295.78998146,30.67788039,6.079999923706055,A1V
101919,196821,309.79428967,21.81740583,6.079999923706055,A0III
17453,23258,56.11744538,20.9287701,6.090000152587891,A0V
18481,24817,59.25706793,6.04013209,6.090000152587891,A2Vn
20106,27411,64.65608026,-22.9698285,6.090000152587891,A3m...
25216,35189,80.90717601,16.6993516,6.090000152587891,A2IV
28686,41076,90.85322766,11.68107706,6.090000152587891,A0Vs
65783,117025,202.28326682,-64.67577724,6.090000152587891,A2m
79332,145647,242.86973483,16.66567858,6.090000152587891,A0V
79692,146254,243.9645463,-14.84911862,6.090000152587891,A0III
95929,183656,292.63797828,3.44440006,6.090000152587891,A0sh
23617,31590,76.16522092,74.0669938,6.099999904632568,A1V
26395,37306,84.28650077,-11.77546037,6.099999904632568,A2V
43351,76270,132.45890766,-72.5512595,6.099999904632568,A3m...
45184,79193,138.10856189,-7.10987965,6.099999904632568,A3m
57211,101995,175.970101,-62.87824289,6.099999904632568,A2III/IV
67714,120934,208.07662469,12.16515892,6.099999904632568,A1V
69623,124576,213.75532477,-29.28186854,6.099999904632568,A1V
96724,185837,294.93718392,33.97890836,6.099999904632568,A3IV
17181,22805,55.19293082,25.32952639,6.110000133514404,A2IV
20765,28312,66.73722642,-24.0812884,6.110000133514404,A3V
23511,32188,75.82765661,41.44165308,6.110000133514404,A2sh
49259,87363,150.83585305,-46.63616508,6.110000133514404,A0V
54742,97411,168.12660137,-18.49980038,6.110000133514404,A0V
55106,98088,169.24242347,-7.13470764,6.110000133514404,A2p...
62394,111164,191.80673093,11.95813254,6.110000133514404,A3V
78078,142703,239.13887891,-14.82935289,6.110000133514404,A2Ib/II
95965,183545,292.72515764,-21.31218388,6.110000133514404,A2V
109659,211300,333.21967953,73.30714314,6.110000133514404,A3V+...
1302,1185,4.08958566,43.59510616,6.119999885559082,A2V
29931,43683,94.52337933,14.3828485,6.119999885559082,A3V
50790,89911,155.55399807,-19.86659301,6.119999885559082,A0V
56253,99945,172.96282894,81.12717398,6.119999885559082,A2m
73068,132029,223.99429053,32.3000706,6.119999885559082,A2V
104756,203501,318.33997944,81.23096071,6.119999885559082,A3IV
105064,202923,319.25839686,53.9975975,6.119999885559082,A1V
3919,4778,12.57589036,45.00224079,6.130000114440918,A0p...
33079,50643,103.34102903,-18.93292926,6.130000114440918,A3III
39153,66255,120.12068883,-48.87177402,6.130000114440918,A0p
79102,145122,242.19434273,17.20571235,6.130000114440918,A0Vnn
87192,162161,267.19949521,19.25499439,6.130000114440918,A1V
90304,168740,276.38178872,-63.02128653,6.130000114440918,A3V
114187,218395,346.86557899,32.82537306,6.130000114440918,A3
13883,18557,44.69711267,-9.77646597,6.139999866485596,A2m
16303,21427,52.54554846,59.36606884,6.139999866485596,A2V
19177,25425,61.66171942,65.52085977,6.139999866485596,A3m
27731,38831,88.07189908,58.96413909,6.139999866485596,A0Vs
45167,79108,138.05379452,3.86698952,6.139999866485596,A0V
62788,111786,192.99153012,-26.7383519,6.139999866485596,A0III
68080,121336,209.0833012,-54.13237319,6.139999866485596,A1V
80455,147349,246.34229561,-63.12523806,6.139999866485596,A1V
93140,175892,284.60345583,-22.52952554,6.139999866485596,A1V
97242,186927,296.4639491,35.01276709,6.139999866485596,A2V+...
97970,188385,298.66743028,7.14035304,6.139999866485596,A2V
7050,9030,22.7167174,66.09811465,6.150000095367432,A2Vs
12775,17254,41.04414752,-52.57056106,6.150000095367432,A2V
26408,36570,84.31278375,64.15485121,6.150000095367432,A0V
29323,42536,92.75506934,-6.75419311,6.150000095367432,A0sp...
53771,95429,165.03474528,-51.81780645,6.150000095367432,A3III/IV
59950,106922,184.44706163,-36.09396124,6.150000095367432,A0V
69747,124931,214.12574343,-3.19622588,6.150000095367432,A1V
77111,140729,236.17562438,17.26421031,6.150000095367432,A0V
90012,168646,275.50055387,-28.42995389,6.150000095367432,A3III
98308,189900,299.61974056,63.53420204,6.150000095367432,A3V
100697,191220,306.22834017,-83.31063455,6.150000095367432,A2/A3m...
24451,33654,78.68447254,53.21394817,6.159999847412109,A0V
37720,63584,116.05456897,-69.82161624,6.159999847412109,A0IV/V
50755,89774,155.45967734,14.97580063,6.159999847412109,A1V
58642,104430,180.37190077,-57.50373759,6.159999847412109,A1V
59307,105686,182.51075478,-34.70473605,6.159999847412109,A0V
68637,122866,210.74906428,50.97182541,6.159999847412109,A2V
86831,161270,266.14203543,2.57940751,6.159999847412109,A1IV-V
90182,172864,276.0382524,83.17545653,6.159999847412109,A2V
98858,190781,301.11994393,48.22966326,6.159999847412109,A2IV
7115,9414,22.91256447,-45.57572379,6.170000076293945,A2V
24313,33266,78.26179051,61.85003527,6.170000076293945,A2III
34217,52859,106.41594546,52.75868505,6.170000076293945,A3Vs
35842,57744,110.86730662,22.94543651,6.170000076293945,A1V
57971,103266,178.36194168,-35.06657261,6.170000076293945,A2V
84479,156208,259.05939112,2.18624365,6.170000076293945,A2V
92669,174500,283.24957133,-46.58635607,6.170000076293945,A1IV/V
92676,174474,283.25984231,-48.36072714,6.170000076293945,A2V
102216,197734,310.66538279,60.60136196,6.170000076293945,A2IV
108281,208149,329.05849028,-57.89960642,6.170000076293945,A3m...
109205,210221,331.85662016,53.30744684,6.170000076293945,A3Ib
8115,10543,26.07464115,57.53666151,6.179999828338623,A3V
14551,19545,46.96168705,-27.8311011,6.179999828338623,A3V
22192,30422,71.60730189,-28.0874882,6.179999828338623,A2IV/V
25502,35693,81.80790759,15.257655,6.179999828338623,A1IV
25776,39780,82.55804936,-84.78521152,6.179999828338623,A1V
26862,38138,85.54826244,-30.53546199,6.179999828338623,A0V
28517,40588,90.29189835,31.03451677,6.179999828338623,A2V
37269,61219,114.80003143,24.22252771,6.179999828338623,A2V
41798,71906,127.83323549,37.2650151,6.179999828338623,A0V
50976,90630,156.18568628,-73.97175863,6.179999828338623,A2/A3V
63109,112304,193.97189424,-15.32702221,6.179999828338623,A0V
64933,115529,199.64538086,-51.28574682,6.179999828338623,A0V
67139,119786,206.3962214,-15.7674092,6.179999828338623,A0V
70680,126722,216.85176863,-6.1201914,6.179999828338623,A2IV
81840,151199,250.74334035,55.68992369,6.179999828338623,A2p...
82339,151676,252.36528942,-15.66800077,6.179999828338623,A3V
86809,161321,266.07186946,14.41003119,6.179999828338623,A3m
91843,173664,280.870866,53.87179692,6.179999828338623,A2IV
35345,56386,109.51705909,30.95592678,6.190000057220459,A0Vn
53702,96124,164.80901947,-84.59387348,6.190000057220459,A1V
67523,120455,207.52725777,-29.08124029,6.190000057220459,A0V
69818,125349,214.33817309,51.30739213,6.190000057220459,A2IV
94833,180782,289.45076722,2.03179581,6.190000057220459,A1Vn
106783,205811,324.43171388,6.61839615,6.190000057220459,A2V
109121,209993,331.55102489,45.24870296,6.190000057220459,A3V
109667,210739,333.23958651,-26.32772421,6.190000057220459,A3V
602,256,1.82613856,-17.38703103,6.199999809265137,A2IV/V
75939,138105,232.65103151,-20.72848221,6.199999809265137,A3V
94280,179583,287.8464799,40.42915794,6.199999809265137,A3V
105660,203858,321.03093362,25.31240151,6.199999809265137,A2V
12786,17168,41.08550087,-32.524662,6.210000038146973,A1V
39607,66684,121.40439059,27.52976278,6.210000038146973,A0V
56901,101369,174.9630975,-14.46851213,6.210000038146973,A0V
59851,106676,184.09947877,-72.61445993,6.210000038146973,A0V
60327,107655,185.54526433,24.77387685,6.210000038146973,A0V
65183,116061,200.37423861,-19.48928681,6.210000038146973,A2/A3V
75164,136334,230.39714378,-40.74941653,6.210000038146973,A1V
78445,143248,240.22374303,-40.43556029,6.210000038146973,A0V
93470,176425,285.53540308,-41.91047978,6.210000038146973,A0V
97971,187653,298.66854596,-61.170815,6.210000038146973,A3V
101213,195479,307.74206375,20.60600552,6.210000038146973,A1m
109939,211287,333.99922011,8.54959901,6.210000038146973,A1Vn
1123,952,3.50952703,33.20608481,6.21999979019165,A1V
30769,45394,96.98620696,20.49628855,6.21999979019165,A2Vs
40058,67959,122.74540846,14.62951511,6.21999979019165,A1V
73706,133994,225.99055401,65.91973604,6.21999979019165,A2Vs
86925,161695,266.41763106,31.50468387,6.21999979019165,A0Ib
91689,172546,280.46504286,-23.83335457,6.21999979019165,A3m...
100268,193702,305.06342626,39.40328172,6.21999979019165,A1V
106758,205765,324.39072099,-0.39049406,6.21999979019165,A2V
106818,205417,324.51168571,-64.82414493,6.21999979019165,A0/A1IV
5992,7916,19.26533831,-66.39789075,6.230000019073486,A0V
33126,50853,103.4810651,-24.53875948,6.230000019073486,A0V
33590,52362,104.67392127,-45.76758269,6.230000019073486,A0V
38723,64491,118.9202868,35.41274781,6.230000019073486,A3p
48584,85905,148.63262827,-22.48745326,6.230000019073486,A2/A3III
49900,88372,152.82398897,-7.31659367,6.230000019073486,A2Vn
56550,100826,173.92643343,-61.28787407,6.230000019073486,A0Ib
76063,138204,233.01760186,-38.62237167,6.230000019073486,A3III
94974,181960,289.90175662,54.37605672,6.230000019073486,A1V
107238,206546,325.80617707,-19.62093103,6.230000019073486,A0m...
10220,13372,32.85416096,31.52642246,6.239999771118164,A1m
35975,58439,111.21201745,-19.01228875,6.239999771118164,A2Ib/II
55130,98161,169.30025601,-38.0143894,6.239999771118164,A1V
84510,154972,259.14874621,-74.53288068,6.239999771118164,A0V
92386,174240,282.40493577,0.83623568,6.239999771118164,A1V
98872,191174,301.18547823,63.89011646,6.239999771118164,A2II-III
1193,1048,3.73279426,22.28425185,6.25,A1p
8148,10587,26.19229561,57.08922153,6.25,A2V
15125,20293,48.75115546,-26.10040647,6.25,A1V
15204,20210,49.00763108,34.68860876,6.25,A1m
16677,22243,53.65607976,-9.86827337,6.25,A2V
20498,27650,65.89916321,42.42799219,6.25,A1sp...
21110,28763,67.85775563,-13.64411979,6.25,A2/A3V
33584,51693,104.66221582,7.62235151,6.25,A3V
49689,88025,152.14769563,-15.61194678,6.25,A0V
74181,133792,227.35639755,-63.64288115,6.25,A0p
94932,181470,289.75478526,37.44531278,6.25,A0III
97697,187753,297.82386363,9.62994013,6.25,A1m
99585,191984,303.14634666,0.8671023,6.25,A0
13133,17138,42.23127335,69.63419857,6.260000228881836,A3V
23737,33875,76.53858384,-73.03782413,6.260000228881836,A0V
24512,34053,78.86525046,22.28487452,6.260000228881836,A2V
25303,35860,81.19288289,-52.31617828,6.260000228881836,A0V
26309,37286,84.04282744,-28.70800575,6.260000228881836,A2III/IV
52679,93502,161.57132204,-60.60289257,6.260000228881836,A0IV
62655,111519,192.58136431,-48.45955963,6.260000228881836,A0V
64520,114846,198.36186926,-18.8263809,6.260000228881836,A0V
65119,115995,200.17335581,2.94231688,6.260000228881836,A3V
76143,138488,233.28972685,-24.49034196,6.260000228881836,A3/5V +A9/F2
79463,145788,243.2358369,-4.22076069,6.260000228881836,A1V
88415,165358,270.78697484,48.46423648,6.260000228881836,A2V
94140,179933,287.44083917,65.97844349,6.260000228881836,A0V
111325,214019,338.31983037,70.37368142,6.260000228881836,A0V
116592,222098,354.41525906,16.82550399,6.260000228881836,A1V
3858,4772,12.38932382,-23.36210931,6.269999980926514,A3IV
19121,25910,61.48538995,-8.85608374,6.269999980926514,A3V
26071,36499,83.4092718,34.72560421,6.269999980926514,A3IV
54718,97413,168.04268745,-46.26677462,6.269999980926514,A1V
78840,144426,241.40805867,8.09624575,6.269999980926514,A3m
90256,169718,276.24358491,27.39481834,6.269999980926514,A2Vn
95398,182490,291.09198653,16.93775593,6.269999980926514,A2III-IV
113673,217498,345.34594456,-22.79083025,6.269999980926514,A2V
8771,11335,28.21140471,51.47485303,6.28000020980835,A3V
20772,27855,66.75360139,57.58533041,6.28000020980835,A0III
28019,39927,88.89740347,-4.78851544,6.28000020980835,A2III
29304,42834,92.66636995,-45.28200681,6.28000020980835,A0V
32020,47863,100.34143469,16.39766033,6.28000020980835,A1V
33297,50931,103.89428792,8.32428996,6.28000020980835,A0V
36796,60275,113.52075734,10.56811357,6.28000020980835,A1V
41208,67934,126.13794451,82.4308223,6.28000020980835,A2Vn
49967,88522,153.01198942,-28.60595499,6.28000020980835,A0V
56201,100198,172.81271949,-61.27846788,6.28000020980835,A3Iae
83594,154025,256.27246159,-45.50204313,6.28000020980835,A2V
87948,163433,269.49082375,-39.13646688,6.28000020980835,A0IV/V
90510,169938,277.02571606,-26.75715814,6.28000020980835,A3/A4V
99893,192934,304.01429331,38.89808634,6.28000020980835,A1V
109442,210419,332.58791064,-3.89397811,6.28000020980835,A1Vnn
111594,214085,339.12196771,-40.58251333,6.28000020980835,A3Vn
13768,18466,44.30380182,-29.85527529,6.289999961853027,A2/A3V:+...
16095,21379,51.82779564,12.73530724,6.289999961853027,A0Vs
16424,21620,52.87230329,49.2097738,6.289999961853027,A0Vn
36856,61031,113.66493572,-51.4745378,6.289999961853027,A1III/IV
75230,136831,230.59682931,12.56753162,6.289999961853027,A0V
83684,154418,256.54919394,-21.56440204,6.289999961853027,A1m...
110746,212643,336.54456634,-23.68244261,6.289999961853027,A0V
117774,223855,358.2697873,2.09065153,6.289999961853027,A1V
36019,55075,111.34154368,81.25753345,6.300000190734863,A0III
41404,71150,126.69614859,26.9354857,6.300000190734863,A3V+...
56632,100911,174.16976145,-37.23719322,6.300000190734863,A1V
102530,198151,311.66085551,46.53172772,6.300000190734863,A3V
18717,25175,60.15369368,17.29673453,6.309999942779541,A0V
32744,49891,102.4333394,-24.07603332,6.309999942779541,A0/A1V
32838,49976,102.67628645,-8.04100355,6.309999942779541,A2p SrCrEu
33420,51424,104.25040195,-8.17926621,6.309999942779541,A2V+...
39898,67725,122.23689529,-11.33964517,6.309999942779541,A0Vn
42249,71973,129.20324261,74.72372003,6.309999942779541,A2m
45259,79523,138.3575943,-38.61643569,6.309999942779541,A0V
47427,83650,144.94759513,-10.57028535,6.309999942779541,A0Vn
62376,111133,191.75953626,5.9505084,6.309999942779541,A0spe...
62799,111775,193.02279636,-48.09429527,6.309999942779541,A0IV
65606,116836,201.77666572,-49.14369544,6.309999942779541,A0III/IV
74505,135263,228.38266153,22.98315563,6.309999942779541,A2V
78017,143187,238.95690735,58.91170971,6.309999942779541,A0V
95487,182761,291.34331486,20.27176831,6.309999942779541,A0V
98579,189388,300.36149409,-40.81423965,6.309999942779541,A2/A3V
107750,207503,327.42093121,-12.72291549,6.309999942779541,A1/A2III
110988,213307,337.2884591,58.40408865,6.309999942779541,A0
12647,16861,40.62062504,10.74178145,6.320000171661377,A2V
13947,18735,44.90958178,-32.50722144,6.320000171661377,A0V
39263,65856,120.43238778,25.08943685,6.320000171661377,A1V
40604,69665,124.34641379,-16.28509282,6.320000171661377,A1V
45424,79752,138.85397891,-15.02486672,6.320000171661377,A0V
47096,83023,143.9704538,14.3795934,6.320000171661377,A1V
80421,147614,246.22557137,-45.34946169,6.320000171661377,A2/A3V
88754,166228,271.77622643,49.71039279,6.320000171661377,A2V
102819,198391,312.451019,7.8641548,6.320000171661377,A1Vs
114714,219290,348.55976495,50.61790845,6.320000171661377,A0V
6312,8003,20.27160602,64.65818814,6.329999923706055,A2Vnn
16015,21473,51.54903801,-41.63700538,6.329999923706055,A1V
22189,30321,71.60063178,-2.9543984,6.329999923706055,A2V
39041,66920,119.81573907,-73.24412159,6.329999923706055,A3III
47070,83104,143.89091178,-19.583308,6.329999923706055,A0V
47591,84416,145.55411422,-66.91481962,6.329999923706055,A0V
61637,109860,189.51847183,3.28247137,6.329999923706055,A1V
70029,125642,214.94882573,38.79407655,6.329999923706055,A2V
75000,136403,229.87530891,32.51488753,6.329999923706055,A2m
79125,145674,242.26215069,57.93780185,6.329999923706055,A1V
87910,163772,269.36245797,11.04456794,6.329999923706055,A1V
89114,166393,272.81161273,-19.84188262,6.329999923706055,A2V
92717,176795,283.3883129,75.78732295,6.329999923706055,A1V
96729,185404,294.95606457,-23.42761,6.329999923706055,A0V
111884,214698,339.94588694,19.68114862,6.329999923706055,A2V
115015,219659,349.41691068,-11.71295483,6.329999923706055,A1/A2IV/V
117450,223386,357.22461721,59.97893333,6.329999923706055,A0V
6685,8424,21.44292737,70.97992123,6.340000152587891,A0Vnn
11261,15004,36.24328387,-2.78001486,6.340000152587891,A0III
23092,31739,74.54543641,-2.21276853,6.340000152587891,A2V
25205,35242,80.87951408,5.32304571,6.340000152587891,A2V
35132,56341,108.9471038,-23.74031161,6.340000152587891,A0V
42579,74341,130.18146468,-57.54553217,6.340000152587891,A3V
52730,93649,161.70037254,-69.20979312,6.340000152587891,A2IV
59622,106257,183.40332369,-33.79288126,6.340000152587891,A0V
83816,155102,256.94461556,40.51613969,6.340000152587891,A2IV
86546,160765,265.29582024,15.17838782,6.340000152587891,A1V
117860,223991,358.58911989,-27.04290947,6.340000152587891,A2V+...
1215,1083,3.79397762,27.28347715,6.349999904632568,A1Vn
11479,15646,37.01808014,-64.29978331,6.349999904632568,A0V
12744,16955,40.96353093,25.63833202,6.349999904632568,A3V
18201,24368,58.39360035,25.68296603,6.349999904632568,A2V
28117,39866,89.14069946,28.9422714,6.349999904632568,A2II
30675,45380,96.6868717,-7.51190723,6.349999904632568,A0Vn
32539,49059,101.84773812,18.19355653,6.349999904632568,A2V
39722,66824,121.79147297,43.26044834,6.349999904632568,A1V
42440,74148,129.805183,-60.31733717,6.349999904632568,A0V
90146,169885,275.94981191,53.30086319,6.349999904632568,A3m
101384,195549,308.21813716,-24.94372528,6.349999904632568,A0V
112694,215729,342.32270149,-70.34806201,6.349999904632568,A2V
113465,217186,344.67768044,7.34023912,6.349999904632568,A1V
114984,219841,349.3285674,75.29903267,6.349999904632568,A2Vs
5259,6668,16.80364889,-23.99625645,6.360000133514404,A3III
13271,17864,42.69906166,-39.93219929,6.360000133514404,A0V
15700,20980,50.5678437,-25.58780402,6.360000133514404,A1V
22508,30085,72.6516071,70.94157737,6.360000133514404,A0IV
24440,32781,78.64809587,76.47276909,6.360000133514404,A0V
38449,63586,118.15188452,55.20954589,6.360000133514404,A0Vn
47633,83869,145.67966736,48.43105765,6.360000133514404,A1V
66152,117651,203.39966813,-65.6326223,6.360000133514404,A0V
70528,125990,216.41583852,-66.17288297,6.360000133514404,A1V
73116,131752,224.14907283,-39.41597172,6.360000133514404,A0/A1V
88148,164258,270.06525642,0.62948791,6.360000133514404,A3spe...
90967,171149,278.34464313,-5.91164933,6.360000133514404,A0Vn
99453,191095,302.78089426,-57.52415476,6.360000133514404,A1V
99870,192983,303.93015311,50.23286626,6.360000133514404,A2Vn
103752,199475,315.36679488,-68.20960595,6.360000133514404,A2V
32268,48272,101.05216634,36.10925853,6.369999885559082,A2V
32931,50062,102.91405812,3.04206333,6.369999885559082,A2Vs
39876,67751,122.18159545,-20.36317828,6.369999885559082,A3III
47454,83731,145.08364165,-10.76918307,6.369999885559082,A2V
53141,94180,163.05704676,1.02498206,6.369999885559082,A3V
96734,184586,294.96721053,-66.68540741,6.369999885559082,A0Vn
109306,210111,332.17764444,-33.12575126,6.369999885559082,A2III/IV
111543,214279,338.9665794,56.07057602,6.369999885559082,A3V
345,225200,1.08457463,-29.26883006,6.380000114440918,A1V
14544,19279,46.94725062,47.30870585,6.380000114440918,A3Vnn
16449,21997,52.9733836,-25.61411273,6.380000114440918,A3IV/V
36123,58552,111.61586607,10.60806626,6.380000114440918,A2IV
43354,75654,132.46833118,-39.14170326,6.380000114440918,A2/A3II/III
53860,95256,165.27385829,63.42123499,6.380000114440918,A2m
73571,132953,225.53577825,-7.57529216,6.380000114440918,A3
85589,158156,262.35665611,-38.51694348,6.380000114440918,A1V
98346,188164,299.72052643,-68.76240414,6.380000114440918,A2V
102631,198070,311.9493986,3.30644316,6.380000114440918,A0Vn
109124,210071,331.5564549,56.34338987,6.380000114440918,A0III
15987,21423,51.4825644,-35.92087386,6.389999866485596,A1IV
18769,25152,60.31181383,36.98948395,6.389999866485596,A0V
25667,36058,82.2371307,-3.30741204,6.389999866485596,A0Vn
30602,45090,96.46804172,11.12590779,6.389999866485596,A0
43593,76230,133.17011719,-52.12894176,6.389999866485596,A0V
54289,96568,166.60133089,-64.83995575,6.389999866485596,A3V
61748,110066,189.82019537,35.95196539,6.389999866485596,A0p SrCrEu
108797,209278,330.6093551,-16.96483342,6.389999866485596,A0/1V + K1/2
112170,215242,340.76798825,47.16876137,6.389999866485596,A1V+...
9521,12563,30.61781113,-29.66566527,6.400000095367432,A3III
11020,14433,35.48098509,57.2429201,6.400000095367432,A1Ia
21525,29559,69.33020095,-41.87306444,6.400000095367432,A3Vs...
22720,30752,73.29081329,52.84118516,6.400000095367432,A2V
27777,39182,88.16527675,39.57472245,6.400000095367432,A2V
40220,68862,123.21482669,-37.92446687,6.400000095367432,A3V
45614,80064,139.46401667,11.50115104,6.400000095367432,A2IV
47249,83373,144.46475673,-9.42446525,6.400000095367432,A1V
52877,93427,162.20776058,65.13247352,6.400000095367432,A1V
53411,94724,163.86354781,-43.02054885,6.400000095367432,A0V
54721,97138,168.04539839,68.27185385,6.400000095367432,A3V
61557,109675,189.19435821,-50.33537121,6.400000095367432,A0V
112179,215143,340.80936458,-6.96291246,6.400000095367432,A0Vn
2628,2904,8.33001511,70.98184763,6.409999847412109,A0Vn
13789,18546,44.38593897,-38.1909517,6.409999847412109,A0Vn
15309,20104,49.38141844,65.65835007,6.409999847412109,A3V
25453,35656,81.66176734,6.86873694,6.409999847412109,A0Vn
30200,44092,95.29963245,29.54092745,6.409999847412109,A1Vs
33012,51210,103.18933679,-59.34128772,6.409999847412109,A3m...
43427,75469,132.68804465,18.83223974,6.409999847412109,A2Vs
73953,133800,226.7045765,-16.48432063,6.409999847412109,A1V
77138,140274,236.24839094,-50.78540737,6.409999847412109,A3V
87042,161390,266.78039682,-38.11209711,6.409999847412109,A0V
88429,165029,270.81068909,19.61315807,6.409999847412109,A0V
90858,170973,278.02867924,3.65959509,6.409999847412109,A0sp...
105079,202606,319.30642811,-13.27897414,6.409999847412109,A1V
116119,221394,352.92937294,28.40352227,6.409999847412109,A1p Sr(CrEu)
117430,223358,357.16262779,64.87648481,6.409999847412109,A0sp...
14719,19600,47.5367829,27.81988947,6.420000076293945,A0V
24607,34317,79.17102659,1.94734447,6.420000076293945,A0V
26616,37439,84.86294295,21.76300696,6.420000076293945,A1Vn
38945,65241,119.52459597,7.21355485,6.420000076293945,A0V
42775,74475,130.73752724,-35.94334976,6.420000076293945,A0V
55003,98025,168.92818077,-57.35586929,6.420000076293945,A3V
58436,104039,179.72663478,-25.90880286,6.420000076293945,A1IV/V
67199,119727,206.56058716,-54.68331282,6.420000076293945,A1V
81231,149632,248.8595556,17.05734541,6.420000076293945,A2V
88876,165784,272.1607778,-21.44955654,6.420000076293945,A2/A3Iab
111601,214203,339.15140974,11.69662147,6.420000076293945,A1III
10379,13476,33.42338097,58.56058745,6.429999828338623,A3Iab
17588,23441,56.51203181,24.5280059,6.429999828338623,A0Vn
26515,37781,84.57258718,-50.64104142,6.429999828338623,A0V
64108,113694,197.08550598,-78.44596983,6.429999828338623,A0V
114371,218639,347.45638262,-14.5105363,6.429999828338623,A0V
31385,46642,98.69303336,7.57249971,6.440000057220459,A0Vs
31650,47020,99.36371266,24.59084471,6.440000057220459,A3V
33909,53253,105.56449056,-43.40386918,6.440000057220459,A0V
44717,77692,136.67982863,59.34455497,6.440000057220459,A2V
67036,119419,206.06678409,-51.01240595,6.440000057220459,A0p
75587,137928,231.63405177,54.02032734,6.440000057220459,A2IV
80809,149081,247.52532738,48.96122756,6.440000057220459,A1V
98253,189377,299.48382616,42.26079538,6.440000057220459,A3V
100714,194882,306.27084638,59.60012111,6.440000057220459,A3III
117510,223466,357.45670537,-25.3312897,6.440000057220459,A3V
20360,27660,65.40629627,-6.28413788,6.449999809265137,A0
35548,57049,110.02849829,15.14297247,6.449999809265137,A2Vn
40559,65299,124.22484099,84.05768861,6.449999809265137,A3IV
67548,120874,207.61569712,58.53942814,6.449999809265137,A3V
75788,138338,232.23679161,55.1948491,6.449999809265137,A3m
80324,147553,245.98635397,-33.19932914,6.449999809265137,A0V+...
83593,154713,256.27058505,43.81223885,6.449999809265137,A3IV
105819,204041,321.46481241,0.53430605,6.449999809265137,A1IV
107555,207636,326.75361584,70.15094328,6.449999809265137,A0V
109458,210516,332.62576981,20.97800691,6.449999809265137,A3III
7283,5914,23.45214999,89.01571833,6.460000038146973,A3V
10309,12927,33.20825793,79.69148012,6.460000038146973,A3
13347,17581,42.9413174,58.31429743,6.460000038146973,A1m
15193,20096,48.95270394,50.95597551,6.460000038146973,A0
17858,23594,57.33218998,57.11832721,6.460000038146973,A0Vn
55133,98176,169.30986211,-41.93430363,6.460000038146973,A0V
55332,98671,169.96181267,-72.95827692,6.460000038146973,A0V
61172,109074,188.01835363,-32.53373156,6.460000038146973,A3V
70798,126610,217.18126718,-59.19752972,6.460000038146973,A0II/III
83857,155328,257.07117476,50.84220964,6.460000038146973,A1V
88675,164896,271.53838778,-51.74388948,6.460000038146973,A2III
92301,173928,282.18921391,-18.60115618,6.460000038146973,A1V + K1III
98146,189253,299.18818099,50.90249691,6.460000038146973,A1V
4558,5641,14.57874183,21.40450332,6.46999979019165,A2V
27116,38263,86.2554176,12.88836458,6.46999979019165,A3
30423,45450,95.94548524,-58.54393301,6.46999979019165,A3V
40342,68703,123.54642043,17.67591954,6.46999979019165,A0Vne...
42434,73029,129.79210153,59.93924272,6.46999979019165,A2Vn
46075,81309,140.93717495,-37.75696435,6.46999979019165,A1m...
54430,96723,167.06570976,-29.97245501,6.46999979019165,A1V
62478,111308,192.05985106,13.55310064,6.46999979019165,A1V
82091,150897,251.52656503,-46.53191768,6.46999979019165,A1V
85666,158716,262.59436211,11.92398112,6.46999979019165,A1V
87045,162132,266.7835254,47.61222292,6.46999979019165,A2Vs
91142,171586,278.90198202,4.93606108,6.46999979019165,A2pvar
93068,176560,284.36858877,58.22491647,6.46999979019165,A2V
94478,179791,288.4334249,5.51563787,6.46999979019165,A3V
97849,187949,298.27660773,-14.60308038,6.46999979019165,A1V
99719,192538,303.52030039,36.60489439,6.46999979019165,A0V
106424,203955,323.33778586,-80.03930788,6.46999979019165,A0V
4844,6028,15.57695351,51.03497045,6.480000019073486,A3V
31736,47579,99.59545789,-23.58030165,6.480000019073486,A2V
41904,72359,128.16611526,10.06602306,6.480000019073486,A1V
43152,75098,131.83948881,-17.05285288,6.480000019073486,A2V
45272,79248,138.40529629,21.28323198,6.480000019073486,A2V
63204,112381,194.24273367,-54.58731036,6.480000019073486,A0p
65969,117558,202.88841442,-28.11274555,6.480000019073486,A1V
86098,159312,263.92947954,-37.4397919,6.480000019073486,A0V
87782,163245,268.97900684,-18.80210517,6.480000019073486,A1V
91090,171505,278.69787478,10.89200074,6.480000019073486,A1V
107749,207673,327.41706759,41.14880103,6.480000019073486,A2Ib
16156,21635,52.04791177,-35.85341812,6.489999771118164,A1V
25732,36150,82.42330541,-0.80241717,6.489999771118164,A2
35946,59640,111.1546398,-71.47075644,6.489999771118164,A3V
71295,127964,218.71132791,-20.4393776,6.489999771118164,A3V
92296,174005,282.16453153,-6.00438915,6.489999771118164,A2
10854,14417,34.91982842,-4.34558086,6.5,A3V
15884,21360,51.15087344,-51.06270539,6.5,A0V
22923,31411,73.99317516,5.39905815,6.5,A0V
26054,36484,83.36418803,32.80131934,6.5,A2m
38403,63630,118.01622073,45.93309767,6.5,A3
41572,71815,127.15024049,-23.07098606,6.5,A1/A2V
46891,82523,143.32632739,28.36801811,6.5,A3Vnn
63647,113436,195.66856739,59.71632956,6.5,A3Vn
73156,132145,224.26503895,21.5554846,6.5,A1V
79208,144481,242.49664072,-62.96700696,6.5,A3m...
89104,167387,272.77984068,60.40952138,6.5,A1Vnn
94604,184146,288.78295523,83.46272941,6.5,A3V
97819,187421,298.16297117,-54.97645289,6.5,A2V
103822,200465,315.58732037,39.50903218,6.5,A1V comp
109079,209932,331.46015723,45.112512,6.5,A0V
3611,4321,11.56267867,55.30539128,6.510000228881836,A2III
18657,24982,59.91659291,38.82038884,6.510000228881836,A1Vp...
23585,32296,76.06739108,45.77950386,6.510000228881836,A2
30594,45137,96.443871,2.27172012,6.510000228881836,A0V
63933,113865,196.54288361,29.02925254,6.510000228881836,A3IV
67004,119537,205.97611685,-5.49890001,6.510000228881836,A1V
71235,128184,218.5210624,46.78647069,6.510000228881836,A0
71577,128415,219.57368579,-49.90109289,6.510000228881836,A0IV
75243,135719,230.62235443,-74.39942482,6.510000228881836,A1/A2V
86463,160438,264.99042618,-0.63921294,6.510000228881836,A0
113603,217491,345.14329381,45.37481803,6.510000228881836,A3V
114237,218525,347.05163879,44.56184215,6.510000228881836,A2IV
9165,12020,29.49745159,-2.05950108,6.519999980926514,A0
9690,12468,31.16613087,65.10356605,6.519999980926514,A0V
11593,15253,37.35385743,55.53623241,6.519999980926514,A2psh
15925,21038,51.28913697,41.25728591,6.519999980926514,A0V
19718,26677,63.38019244,8.89035537,6.519999980926514,A2m
26091,36965,83.46661049,-29.84923521,6.519999980926514,A0IV
33081,50711,103.34207027,-24.68435217,6.519999980926514,A1/A2V
34276,54341,106.58720085,-43.61078123,6.519999980926514,A0V
40941,70340,125.33454006,-1.60196051,6.519999980926514,A2pe...
41464,71919,126.86483435,-55.01124006,6.519999980926514,A0V
42368,73451,129.58451027,-6.6623124,6.519999980926514,A1V+...
48054,85037,146.93317015,-49.94328266,6.519999980926514,A2IV(m)
50739,89828,155.3995377,-22.5285115,6.519999980926514,A1V
51697,91311,158.43251255,53.49745429,6.519999980926514,A1V
64231,114504,197.45921331,62.22914214,6.519999980926514,A1V
74625,136174,228.71513471,68.94572276,6.519999980926514,A1Vn
81259,148650,248.95573114,-71.89416837,6.519999980926514,A0V
84147,155379,258.05676354,-25.25503146,6.519999980926514,A0V
92156,174177,281.74610599,46.31496028,6.519999980926514,A2IV
93187,177410,284.71924825,69.53126334,6.519999980926514,A0p Si
106067,204394,322.26554098,-31.23853096,6.519999980926514,A1V
112362,215452,341.38482554,-25.23694138,6.519999980926514,A0IV
1603,1561,5.02153822,48.86548463,6.53000020980835,A0Vs
17098,22489,54.93816584,56.38304102,6.53000020980835,A2
20933,28354,67.33261127,27.40429387,6.53000020980835,A0
31290,46251,98.42771283,33.02403655,6.53000020980835,A3V
37811,62510,116.28890605,20.31604867,6.53000020980835,A1V
40211,68758,123.19136513,-29.91085082,6.53000020980835,A1V
45037,78955,137.59591763,-23.17670877,6.53000020980835,A0V
46365,81728,141.81104547,-9.22370303,6.53000020980835,A2V
50459,89239,154.54387855,27.41545461,6.53000020980835,A0V
82147,150550,251.73137046,-68.10204497,6.53000020980835,A1III
85086,158013,260.84442729,57.01168468,6.53000020980835,A2
98953,190454,301.35971082,-12.6650459,6.53000020980835,A0V
99102,191329,301.79769398,50.22961721,6.53000020980835,A3V
103681,199944,315.13603867,-5.4773125,6.53000020980835,A0
113311,216900,344.21432071,11.84834533,6.53000020980835,A3Vs
16077,21335,51.76332029,18.75654822,6.539999961853027,A3V
24951,34533,80.16319356,46.96380531,6.539999961853027,A2V+...
30575,45139,96.39484185,-2.99144623,6.539999961853027,A0
36304,59466,112.09576437,-37.81005448,6.539999961853027,A1IV
39329,66605,120.61291484,-44.66699691,6.539999961853027,A0p
42353,73316,129.52164161,9.57463555,6.539999961853027,A1V
43486,75926,132.865982,-42.50455687,6.539999961853027,A2Vn
45813,80233,140.12270101,52.45096062,6.539999961853027,A0
46546,82468,142.38826527,-62.36094878,6.539999961853027,A2V
49701,88024,152.19023917,-10.88478665,6.539999961853027,A2V
50196,88976,153.70956028,-41.72615181,6.539999961853027,A0IV
55019,98022,168.97373976,-47.92083433,6.539999961853027,A0V
56429,100518,173.54136233,11.02391942,6.539999961853027,A2m
58112,103483,178.77391815,46.4768391,6.539999961853027,A3Vn
59488,106000,183.00320098,-64.51040261,6.539999961853027,A2II
68888,123177,211.57405177,-8.89166563,6.539999961853027,A0
94124,178299,287.40153674,-36.16477794,6.539999961853027,A0III/IV
101473,195922,308.47376324,10.05971802,6.539999961853027,A2Vnn
117173,222962,356.34069642,10.17985386,6.539999961853027,A3
8210,10783,26.4272041,8.55929739,6.550000190734863,A2p...
10512,13936,33.86798115,-9.46651478,6.550000190734863,A0V
17099,22986,54.93942656,-40.35223406,6.550000190734863,A3V
22570,31244,72.86262071,-51.72558824,6.550000190734863,A2/A3
30762,45105,96.96239721,47.40491842,6.550000190734863,A0V
36489,60130,112.61915446,-50.60901444,6.550000190734863,A0V
47115,83523,144.02179812,-64.95034746,6.550000190734863,A2V
59346,105759,182.6133143,-7.7740303,6.550000190734863,A0
111379,214007,338.4713418,61.7780938,6.550000190734863,A2
16725,21610,53.80122561,73.34698742,6.559999942779541,A0Vn
30874,45689,97.21815993,0.12796928,6.559999942779541,A0
36624,59507,112.9819332,38.89612387,6.559999942779541,A2V
37617,62756,115.77906361,-49.99296045,6.559999942779541,A2V
37660,62555,115.91296944,-25.50383857,6.559999942779541,A3III
44056,76706,134.57627527,18.30832589,6.559999942779541,A0
50705,89746,155.31070586,-13.78651564,6.559999942779541,A1V
53037,94046,162.77507536,-18.33222979,6.559999942779541,A3V
68808,122958,211.30838189,-16.33598528,6.559999942779541,A1/A2V
72617,130572,222.71158366,-53.36824067,6.559999942779541,A0V
89840,167956,275.00715104,-48.76517487,6.559999942779541,A3IV/V
100933,195503,306.96574603,65.75582904,6.559999942779541,A2
105526,204408,320.58878832,77.09032607,6.559999942779541,A0
107929,208063,328.00185977,55.79193672,6.559999942779541,A1p
108933,209679,331.02799508,44.34512451,6.559999942779541,A2
111041,213272,337.43352871,35.7257249,6.559999942779541,A2V
1670,1663,5.22755274,10.97696797,6.570000171661377,A0V
27192,38189,86.45636894,40.50724268,6.570000171661377,A3e...
30977,45827,97.52332845,9.02971927,6.570000171661377,A0III
34107,53205,106.08407219,1.48850326,6.570000171661377,A0V
35567,57969,110.09575798,-56.29479639,6.570000171661377,A1V
41475,71581,126.88861161,-20.84392121,6.570000171661377,A1V
45874,80613,140.31403563,15.37136629,6.570000171661377,A1V
46081,81307,140.95738399,-35.24750626,6.570000171661377,A1/A2IV
64527,115227,198.38311624,72.79913223,6.570000171661377,A2V
66722,118878,205.15697611,-44.33018533,6.570000171661377,A0V
70661,126226,216.79703099,-66.56801115,6.570000171661377,A1III
82737,152585,253.66757022,-11.79243237,6.570000171661377,A2IV
91041,171487,278.58152725,20.46642488,6.570000171661377,A3V
92928,172882,283.99994877,-80.72786473,6.570000171661377,A0V
94975,180575,289.90584488,-51.57250365,6.570000171661377,A1V
116482,221907,354.04024223,-26.8763167,6.570000171661377,A2m...
118027,224309,359.1148247,83.19110073,6.570000171661377,A3V
13241,17606,42.60837902,31.97299926,6.579999923706055,A0
17223,23055,55.34331348,-19.58439723,6.579999923706055,A3IV/V
31944,47005,100.13080485,61.92248382,6.579999923706055,A2
41336,71253,126.50449547,-10.51657643,6.579999923706055,A2
42348,73431,129.50688389,-11.74373017,6.579999923706055,A0
72823,131165,223.27765857,-38.25694293,6.579999923706055,A0V
81939,150768,251.07251811,-27.456219,6.579999923706055,A2V
84036,155375,257.69054747,12.46701696,6.579999923706055,A1m
87297,162485,267.56248725,25.29096756,6.579999923706055,A2...
92602,174596,283.03478021,-21.92141108,6.579999923706055,A3V
92799,174730,283.63516351,-49.87900599,6.579999923706055,A2V
99679,192342,303.41884345,24.23893104,6.579999923706055,A1m
101070,195217,307.33814442,20.08771449,6.579999923706055,A3m
108553,209124,329.84526264,57.65854796,6.579999923706055,A0III-IV
6823,8837,21.94535203,40.33582488,6.590000152587891,A0III
27924,39662,88.63437127,11.7633012,6.590000152587891,A2V
29881,43583,94.38880311,14.0586843,6.590000152587891,A0V
44042,76757,134.53426769,1.5416061,6.590000152587891,A2V
58830,104788,181.0014727,-10.29615015,6.590000152587891,A2
71239,127716,218.5332494,-42.09922949,6.590000152587891,A2IV
73587,133008,225.62503952,-7.84039867,6.590000152587891,A2
89288,166960,273.2916284,-4.01166263,6.590000152587891,A2m
100365,193707,305.31449051,15.10431688,6.590000152587891,A0
111075,213340,337.53498047,31.2158214,6.590000152587891,A0
115098,219761,349.6917957,-47.43537493,6.590000152587891,A0V
116687,222275,354.7046239,62.13496945,6.590000152587891,A3II
7222,9484,23.26463144,-9.01467905,6.599999904632568,A0III
15534,20273,50.0288769,69.73132966,6.599999904632568,A0
18729,25938,60.18181862,-71.16688137,6.599999904632568,A1/A2V
29699,43393,93.84857205,-11.90447627,6.599999904632568,A2
36735,61312,113.34087991,-68.76849931,6.599999904632568,A1/A2V
38615,64756,118.60638052,-28.1053621,6.599999904632568,A2V
40561,69589,124.22596665,-21.32066802,6.599999904632568,A0V
41504,71688,126.97377647,-26.13294457,6.599999904632568,A1/A2V
66800,119086,205.37859856,-23.44981182,6.599999904632568,A1V
66857,119581,205.52637133,65.27308282,6.599999904632568,A2
67232,119699,206.65248251,-62.90961087,6.599999904632568,A2II
67481,120500,207.434044,8.40861067,6.599999904632568,A0
86446,160883,264.94983861,49.77984276,6.599999904632568,A0
87210,162643,267.25953233,54.19429854,6.599999904632568,A2
96739,185257,294.98122303,-39.43277551,6.599999904632568,A1mA6-F0
100128,192510,304.68175191,-61.90660284,6.599999904632568,A0V
100239,193621,304.95130281,37.13253176,6.599999904632568,A0III
113331,216931,344.27850265,-3.2452536,6.599999904632568,A0
5193,6619,16.61054202,-35.66062274,6.610000133514404,A1V
16411,21743,52.83636356,27.57188129,6.610000133514404,A2V
22774,31209,73.4825123,1.56938881,6.610000133514404,A1Vn
28523,40034,90.31291408,65.52554508,6.610000133514404,A3
30760,46190,96.95256406,-62.14998693,6.610000133514404,A0V
42523,73666,130.04781007,19.97116768,6.610000133514404,A1V
52913,93742,162.32209415,-4.02392567,6.610000133514404,A2IV
60561,107947,186.21665756,-72.60387327,6.610000133514404,A0V
61579,109764,189.28187436,8.79685974,6.610000133514404,A2
64828,115446,199.34173037,-11.48354663,6.610000133514404,A2
71727,128775,220.08037344,-45.7937848,6.610000133514404,A0p
73249,132230,224.55590463,-11.15474025,6.610000133514404,A1V
78991,144316,241.85457829,-48.42239942,6.610000133514404,A1m...
88814,165910,271.95145605,13.0710909,6.610000133514404,A2Vn
88841,165887,272.03015969,2.2186708,6.610000133514404,A2
94714,178274,289.09331078,-75.80005223,6.610000133514404,A3IV
96195,184603,293.40179271,38.76191852,6.610000133514404,A3Vn
103640,199828,314.97851397,-13.05163503,6.610000133514404,A3/A4IV
105169,201906,319.56750735,-75.34666642,6.610000133514404,A1V
108039,208253,328.33259525,53.99721034,6.610000133514404,A2
24971,34855,80.22177051,9.72456663,6.619999885559082,A2
29487,42824,93.18587167,-2.5048118,6.619999885559082,A2V
32801,49955,102.56949863,-17.29192313,6.619999885559082,A1V
36140,58907,111.66954491,-23.71262489,6.619999885559082,A0IV
36934,60862,113.88994535,-26.62869383,6.619999885559082,A1V
45744,80447,139.89135802,-11.31499624,6.619999885559082,A2Vs
57809,102981,177.80484464,-43.9330336,6.619999885559082,A0V
64954,115709,199.71314235,3.68766942,6.619999885559082,A1IV
69825,124812,214.356333,-55.76514737,6.619999885559082,A0II
72298,130256,221.77237272,0.97095783,6.619999885559082,A0...
94823,180562,289.41643589,-15.96709261,6.619999885559082,A3/5V +A2/3V
98169,188971,299.25174571,20.99834521,6.619999885559082,A2IV
107962,207888,328.08848698,-3.17463312,6.619999885559082,A0
110116,212150,334.58499694,76.48800754,6.619999885559082,A1Vn
111088,213470,337.57794732,57.22545013,6.619999885559082,A3Ia SB
5233,6414,16.72912007,70.93142932,6.630000114440918,A2
7911,10553,25.42173306,-50.03860018,6.630000114440918,A3V
9924,13018,31.9415633,18.0294143,6.630000114440918,A3
21258,28980,68.41037742,-8.25565086,6.630000114440918,A0
40916,70703,125.25200275,-52.22801676,6.630000114440918,A0/A1V
50097,88512,153.43262466,50.49652458,6.630000114440918,A3
60891,108651,187.18574311,25.89936158,6.630000114440918,A0p
70518,126367,216.37460988,-19.96995233,6.630000114440918,A1/A2V
80051,147608,245.10233986,52.03904433,6.630000114440918,A2
101398,196088,308.2460247,49.84122753,6.630000114440918,A0
102878,198552,312.65422764,18.05125622,6.630000114440918,A1Vs
105561,203696,320.69516471,38.63432127,6.630000114440918,A1V
9494,12013,30.53862187,75.50219029,6.639999866485596,A0
14107,18730,45.47168886,38.87822566,6.639999866485596,A3
16389,21822,52.76663133,-0.48114835,6.639999866485596,A0
20472,27762,65.82013476,11.37800731,6.639999866485596,A2
21837,29851,70.42514639,-12.47582192,6.639999866485596,A2IV/V
22754,30685,73.41546039,61.48182786,6.639999866485596,A2
23964,32903,77.2683449,49.12189299,6.639999866485596,A3
33854,52479,105.42267559,4.81809882,6.639999866485596,A3Vs
34855,56216,108.19307581,-57.49069461,6.639999866485596,A1/A2V
36837,60629,113.62022447,-26.1167823,6.639999866485596,A0V
41154,70963,125.95575056,-28.97030725,6.639999866485596,A0V
42606,73997,130.25683957,-9.05200513,6.639999866485596,A1Vn
44142,76704,134.85136112,45.73852162,6.639999866485596,A0
46704,82191,142.82252732,27.38729978,6.639999866485596,A0
51472,92683,157.70531633,-86.09067844,6.639999866485596,A1/A2IV/V
62179,110698,191.14580964,-57.28689428,6.639999866485596,A0IV/V
63839,113457,196.25871258,-64.44154317,6.639999866485596,A0V
78333,143259,239.92208421,-7.30203381,6.639999866485596,A0
79229,145127,242.54121342,-24.582337,6.639999866485596,A0V
92396,174567,282.43366641,31.62946227,6.639999866485596,A0Vs
95584,182972,291.62749539,20.25901017,6.639999866485596,A1V
96292,184905,293.68297212,43.94585769,6.639999866485596,A0p
98402,189613,299.91303066,31.82648793,6.639999866485596,A0
100491,192074,305.67143945,-78.96080466,6.639999866485596,A0V
107995,208509,328.19524614,73.70221638,6.639999866485596,A2V
109349,210267,332.28831936,2.73406708,6.639999866485596,A0
112950,216400,343.13694746,3.55223823,6.639999866485596,A0
9188,11860,29.57705821,59.62600215,6.650000095367432,A1IV
14709,20060,47.51360075,-63.9136339,6.650000095367432,A3III/IV
24906,34719,80.07621707,19.57826161,6.650000095367432,A0p
38972,65372,119.62637992,2.93587585,6.650000095367432,A3
42444,73687,129.81217033,-12.73745694,6.650000095367432,A0V
44064,76595,134.61411444,35.80265692,6.650000095367432,A2V
67495,120541,207.46844827,13.19189959,6.650000095367432,A2
68752,122816,211.08956447,-9.25765927,6.650000095367432,A0
74488,135027,228.31159974,-11.00698161,6.650000095367432,A2
78946,145082,241.7482172,47.5050232,6.650000095367432,A0
79081,144667,242.14403299,-39.09279944,6.650000095367432,A1/A2III
87924,163375,269.42051923,-39.10174744,6.650000095367432,A0IV/V
89936,168287,275.25577126,-43.77488698,6.650000095367432,A3m...
90187,169778,276.04560229,42.46695214,6.650000095367432,A2
99927,192913,304.11331731,27.77606655,6.650000095367432,A0p
101206,195710,307.71967205,49.21322898,6.650000095367432,A2
104430,201377,317.31653914,-0.23491698,6.650000095367432,A3
108220,207870,328.86435212,-70.11528049,6.650000095367432,A1/A2V
109810,211048,333.62156789,7.97617615,6.650000095367432,A0
115902,221215,352.24027466,75.22543126,6.650000095367432,A0
3865,4701,12.40522789,47.7639889,6.659999847412109,A2
11889,15703,38.32875682,52.30897804,6.659999847412109,A2
22520,30796,72.68910785,1.14781727,6.659999847412109,A2
24532,34435,78.94609951,-34.92675247,6.659999847412109,A2III/IV
30387,44756,95.84496841,-4.68746859,6.659999847412109,A2V
31058,45720,97.76291694,39.75469053,6.659999847412109,A0
32689,49345,102.29248605,27.19048634,6.659999847412109,A2
36922,60563,113.85517997,7.57996972,6.659999847412109,A0
47336,83452,144.6905667,10.77787342,6.659999847412109,A3
55209,98280,169.58764893,11.98462248,6.659999847412109,A2V
80527,148207,246.5883681,2.50779917,6.659999847412109,A0
87823,163640,269.10172065,18.32702523,6.659999847412109,A0III
88812,165864,271.94824388,9.84892067,6.659999847412109,A0
107336,206766,326.09949284,-4.73088517,6.659999847412109,A2
114373,218725,347.46850622,39.46920875,6.659999847412109,A2Vm
114377,218829,347.48211537,67.24203079,6.659999847412109,A0
115678,220841,351.54907893,70.68540877,6.659999847412109,A2
22093,28985,71.31068687,79.65689678,6.670000076293945,A0
23090,31810,74.54347801,-16.78020186,6.670000076293945,A2IV
40673,70003,124.55335174,-37.37461575,6.670000076293945,A0IV
44512,77557,136.04111617,27.89830962,6.670000076293945,A1V
51075,90386,156.53833753,3.93253256,6.670000076293945,A3V
52795,93526,161.90805587,-15.26192754,6.670000076293945,A0III
60313,107612,185.50876083,16.74479769,6.670000076293945,A2p
86835,161289,266.1477733,2.5790965,6.670000076293945,A0V
87069,161921,266.88279857,18.88935104,6.670000076293945,A0
92219,174366,281.91714901,49.07482911,6.670000076293945,A1V
100526,194444,305.75553117,54.6728912,6.670000076293945,A2
103108,199099,313.35993293,42.41021201,6.670000076293945,A1V
103213,199311,313.66632896,46.23119128,6.670000076293945,A2V
107531,207165,326.69261157,13.71960563,6.670000076293945,A3
2565,2924,8.14402839,27.58077717,6.679999828338623,A2IV
6099,7665,19.57780185,67.81643881,6.679999828338623,A0
27876,39789,88.48998156,-19.63877248,6.679999828338623,A3IV
33643,51418,104.83388245,42.31478161,6.679999828338623,A0p EuSrCr
40777,70075,124.84277135,-20.16427924,6.679999828338623,A1IV
42072,72392,128.62402299,47.13962047,6.679999828338623,A0
46890,82724,143.32368452,-21.39201084,6.679999828338623,A0V
48687,86029,148.93750904,-8.83650257,6.679999828338623,A3
51294,90898,157.1768133,-43.83839851,6.679999828338623,A1V
75161,136300,230.39291779,-44.93817222,6.679999828338623,A0V
81695,150365,250.32772316,-18.05937859,6.679999828338623,A3III
83774,153298,256.82815044,-76.22379359,6.679999828338623,A2IV
90576,170141,277.23899145,-26.58205851,6.679999828338623,A3III
94733,180504,289.1445113,6.59668984,6.679999828338623,A2
95931,184240,292.64363448,56.13618191,6.679999828338623,A0
96252,184787,293.57575716,41.92723898,6.679999828338623,A0
98213,189235,299.3709441,38.45824671,6.679999828338623,A2
105237,203112,319.75011223,39.74932359,6.679999828338623,A0
110434,212186,335.52168318,15.65149052,6.679999828338623,A0
113664,217992,345.31154175,80.78172968,6.679999828338623,A3
2553,2888,8.11160979,43.49481723,6.690000057220459,A1Vn
5942,7615,19.1157389,23.58948149,6.690000057220459,A0
6560,8441,21.07781821,43.14211894,6.690000057220459,A2p...
13892,18484,44.72102934,21.61777032,6.690000057220459,A3
15660,20911,50.42461696,-20.32461508,6.690000057220459,A0V
27015,34109,85.95400975,85.66832839,6.690000057220459,A2V
29135,42133,92.19040709,-7.93631304,6.690000057220459,A2
32466,49148,101.63755207,-14.52375613,6.690000057220459,A1IV/V
39639,66286,121.51060932,59.2487362,6.690000057220459,A0
45152,78792,137.9844274,50.43990905,6.690000057220459,A0
55488,98747,170.45938932,9.16844074,6.690000057220459,A2
58960,105016,181.34587712,-62.97576444,6.690000057220459,A3m...
66171,117851,203.44914633,-39.94569227,6.690000057220459,A1IV/V
70379,126131,215.99051134,-16.101899,6.690000057220459,A1V
79472,146010,243.28326286,21.56614788,6.690000057220459,A2
92047,173609,281.42282857,15.7253979,6.690000057220459,A2
94852,181119,289.50355398,31.02184029,6.690000057220459,A3V
102299,197448,310.91710921,5.39021225,6.690000057220459,A0
106488,205244,323.53171544,-4.36817078,6.690000057220459,A2
4129,5066,13.22233391,38.54885598,6.699999809265137,A2V
6198,7505,19.87232349,80.89419624,6.699999809265137,A0
8296,10920,26.74308789,-13.88873674,6.699999809265137,A1V
15232,19967,49.10370053,66.38033653,6.699999809265137,A0
20735,28358,66.65705444,-40.52942561,6.699999809265137,A1V
30692,45357,96.74511089,0.84104075,6.699999809265137,A1Vn
39480,66299,121.03497213,33.03073613,6.699999809265137,A0
50320,89132,154.1367616,-19.30816453,6.699999809265137,A3V
50574,89681,154.96569567,-47.96123685,6.699999809265137,A3V
52464,92192,160.87305872,80.42709478,6.699999809265137,A0
65551,116717,201.56970553,-48.78654334,6.699999809265137,A0V
70483,126194,216.2543457,-37.44695904,6.699999809265137,A1V
76170,138153,233.36293869,-61.273306,6.699999809265137,A2V
77249,141040,236.60001695,15.5266861,6.699999809265137,A3
83480,154145,255.92274281,-0.14591149,6.699999809265137,A2
84269,155663,258.40304282,-15.56028752,6.699999809265137,A3V
88152,163761,270.06737686,-47.5537736,6.699999809265137,A0V
95574,182678,291.60227665,-14.55119316,6.699999809265137,A0V
96009,184057,292.81736863,33.47077906,6.699999809265137,A2
96416,184884,294.033495,11.15017937,6.699999809265137,A3V
96938,185905,295.59430506,-24.85924653,6.699999809265137,A3/A4IV
98643,189825,300.54397052,-4.98978212,6.699999809265137,A0
104313,200856,316.97432842,-48.94001436,6.699999809265137,A0V
109220,210000,331.89691304,-14.49069019,6.699999809265137,A2/A3III
109591,210820,333.00746093,47.09561859,6.699999809265137,A0
118177,224492,359.58807585,35.01302304,6.699999809265137,A3
424,3,1.29075302,45.22907883,6.710000038146973,A1Vn
5886,7551,18.89843609,0.91244873,6.710000038146973,A2
17000,22578,54.669617,22.6597217,6.710000038146973,A0
25136,35134,80.69053092,2.79632951,6.710000038146973,A0
38800,64347,119.11135122,56.50450871,6.710000038146973,A2IV
41782,71866,127.79442283,40.22495021,6.710000038146973,A0pvar
49294,87318,150.92345878,-25.31673522,6.710000038146973,A0V
77435,141164,237.11110985,-23.83401521,6.710000038146973,A2IV/V
80152,146310,245.40626976,-71.87383134,6.710000038146973,A0V
97001,186465,295.73440148,40.72175702,6.710000038146973,A0
97647,187730,297.68783227,20.2113987,6.710000038146973,A2
98406,189359,299.92298332,-1.97032891,6.710000038146973,A2
101452,196133,308.41508749,45.17555196,6.710000038146973,A0p
102390,197684,311.22740026,12.312656,6.710000038146973,A0
102430,197961,311.33743785,46.354847,6.710000038146973,A1IV
104539,201671,317.63358351,22.45466435,6.710000038146973,A1V
108814,209380,330.66039078,15.9865365,6.710000038146973,A0
114054,218173,346.46884955,-7.93669575,6.710000038146973,A0
3058,3519,9.70521269,59.82616136,6.71999979019165,A0
9403,12112,30.20180403,59.95939566,6.71999979019165,A3IV
16143,21437,52.00582031,20.46427262,6.71999979019165,A3+...
16859,22374,54.24181123,23.21111378,6.71999979019165,A2p
42628,73871,130.31379013,20.47690205,6.71999979019165,A0III
60850,108561,187.07684838,4.3966023,6.71999979019165,A0
63276,112563,194.50415065,-38.9172108,6.71999979019165,A3V
78221,142808,239.60010885,-44.08073828,6.71999979019165,A2V
82792,152521,253.78620595,-31.40248342,6.71999979019165,A0/A1V
82871,154528,254.04230303,77.65271094,6.71999979019165,A0
87633,163015,268.51539348,-1.61926406,6.71999979019165,A0
88900,166280,272.2206845,24.96664299,6.71999979019165,A0
106108,204812,322.40300599,46.42645377,6.71999979019165,A3
254,225068,0.78466955,42.74791705,6.730000019073486,A2
8122,10638,26.09486099,32.51604103,6.730000019073486,A3
17923,23964,57.49184638,23.84880339,6.730000019073486,A0V...
18113,23909,58.08615724,62.34481973,6.730000019073486,A2
19878,27066,63.94288411,-23.23780477,6.730000019073486,A1V
33574,51986,104.64900139,-23.8808636,6.730000019073486,A0V
35467,57767,109.8254181,-58.0523602,6.730000019073486,A1m...
42728,74496,130.61797403,-47.52120914,6.730000019073486,A0m...
46065,81254,140.91477315,-33.20049985,6.730000019073486,A3V
50525,89528,154.79505945,-34.61655191,6.730000019073486,A1V
55769,99305,171.41446085,3.30124291,6.730000019073486,A2
67270,120025,206.80511081,-19.25575373,6.730000019073486,A2/A3m...
71008,127663,217.83521244,43.38233354,6.730000019073486,A2
86627,161019,265.50664766,27.6450939,6.730000019073486,A3
90999,171654,278.44859256,46.21912094,6.730000019073486,A0
93649,177120,286.05915637,-22.89650648,6.730000019073486,A0V
104324,201221,317.0028372,5.15165727,6.730000019073486,A2
105430,203535,320.33515193,46.72979943,6.730000019073486,A2
105688,203924,321.09439966,30.93661702,6.730000019073486,A2
110707,212600,336.45018547,-20.23699494,6.730000019073486,A1V+G8/K1III
116188,221583,353.12207528,72.00098082,6.730000019073486,A2
3240,3802,10.30310097,52.19773368,6.739999771118164,A0
10194,13442,32.76702675,-15.0707768,6.739999771118164,A2IV/V
14021,18654,45.13127786,18.00503794,6.739999771118164,A0
16661,22634,53.6031179,-65.76425833,6.739999771118164,A3V
21377,29173,68.8087422,-9.73633417,6.739999771118164,A1m
21446,29207,69.08172039,11.4125187,6.739999771118164,A0
25702,35985,82.32979469,18.36571192,6.739999771118164,A2
31922,45560,100.06919219,79.59947697,6.739999771118164,A1V
34546,54159,107.3571631,36.56329092,6.739999771118164,A0
52816,93668,161.98119977,-52.24610816,6.739999771118164,A0V
70282,125981,215.69343451,-0.63709953,6.739999771118164,A0
74749,135774,229.14911128,9.7130066,6.739999771118164,A2
75247,136486,230.63835146,-44.29286012,6.739999771118164,A1/A2V
77652,142282,237.79202537,52.90699863,6.739999771118164,A0...
78448,143806,240.22889566,39.17748897,6.739999771118164,A0
79047,144937,242.02388651,10.08050512,6.739999771118164,A3
81073,149305,248.39179389,10.36907382,6.739999771118164,A3
92346,174369,282.30954988,25.0465826,6.739999771118164,A1V
96313,184761,293.74554324,27.22525224,6.739999771118164,A3
99257,191940,302.23665341,62.0766685,6.739999771118164,A0
100192,193349,304.83816596,14.37070327,6.739999771118164,A0
102037,197102,310.17608727,26.07921536,6.739999771118164,A0
109342,210387,332.2717823,44.85475545,6.739999771118164,A0
118309,224674,359.94922017,11.27342446,6.739999771118164,A2
9858,12884,31.70477753,29.26941907,6.75,A2
32964,49951,102.99252755,25.66297957,6.75,A2
42101,72441,128.72297251,48.53378578,6.75,A0
45545,80205,139.2416486,-45.01197504,6.75,A0V
58591,104316,180.21957234,70.23782292,6.75,A0
64218,114268,197.42668862,-16.51519285,6.75,A2V
71206,128092,218.43606491,43.00770583,6.75,A2
75436,136961,231.17438982,-35.91706693,6.75,A0/A1V
87385,164056,267.85357982,74.56908733,6.75,A3
97655,187570,297.70272598,-4.6940767,6.75,A2
100734,194453,306.35593936,6.64181321,6.75,A0
104728,202126,318.22243236,35.79771906,6.75,A2
118285,224687,359.87655685,86.70640708,6.75,A0
6624,8627,21.25240598,-5.94640949,6.760000228881836,A0
10482,13885,33.79000705,0.72019555,6.760000228881836,A2
19836,27078,63.7961416,-37.19690064,6.760000228881836,A3V
23363,32219,75.35687645,-0.69684599,6.760000228881836,A3
24528,34324,78.93295628,-22.8943734,6.760000228881836,A3V
25542,35544,81.91332879,43.36793799,6.760000228881836,A0
27083,38312,86.13829709,-6.86427477,6.760000228881836,A2
28424,40204,90.04015682,51.08095554,6.760000228881836,A0
32333,48548,101.23482869,22.83738214,6.760000228881836,A2
35995,58462,111.27835392,-14.88323228,6.760000228881836,A1V
40514,74566,124.07271791,-86.55740379,6.760000228881836,A1IV/V
45176,79290,138.09123949,-28.94764419,6.760000228881836,A0V
54311,96441,166.66199429,-28.72751926,6.760000228881836,A1V
55081,98046,169.15183498,-3.96675837,6.760000228881836,A3
56444,100565,173.58920572,-5.5271367,6.760000228881836,A2
59463,106053,182.95139612,77.44077131,6.760000228881836,A0
62141,110746,191.0467413,-2.84253956,6.760000228881836,A2
67461,120448,207.37221642,6.3439088,6.760000228881836,A0
73102,131637,224.10332478,-44.70423785,6.760000228881836,A1V
79204,145886,242.48469614,59.87178614,6.760000228881836,A0
87945,163482,269.48644875,-36.00791079,6.760000228881836,A0III/IV
101349,196420,308.10491456,70.5321369,6.760000228881836,A0
108327,208482,329.19165888,-17.89705676,6.760000228881836,A0/A1V
4811,5944,15.44081197,57.8167019,6.769999980926514,A2
12725,16855,40.89714063,43.53802547,6.769999980926514,A2
19127,25616,61.50878274,46.9256873,6.769999980926514,A2
22245,30365,71.82464509,5.7882641,6.769999980926514,A0
29541,42617,93.37706181,37.15913399,6.769999980926514,A0
33810,52309,105.29105679,11.7746371,6.769999980926514,A2
38231,63432,117.48759205,28.19878472,6.769999980926514,A2
48884,86463,149.55834184,-25.13112151,6.769999980926514,A1/A2IV
50687,89572,155.26528908,41.84938697,6.769999980926514,A0
58465,104125,179.84907569,-57.16796196,6.769999980926514,A2V
63236,112383,194.35936744,-67.96066515,6.769999980926514,A2IV/V
69213,123746,212.55444082,-30.62088787,6.769999980926514,A2IV/V
82829,152491,253.89712594,-43.3159484,6.769999980926514,A1V
87761,163346,268.90627929,2.07492314,6.769999980926514,A3
89955,168403,275.3100863,-39.02170116,6.769999980926514,A0II/III(p)
92384,174115,282.39732814,-19.14233741,6.769999980926514,A1m...
98399,189193,299.89185877,-22.21129829,6.769999980926514,A3IV
103024,199067,313.08734727,55.05121306,6.769999980926514,A2
11075,14688,35.63820512,16.87029607,6.78000020980835,A2V
20257,27516,65.1204694,-1.31632,6.78000020980835,A3
21410,28793,68.93139575,59.40084643,6.78000020980835,A0
23621,32576,76.17417839,14.85910367,6.78000020980835,A3p
32398,48922,101.45857145,-0.71644883,6.78000020980835,A0
36080,58580,111.51412682,-4.53733398,6.78000020980835,A0IV
37975,62195,116.75181115,64.05201517,6.78000020980835,A2...
38249,62976,117.53270188,60.34208833,6.78000020980835,A2
56301,100380,173.13518563,-59.71783231,6.78000020980835,A3V
62232,110848,191.31835456,-28.76602411,6.78000020980835,A3IV/V
63096,112396,193.91270827,54.96122153,6.78000020980835,A0
70346,125630,215.88369983,-66.64496483,6.78000020980835,A2p
71585,128532,219.6039298,-35.2764538,6.78000020980835,A3V
73028,131826,223.86919587,12.43087374,6.78000020980835,A2
78722,144359,241.05626552,34.17875791,6.78000020980835,A0
82841,153680,253.94275889,67.47845587,6.78000020980835,A0
82879,152273,254.06965504,-61.64058358,6.78000020980835,A0IIIp: (Si)
87352,162668,267.73862667,29.99580709,6.78000020980835,A2
88132,164257,270.03048362,6.55393792,6.78000020980835,A0
91408,172228,279.64331628,15.08366782,6.78000020980835,A0
103164,198962,313.5200399,-4.54219479,6.78000020980835,A3
108084,208174,328.47829514,28.34220959,6.78000020980835,A2
113792,217684,345.65739239,-18.54168724,6.78000020980835,A2/A3V
9285,12206,29.83140342,-26.43226448,6.789999961853027,A0V
10099,13285,32.46391878,3.76936092,6.789999961853027,A2
16478,21915,53.04968204,11.54252545,6.789999961853027,A0
18046,24118,57.85541671,25.16295722,6.789999961853027,A2
25298,35859,81.17636352,-52.31297479,6.789999961853027,A2V
29118,42116,92.10577945,-11.14625666,6.789999961853027,A2
30205,44004,95.3245536,42.34037708,6.789999961853027,A0
35603,57949,110.2082126,-51.40472371,6.789999961853027,A3V
43571,76214,133.10300188,-55.3416776,6.789999961853027,A0V
45910,80580,140.41434234,32.26433245,6.789999961853027,A0
50403,89518,154.38156052,-65.42950716,6.789999961853027,A1/A2IV/V
77455,141458,237.21038602,12.72363804,6.789999961853027,A0
89594,169027,274.24488766,68.74169017,6.789999961853027,A0
96610,184327,294.62167294,-65.91423825,6.789999961853027,A1/A2V
97416,187279,296.99849504,31.5062461,6.789999961853027,A0
106049,204699,322.2021574,49.79510516,6.789999961853027,A3
115316,220134,350.33981067,-4.67269023,6.789999961853027,A0
117674,223707,357.97318276,4.74534804,6.789999961853027,A2
297,225124,0.92444478,48.43692667,6.800000190734863,A2
6048,7812,19.42647013,-7.65955931,6.800000190734863,A2
15886,21940,51.15411329,-76.746118,6.800000190734863,A2m...
30925,45941,97.35648556,-22.59112369,6.800000190734863,A1V
32055,48011,100.46090944,14.2167413,6.800000190734863,A2
32688,49381,102.28578564,23.20193732,6.800000190734863,A0
41961,72506,128.29522239,-5.22261271,6.800000190734863,A2
55063,98048,169.08262841,-34.667895,6.800000190734863,A3V
64648,115197,198.78594822,35.44578805,6.800000190734863,A2
72330,130321,221.85685483,2.03580545,6.800000190734863,A2
76579,139780,234.59483512,43.60424959,6.800000190734863,A2
91589,172128,280.18287968,-47.02727395,6.800000190734863,A1/A2IV/V
93275,176583,284.99585762,26.9656732,6.800000190734863,A0
98382,193214,299.83365068,84.66874674,6.800000190734863,A2
99759,194375,303.60864426,80.5318654,6.800000190734863,A0
102876,198626,312.65003836,30.91259438,6.800000190734863,A2
114031,218155,346.38763469,14.95908303,6.800000190734863,A0
5262,6564,16.80778883,49.55546798,6.809999942779541,A0
27822,40201,88.31134101,-61.839417,6.809999942779541,A2V
36875,60929,113.71281461,-44.29614752,6.809999942779541,A0V
41478,72719,126.89117371,-75.35884022,6.809999942779541,A2V
41679,71729,127.45644502,26.19288335,6.809999942779541,A0
44904,78949,137.22264458,-53.59344032,6.809999942779541,A1/A2III
60128,107209,184.97379647,-62.85418392,6.809999942779541,A0Iab
75953,138422,232.69202971,34.46568232,6.809999942779541,A0
97210,186417,296.35138254,-30.90296405,6.809999942779541,A1V
102052,197103,310.22509239,17.57100211,6.809999942779541,A0
102114,197169,310.40684883,13.80880473,6.809999942779541,A2
113975,218151,346.23048039,56.69059653,6.809999942779541,A0
117602,223624,357.74691623,63.98486218,6.809999942779541,A0
5070,6163,16.20781995,74.37212887,6.820000171661377,A0
10180,13295,32.72364037,39.0433344,6.820000171661377,A1Vn
18109,24336,58.07118191,-0.65561414,6.820000171661377,A2
18656,25449,59.9059459,-56.47292844,6.820000171661377,A2m...
31325,46813,98.53379288,-29.62951899,6.820000171661377,A1V + (F)
36687,60086,113.2056896,-2.03434617,6.820000171661377,A0
37013,61435,114.10875774,-54.18719656,6.820000171661377,A0V
39621,66925,121.44878231,2.1651121,6.820000171661377,A0
45511,79914,139.11490359,-13.83416387,6.820000171661377,A3V
49209,87130,150.65428341,-20.42395869,6.820000171661377,A3III
52324,92678,160.37648463,-35.73111736,6.820000171661377,A0V
53836,95534,165.20747218,-52.07496592,6.820000171661377,A0V
54231,96338,166.44069977,-47.44229047,6.820000171661377,A0V
54515,96855,167.3070696,-1.33324824,6.820000171661377,A2
55029,97938,168.98479734,12.61361435,6.820000171661377,A0
66376,118252,204.10905212,-42.41536336,6.820000171661377,A3m...
70220,125817,215.4942091,-1.98806836,6.820000171661377,A2
77315,140817,236.76862736,-35.51028571,6.820000171661377,A0V
81757,151746,250.48840912,73.8872945,6.820000171661377,A2
85278,157611,261.37351856,-29.67062307,6.820000171661377,A2/A3IV
89277,166991,273.26598666,2.98061833,6.820000171661377,A2
89342,166636,273.44785105,-46.31246048,6.820000171661377,A1V
93397,176938,285.33046561,29.51889477,6.820000171661377,A0
95116,181752,290.24938579,19.14538595,6.820000171661377,A0+...
107657,207469,327.09795124,32.79618054,6.820000171661377,A0
111807,214546,339.70846246,4.53021196,6.820000171661377,A3
2415,2714,7.69654001,16.03761493,6.829999923706055,A0
17704,23642,56.87267431,24.28845287,6.829999923706055,A0V...
28349,40143,89.85365917,45.61965578,6.829999923706055,A0
29284,44148,92.61047229,-77.10563282,6.829999923706055,A1V
33517,52196,104.50287191,-46.09589246,6.829999923706055,A0IV
37365,61252,115.05664983,41.16348337,6.829999923706055,A0
38356,63976,117.83535293,-9.40469979,6.829999923706055,A0
40393,68562,123.70424446,43.03506781,6.829999923706055,A0
44476,77640,135.93095291,-5.17137085,6.829999923706055,A0
51936,91955,159.14750829,-28.77183677,6.829999923706055,A2V
57920,103152,178.19253055,15.43647071,6.829999923706055,A2
60235,107422,185.27748556,-42.56198865,6.829999923706055,A0V
68304,122200,209.73081849,53.1064748,6.829999923706055,A2
78359,143149,239.97941291,-33.38528447,6.829999923706055,A0V
79477,145412,243.29944839,-49.88464283,6.829999923706055,A0V
82079,150596,251.48738029,-61.66341362,6.829999923706055,A0V
92869,175841,283.85689766,40.17714943,6.829999923706055,A2
105779,203725,321.34773322,-45.16186626,6.829999923706055,A0III
105833,204133,321.5309211,18.06510254,6.829999923706055,A0
106409,205331,323.29215741,48.3034555,6.829999923706055,A1III
117734,223785,358.16610437,-18.56186826,6.829999923706055,A1V
4584,5638,14.67957818,47.03660631,6.840000152587891,A0
10144,12543,32.62430027,81.4820162,6.840000152587891,A3
11812,15683,38.09295895,40.27250268,6.840000152587891,A0
18499,24689,59.3179275,41.88065989,6.840000152587891,A2
19440,26336,62.4547304,-3.57352788,6.840000152587891,A0
20556,27636,66.05814198,51.93711731,6.840000152587891,A2
27259,38805,86.67537931,-36.23131066,6.840000152587891,A3V
27555,39294,87.53895963,-32.80921962,6.840000152587891,A1V
28429,40439,90.06009878,33.13693491,6.840000152587891,A2
31565,46294,99.10003157,59.66451404,6.840000152587891,A0
35095,56910,108.87127331,-58.54263984,6.840000152587891,A2/3mA4-A7
38707,64894,118.87161042,-19.04739028,6.840000152587891,A3III/IV
38789,65102,119.09047757,-20.46324858,6.840000152587891,A0V
45714,80726,139.7891712,-56.365597,6.840000152587891,A3Vs
69092,123523,212.12080336,-11.82943235,6.840000152587891,A2
72627,130697,222.74470315,-42.82245636,6.840000152587891,A2V
75825,138302,232.34704372,47.71343687,6.840000152587891,A0
80379,148281,246.11002078,52.28936618,6.840000152587891,A0
83876,155104,257.13976178,24.48660718,6.840000152587891,A0
86179,159908,264.15328583,13.81328474,6.840000152587891,A3
90031,169487,275.54910559,51.54193453,6.840000152587891,A2
94236,178954,287.7427019,-6.62180763,6.840000152587891,A0
95435,182571,291.18910984,16.95705708,6.840000152587891,A0
97915,188383,298.46950633,26.59347022,6.840000152587891,A0
101676,195459,309.14981118,-71.0713814,6.840000152587891,A0IV
102959,198501,312.90092947,-27.99526294,6.840000152587891,A1m...
106293,205116,322.92662929,48.58466541,6.840000152587891,A0III:
109191,210431,331.79472173,72.37274194,6.840000152587891,A0
113766,217715,345.58767421,23.34047999,6.840000152587891,A0
115484,220485,350.91002962,54.03096165,6.840000152587891,A2
117962,224155,358.90709245,8.22329782,6.840000152587891,A0
2948,3431,9.36004985,40.33238095,6.849999904632568,A0
13085,17490,42.05494154,-3.61915487,6.849999904632568,A0
17572,23410,56.4533419,23.14725691,6.849999904632568,A0V
22136,30397,71.45682083,-34.00504529,6.849999904632568,A0V
26838,37670,85.48634612,35.6313303,6.849999904632568,A0
29357,42084,92.81594385,47.90683954,6.849999904632568,A2
29561,43504,93.42403394,-51.66746476,6.849999904632568,A2/A3V
31001,45721,97.59170762,28.21213046,6.849999904632568,A2
38079,63485,117.05203349,-24.57721426,6.849999904632568,A0V
42544,74105,130.08804893,-42.38928047,6.849999904632568,A3V
42984,75893,131.40889463,-77.07527665,6.849999904632568,A1V
50308,88295,154.07162789,78.94696308,6.849999904632568,A0
50508,89363,154.73956327,17.70593296,6.849999904632568,A0
57253,102036,176.09916174,-20.69574674,6.849999904632568,A2/A3V
59366,105824,182.69726579,39.89153702,6.849999904632568,A3
63287,112565,194.54509467,-47.06493358,6.849999904632568,A1III/IV
69265,123980,212.69907867,0.79966007,6.849999904632568,A2
78761,145309,241.20395078,70.26165298,6.849999904632568,A0
92800,175427,283.63689006,20.61530644,6.849999904632568,A0
99849,192505,303.86825346,-7.53138167,6.849999904632568,A2
101223,195481,307.77549185,15.80764472,6.849999904632568,A2
105782,203893,321.35376301,-14.2773392,6.849999904632568,A0V
107585,207204,326.85329376,-4.60861838,6.849999904632568,A2
112434,215757,341.62327629,54.87209555,6.849999904632568,A0
112500,215869,341.82874074,53.38184569,6.849999904632568,A2
116765,222407,354.97027373,63.72543995,6.849999904632568,A2
2431,2760,7.74962079,-10.08465275,6.860000133514404,A3
3459,4228,11.05984552,-49.38589162,6.860000133514404,A3V
3736,4536,11.99596032,51.44478211,6.860000133514404,A0
14672,19568,47.39419645,19.38075093,6.860000133514404,A0
17168,22766,55.16148159,28.7734294,6.860000133514404,A0...
22848,31306,73.73493713,8.60000165,6.860000133514404,A0
23493,32468,75.75819489,-8.66314367,6.860000133514404,A0
24379,33704,78.45521702,37.03275591,6.860000133514404,A0
25748,35607,82.46458685,60.26859874,6.860000133514404,A0
26510,37410,84.56368626,-4.1081877,6.860000133514404,A2
29929,44295,94.52310436,-53.55917269,6.860000133514404,A3m...
29975,43646,94.65734183,29.78152955,6.860000133514404,A0
33957,53494,105.69069162,-49.92800951,6.860000133514404,A2III
36281,58520,112.03605769,46.52181254,6.860000133514404,A2
36636,59880,113.01123157,2.72542922,6.860000133514404,A0
43068,72520,131.59487584,82.23933232,6.860000133514404,A0
43805,76352,133.82126479,-11.37163694,6.860000133514404,A0
44180,76924,134.99150012,26.43446538,6.860000133514404,A2
46068,81067,140.91774925,5.21957677,6.860000133514404,A2
48298,85259,147.7053252,11.84241822,6.860000133514404,A0
67800,121247,208.33674052,42.18480019,6.860000133514404,A0
79161,145870,242.34802174,63.4076702,6.860000133514404,A3
82702,152951,253.57825825,46.53908623,6.860000133514404,A2
87478,163466,268.1057335,60.39627063,6.860000133514404,A2
87819,163296,269.08872088,-21.95597962,6.860000133514404,A1V
88349,165459,270.62814638,58.62720729,6.860000133514404,A2
91137,171296,278.86071514,-32.89076711,6.860000133514404,A0V
92336,178564,282.28425743,83.90512543,6.860000133514404,A2
93204,176626,284.77396809,43.72098335,6.860000133514404,A2
94505,181043,288.51629164,67.11553561,6.860000133514404,A2
100475,194096,305.63416927,34.99077794,6.860000133514404,A0
101263,195575,307.88343763,21.89508707,6.860000133514404,A3
103748,199952,315.35790051,-32.89560163,6.860000133514404,A3III/IV
104293,201120,316.92669974,-2.05222029,6.860000133514404,A3
109304,210353,332.17418983,47.93358774,6.860000133514404,A0
2243,2453,7.11912255,32.43779213,6.869999885559082,A2p...
3042,3719,9.66940318,-73.13763182,6.869999885559082,A1m...
5232,6475,16.72503165,59.85864267,6.869999885559082,A2V...
15869,21160,51.10253263,-13.99295812,6.869999885559082,A2/A3IV/V
19363,26128,62.22289969,23.09864633,6.869999885559082,A3
20784,28667,66.77689443,-62.79965649,6.869999885559082,A0V
25727,36139,82.40649272,-0.0212243,6.869999885559082,A0
26035,36888,83.31749681,-34.30399437,6.869999885559082,A3V+...
27538,38819,87.48138314,31.785745,6.869999885559082,A3
34721,55474,107.84428053,-39.10221559,6.869999885559082,A3V
38900,63383,119.41559451,77.57647786,6.869999885559082,A3
42019,72113,128.47954751,58.60731324,6.869999885559082,A0
42899,74486,131.12999513,5.28582767,6.869999885559082,A0
43005,74978,131.46296885,-37.87733728,6.869999885559082,A1/A2IV
44421,77227,135.76189748,49.94827209,6.869999885559082,A2
45153,79009,137.98721797,18.04416969,6.869999885559082,A0
54141,96003,166.13890367,12.66699449,6.869999885559082,A3p
54814,97592,168.32292631,-50.12251812,6.869999885559082,A1/2V + KIII
54949,97881,168.78572219,-39.47693401,6.869999885559082,A2V
56941,101445,175.10032952,0.95217774,6.869999885559082,A3
58674,104481,180.46205861,-73.29851893,6.869999885559082,A1V
64925,115527,199.60385732,-45.76461115,6.869999885559082,A0V
74915,135748,229.64084875,-47.87913291,6.869999885559082,A2/A3V:
76001,138138,232.82176414,-33.81976849,6.869999885559082,A2/A3V
78792,144271,241.2854197,-3.52763438,6.869999885559082,A0
83168,154081,254.95870705,58.46255286,6.869999885559082,A3
86049,159415,263.78115402,-13.63778265,6.869999885559082,A0V
90347,169725,276.51400398,0.78048052,6.869999885559082,A3
92521,174467,282.83284231,-17.15428346,6.869999885559082,A3II
96011,184242,292.81823731,47.48127153,6.869999885559082,A3
99450,191619,302.77479946,-6.08768956,6.869999885559082,A0
110207,211971,334.8572648,60.14778061,6.869999885559082,A2Ib
110842,212661,336.83837821,-58.00064067,6.869999885559082,A1m A5-F0
432,17,1.30417878,35.57110311,6.880000114440918,A2
15039,20232,48.45911058,-38.80928244,6.880000114440918,A2/A3III/IV
17617,23538,56.60932939,13.50916609,6.880000114440918,A0
22476,30244,72.54175879,63.62553346,6.880000114440918,A0
28482,39894,90.20141673,67.01403353,6.880000114440918,A0
29951,43857,94.57258645,-5.65433077,6.880000114440918,A0
34778,54715,108.00455795,43.84304281,6.880000114440918,A0
34995,55579,108.61061674,24.71116439,6.880000114440918,A1sp...
41604,72740,127.22359299,-72.08188282,6.880000114440918,A3III
44568,78133,136.20843539,-46.81606787,6.880000114440918,A2V
47272,83625,144.51344903,-54.21912609,6.880000114440918,A0p
52203,92518,159.99140311,-52.28412671,6.880000114440918,A0Vn...
55830,99459,171.64186113,-21.35650343,6.880000114440918,A0V
56520,100721,173.80896141,-35.6120472,6.880000114440918,A2/A3V
56920,101397,175.03892476,23.70815157,6.880000114440918,A3
69859,125469,214.44952719,55.42537378,6.880000114440918,A2
80641,148554,246.97770018,25.98431559,6.880000114440918,A3
82078,150408,251.48730572,-67.75011677,6.880000114440918,A3IV/V
86422,160740,264.87729918,44.00118805,6.880000114440918,A2
87589,162719,268.39254638,-27.28265347,6.880000114440918,A3III/IV
87656,162780,268.55990674,-34.72763427,6.880000114440918,A0IV:
89309,167135,273.35474902,11.88428938,6.880000114440918,A0
91297,172010,279.33555482,11.35583605,6.880000114440918,A0
94923,181521,289.74211539,40.36043925,6.880000114440918,A0
95879,183969,292.49542621,46.94648564,6.880000114440918,A0
97736,187664,297.924315,-14.77686711,6.880000114440918,A3III
98071,189013,298.97523474,47.09007651,6.880000114440918,A2
100886,194911,306.83696107,23.79050654,6.880000114440918,A2
100971,195053,307.08684598,20.11282765,6.880000114440918,A0
104291,201731,316.92018111,68.25406758,6.880000114440918,A2
115944,221169,352.36222432,46.46494539,6.880000114440918,A2
2814,3210,8.95289342,49.02115007,6.889999866485596,A2
9358,12262,30.06178693,-3.36827572,6.889999866485596,A0
17549,23267,56.37934905,42.006997,6.889999866485596,A0
18437,24966,59.12230716,-38.96216886,6.889999866485596,A0V
18688,25022,60.04352861,40.01371803,6.889999866485596,A0
26842,38511,85.48971999,-62.91377822,6.889999866485596,A1V
28081,40138,89.04436269,-21.12262854,6.889999866485596,A1V
28374,40443,89.91505025,21.60426769,6.889999866485596,A0
30328,44602,95.68853665,4.21042253,6.889999866485596,A3
30583,45382,96.41866049,-29.70297256,6.889999866485596,A0V
43984,76216,134.35496959,58.21878963,6.889999866485596,A2
45667,80432,139.6331369,-39.04387618,6.889999866485596,A1V
54110,95981,166.08009599,-1.27819643,6.889999866485596,A0
54960,97864,168.82341847,-19.6375594,6.889999866485596,A3V
74359,134854,227.94885092,10.2165233,6.889999866485596,A0
83285,154199,255.30918959,52.60448109,6.889999866485596,A0
83406,153579,255.71882452,-50.16037094,6.889999866485596,A0V
85700,158409,262.69985554,-37.43690986,6.889999866485596,A0/A1V:
92501,174532,282.77266353,-3.26099582,6.889999866485596,A2
92738,178738,283.47413784,82.3699739,6.889999866485596,A0
94812,180889,289.38267963,21.81386311,6.889999866485596,A3
96241,184451,293.54637242,7.78578906,6.889999866485596,A0
108301,208744,329.11375056,59.79510424,6.889999866485596,A0
110166,211733,334.71857463,16.25797301,6.889999866485596,A3III
13569,18252,43.70643981,-33.52489584,6.900000095367432,A3m...
18286,24805,58.65625533,-46.41687309,6.900000095367432,A3V
28187,40210,89.35532123,0.02754004,6.900000095367432,A0V
30149,44288,95.16688531,-9.89099558,6.900000095367432,A2
34881,55129,108.26752066,31.96549921,6.900000095367432,A0
42769,74294,130.72410512,-9.80551093,6.900000095367432,A2
47530,84042,145.35345925,-33.39631574,6.900000095367432,A0/A1V
51739,91645,158.5708008,-37.38680247,6.900000095367432,A0IV
52274,92692,160.22108366,-57.93560109,6.900000095367432,A2Ia
52683,93273,161.58048566,12.74792128,6.900000095367432,A2
63083,112241,193.88518821,-30.07008567,6.900000095367432,A2/A3V
66806,118667,205.4145879,-75.1153625,6.900000095367432,A0V+...
70824,126692,217.25229844,-56.13685046,6.900000095367432,A3II
75764,138406,232.16360265,61.72663675,6.900000095367432,A0
82891,153598,254.09138764,62.36986474,6.900000095367432,A0
96806,185187,295.17517861,-54.21031881,6.900000095367432,A3/A4V
115858,220978,352.10519643,-25.4204998,6.900000095367432,A3
116204,221473,353.16917513,-45.12146108,6.900000095367432,A1V
9563,12538,30.71771388,-2.37772132,6.909999847412109,A3
15882,21049,51.14361598,22.04036143,6.909999847412109,A0
19249,26066,61.87197809,-6.00743101,6.909999847412109,A2
31309,46048,98.49007451,52.46160182,6.909999847412109,A3...
45722,80079,139.81397832,46.9438126,6.909999847412109,A0
46313,81694,141.66554394,-24.1678689,6.909999847412109,A0V
47863,84688,146.32284054,-54.24746619,6.909999847412109,A2V
55060,97889,169.07924878,59.94318343,6.909999847412109,A3
55531,98853,170.6197858,-8.84265134,6.909999847412109,A2
69917,125557,214.62984582,52.03332805,6.909999847412109,A2
70918,126997,217.54163574,-43.86382678,6.909999847412109,A0/A1V
72192,129791,221.49025105,-44.86747296,6.909999847412109,A0V
72725,131265,223.03094991,20.29068282,6.909999847412109,A0
73150,131885,224.23944984,-26.28496284,6.909999847412109,A0V
73357,132347,224.87184964,-30.7114421,6.909999847412109,A3m...
78118,142643,239.27104908,-35.92755592,6.909999847412109,A3V
82538,152071,253.06694183,-25.60057893,6.909999847412109,A0V
86813,161322,266.076555,13.78392161,6.909999847412109,A3
91752,173000,280.65399914,15.19941373,6.909999847412109,A0
93161,176893,284.64113204,60.66724814,6.909999847412109,A0
96887,186255,295.4158238,40.02231075,6.909999847412109,A3
98801,190338,300.99739987,17.12294327,6.909999847412109,A2
98987,190750,301.43460212,22.79721893,6.909999847412109,A0
99604,192007,303.19717475,-2.99595343,6.909999847412109,A0
106085,205022,322.3356014,67.05098669,6.909999847412109,A2
114604,219109,348.25642403,42.06223643,6.909999847412109,A2
115742,220811,351.73767994,-15.24769754,6.909999847412109,A3III
4496,5617,14.40729852,-18.998633,6.920000076293945,A2V
13063,17217,41.98049616,55.61361675,6.920000076293945,A0
28255,40335,89.55633289,1.85640691,6.920000076293945,A0
30333,44496,95.70677331,17.57411458,6.920000076293945,A0
38525,64107,118.33776816,28.05202293,6.920000076293945,A0
41629,71537,127.30310234,32.69231326,6.920000076293945,A0
54493,96838,167.23757534,-19.41645158,6.920000076293945,A0/A1V
60668,108196,186.50508779,-49.58827282,6.920000076293945,A0V
63677,113365,195.74782527,22.63758861,6.920000076293945,A0
72362,130163,221.94568771,-39.92638007,6.920000076293945,A0V
81634,150379,250.14646013,4.20722707,6.920000076293945,A3IV
84634,156232,259.52279303,-38.16398354,6.920000076293945,A0IV
88069,163708,269.8060902,-36.93881859,6.920000076293945,A3III
90140,169617,275.93361502,38.34507437,6.920000076293945,A0
91192,172068,279.0499743,41.27807382,6.920000076293945,A0...
91361,172244,279.49973923,28.62993513,6.920000076293945,A0
92926,176003,283.98808843,44.22830892,6.920000076293945,A2
94023,179095,287.13900861,50.3638425,6.920000076293945,A0
95901,184195,292.55250658,56.64445927,6.920000076293945,A0
96499,185193,294.27747074,22.00595088,6.920000076293945,A3
96936,186201,295.58046891,18.46563124,6.920000076293945,A0
98705,190070,300.71723383,10.9117103,6.920000076293945,A2
99588,191949,303.16087567,-6.36609394,6.920000076293945,A0
99772,191585,303.64550692,-64.42970045,6.920000076293945,A2/A3IV
99967,193010,304.22912783,31.50524135,6.920000076293945,A0
100121,193122,304.6560756,0.64107378,6.920000076293945,A3
102120,197245,310.42418347,24.18249488,6.920000076293945,A0
104501,201020,317.53101088,-64.02531782,6.920000076293945,A3m...
117830,223960,358.4582782,60.85340647,6.920000076293945,A0Ia comp
159,224945,0.51081115,-2.76616306,6.929999828338623,A3
4390,5397,14.06166113,35.22864018,6.929999828338623,A0
18863,25466,60.66025991,-0.80102081,6.929999828338623,A0
19881,27076,63.96537884,-22.15133325,6.929999828338623,A3V
29154,42092,92.24867494,2.49642266,6.929999828338623,A0
44135,77455,134.83611204,-63.46685151,6.929999828338623,A0V
48723,86193,149.06494089,-31.09147648,6.929999828338623,A1III/IV
58616,104381,180.30745479,12.37778072,6.929999828338623,A1V
59451,105967,182.91764604,4.05588647,6.929999828338623,A0
61068,109002,187.74260846,65.89785922,6.929999828338623,A3
67260,119884,206.7941099,-52.26921575,6.929999828338623,A0V
78858,144516,241.4677922,9.9359304,6.929999828338623,A2
91571,172522,280.09420561,8.86846785,6.929999828338623,A2III
96588,185354,294.54038418,17.24322687,6.929999828338623,A0
98699,190167,300.69710442,28.51484727,6.929999828338623,A1V
98945,190522,301.33474284,0.45451197,6.929999828338623,A0
102309,197562,310.94860298,23.79111784,6.929999828338623,A0
105352,203286,320.0855728,33.48545852,6.929999828338623,A0
109393,210641,332.4353942,64.12238223,6.929999828338623,A2
110520,212180,335.85272735,-46.66862352,6.929999828338623,A1V
112153,215129,340.74206064,1.21738369,6.929999828338623,A3
112281,215131,341.14137719,-63.95389461,6.929999828338623,A1V
117129,222922,356.18915952,43.74623851,6.929999828338623,A0
6369,8437,20.45364903,-66.38411535,6.940000057220459,A0m...
8081,10495,25.9460738,55.87753548,6.940000057220459,A2
10856,14172,34.93537926,60.02956572,6.940000057220459,A2V
20780,28150,66.77024275,18.20758048,6.940000057220459,A0
21219,28342,68.27962305,67.63149302,6.940000057220459,A2
28792,41381,91.17853448,-1.58042231,6.940000057220459,A0
30795,47332,97.0610212,-77.29093524,6.940000057220459,A1IV
40608,69818,124.368173,-32.87009591,6.940000057220459,A1IV
44268,77285,135.22231201,-24.15366971,6.940000057220459,A0/A1V
46621,82105,142.59825471,21.81274377,6.940000057220459,A3
47950,84727,146.56724285,-33.50825066,6.940000057220459,A0III
52883,93731,162.24036498,-27.91782438,6.940000057220459,A3IIIm...
63350,112680,194.71984222,-39.10561548,6.940000057220459,A0V
65822,117193,202.40076249,-47.87578396,6.940000057220459,A1V
68196,122007,209.42840202,53.91010011,6.940000057220459,A0
73189,131992,224.38306685,-25.44178337,6.940000057220459,A2/A3V
92268,173732,282.06151321,-33.90814594,6.940000057220459,A3III
96199,183997,293.42583865,-34.19764015,6.940000057220459,A0IV/V
102205,194149,310.63978636,-84.40704999,6.940000057220459,A1m...
110522,212318,335.86508254,0.6086383,6.940000057220459,A2
112871,216285,342.86108097,26.39100769,6.940000057220459,A3
113028,216503,343.36497124,-5.98792845,6.940000057220459,A2
1799,1826,5.70759794,29.45430352,6.949999809265137,A3
2782,3184,8.87108274,54.20349001,6.949999809265137,A2
15399,20393,49.63551029,44.7196193,6.949999809265137,A0
17999,24076,57.71840155,23.96158078,6.949999809265137,A2V
19356,25929,62.19715813,50.20048261,6.949999809265137,A0
20179,27436,64.87910549,-8.11956287,6.949999809265137,A0
27027,37735,85.99416761,54.86486621,6.949999809265137,A0
30049,43836,94.84384719,23.27451163,6.949999809265137,A0II
41285,71549,126.34266285,-55.748664,6.949999809265137,A2m...
42760,73190,130.71373774,73.16921648,6.949999809265137,A0
46522,82030,142.32694312,-3.16545717,6.949999809265137,A0
51870,91904,158.96521002,-49.23108174,6.949999809265137,A2/A3IV/V
56649,100954,174.24180116,-38.95953403,6.949999809265137,A0/A1V
61639,109808,189.53037716,-55.9311863,6.949999809265137,A1/A2V
67744,120901,208.1618268,-18.70902706,6.949999809265137,A1V
70041,126028,214.97883054,67.78248362,6.949999809265137,A0
87939,163792,269.46250748,2.2535511,6.949999809265137,A0
88379,166655,270.71223397,75.79009298,6.949999809265137,A0
90728,170699,277.67156048,4.51084627,6.949999809265137,A2
91775,173415,280.7108655,47.57514361,6.949999809265137,A2
94366,179782,288.10149196,36.18220482,6.949999809265137,A0
103550,199651,314.68807353,-3.84149263,6.949999809265137,A3
106259,203153,322.84096412,-83.03368736,6.949999809265137,A2V
110410,212365,335.46561056,63.13994229,6.949999809265137,A0
111127,213220,337.67877853,-44.09371413,6.949999809265137,A0/A1V
116396,221813,353.79540454,12.66212254,6.949999809265137,A3
15279,20402,49.28739736,6.79996605,6.960000038146973,A3
17101,22820,54.94649566,-6.77720997,6.960000038146973,A2
17791,23763,57.12534946,24.34562875,6.960000038146973,A1V
18602,24717,59.70760613,57.45097654,6.960000038146973,A0
23933,33034,77.14724348,28.2734583,6.960000038146973,A2
31763,46635,99.65158133,61.47778044,6.960000038146973,A3
35690,55667,110.46142955,75.08963038,6.960000038146973,A2
38301,63774,117.70244133,5.85924245,6.960000038146973,A2
40713,69901,124.65560362,-14.56639335,6.960000038146973,A1V
45592,80046,139.38717049,0.55494213,6.960000038146973,A0
55170,98153,169.43462187,27.36224795,6.960000038146973,A2
81717,150525,250.37582777,4.87189353,6.960000038146973,A0
82527,152210,253.0322365,-2.79832665,6.960000038146973,A0
87306,162083,267.58814639,-27.06156209,6.960000038146973,A3V
92089,173720,281.51877465,18.48784966,6.960000038146973,A0
94651,179831,288.89752167,-36.9493043,6.960000038146973,A3V
98182,189086,299.28451666,30.7774752,6.960000038146973,A0
98998,190662,301.4833338,4.77556419,6.960000038146973,A0
17745,23920,56.99608238,-26.32861614,6.96999979019165,A3V
26548,36554,84.6851239,70.36453132,6.96999979019165,A0
28464,41296,90.14886147,-58.1021538,6.96999979019165,A3V
36120,58693,111.6054363,-10.08949147,6.96999979019165,A2
39716,67704,121.77313733,-47.79389129,6.96999979019165,A0V
45378,79566,138.71662528,-1.58709449,6.96999979019165,A2
47999,84824,146.76657255,-31.26812579,6.96999979019165,A2V
49411,87556,151.30013626,-28.1970547,6.96999979019165,A0V
50658,89669,155.18460087,-5.38204977,6.96999979019165,A2
51061,90361,156.49449858,2.92921546,6.96999979019165,A0
51633,91398,158.22769832,-22.52761026,6.96999979019165,A0V
56841,101312,174.79448784,-57.73952775,6.96999979019165,A0V
59360,105785,182.67546108,-56.44228464,6.96999979019165,A3V
74678,135679,228.92270378,25.64254249,6.96999979019165,A0
75461,136272,231.23838227,-72.04632483,6.96999979019165,A1III/IV
80673,148321,247.06280882,-25.45402538,6.96999979019165,A1m...
84846,156721,260.11505332,-29.36494727,6.96999979019165,A1V
92672,176282,283.2537393,71.78719243,6.96999979019165,A2
98191,188859,299.30511671,0.35206103,6.96999979019165,A0
99090,191700,301.75001763,66.30805078,6.96999979019165,A0
99420,191944,302.68443148,41.24702079,6.96999979019165,A2
101492,195827,308.50755111,-12.34364129,6.96999979019165,A2IV/V
106226,205372,322.74638923,70.82322495,6.96999979019165,A2Vn
113967,218003,346.20917764,-27.13604837,6.96999979019165,A3III
115646,220694,351.41434734,24.9537709,6.96999979019165,A3
9966,13141,32.08223772,-10.04135048,6.980000019073486,A3
11971,15983,38.6080058,11.60488205,6.980000019073486,A0
17347,22553,55.68821404,69.84571989,6.980000019073486,A3+...
17744,23827,56.99528444,-2.86142225,6.980000019073486,A2
19370,26031,62.23675406,41.50401507,6.980000019073486,A3
20529,28398,65.98258619,-66.73726628,6.980000019073486,A2m...
29619,43369,93.62627178,-29.60429193,6.980000019073486,A0V
31000,45769,97.59114186,22.54493978,6.980000019073486,A0
31155,46199,98.07302398,8.81800444,6.980000019073486,A3
39017,65526,119.76637059,-4.33231464,6.980000019073486,A3
39556,66778,121.24436455,-3.49583881,6.980000019073486,A0
40754,69788,124.78624939,16.12189591,6.980000019073486,A0
42197,72778,129.06482215,42.57987853,6.980000019073486,A2
43774,76273,133.74327004,-3.55562398,6.980000019073486,A2
45550,78846,139.25583743,77.07416567,6.980000019073486,A0
45697,80369,139.74167091,-16.80077447,6.980000019073486,A3III/IV
48126,84984,147.18128209,-9.91863183,6.980000019073486,A0
59502,106036,183.04303142,-63.45408945,6.980000019073486,A2V
70513,126366,216.36522325,-19.96581224,6.980000019073486,A2V
71452,128481,219.18195641,12.87814986,6.980000019073486,A0
76217,138575,233.54217772,-33.17127196,6.980000019073486,A0V
76508,139202,234.38044318,-22.11700171,6.980000019073486,A1m...
76549,139000,234.50912126,-54.52198414,6.980000019073486,A1/A2V
76699,139799,234.91656598,16.31391885,6.980000019073486,A2
77394,141063,236.98510162,-25.98693148,6.980000019073486,A1IV
80974,148968,248.03374023,-12.43162015,6.980000019073486,A0V
89777,168481,274.81792494,15.82604593,6.980000019073486,A3
93201,176466,284.76104878,33.11723337,6.980000019073486,A2
94485,180008,288.47245312,25.75881459,6.980000019073486,A0
94510,179609,288.53652609,-22.06060488,6.980000019073486,A0/A1V
102474,197832,311.48746541,7.37909624,6.980000019073486,A0
104717,201941,318.18892067,2.64278504,6.980000019073486,A2
106969,206261,324.97385406,39.51494062,6.980000019073486,A2
109418,210513,332.52733505,35.21394765,6.980000019073486,A2
110786,212741,336.67352265,-11.22817087,6.980000019073486,A3
111112,213530,337.63595269,61.62376899,6.980000019073486,A0
115044,219977,349.50576354,79.87431606,6.980000019073486,A2
1333,1223,4.17935512,36.62987437,6.989999771118164,A0
5878,7511,18.86787059,20.41460568,6.989999771118164,A2
6060,7710,19.44983428,49.00847692,6.989999771118164,A0+...
8211,10795,26.43267574,3.66724627,6.989999771118164,A3
12540,16763,40.34002121,4.42793018,6.989999771118164,A0
14387,19102,46.39779764,36.7987882,6.989999771118164,A2
16410,,52.83278591,27.57185735,6.989999771118164,A3V
17692,23632,56.83731884,23.80345386,6.989999771118164,A1V
26814,37315,85.40293321,60.62301966,6.989999771118164,A3
27106,38219,86.22185318,16.0861132,6.989999771118164,A0
33217,50202,103.69157867,48.90509427,6.989999771118164,A3
34943,55356,108.45905047,28.49406919,6.989999771118164,A0
38668,64857,118.75251196,-23.46537818,6.989999771118164,A0V
42029,72795,128.50715276,-25.09939886,6.989999771118164,A2/A3V
42184,72884,129.01029831,24.05114695,6.989999771118164,A0
49351,87580,151.11610716,-51.79839496,6.989999771118164,A0V + B/A
55629,99062,170.94810845,-36.0892138,6.989999771118164,A0V
61628,109840,189.46600133,4.28868321,6.989999771118164,A2
67289,120088,206.85585318,-6.70538619,6.989999771118164,A3
68055,121626,209.01992895,28.67252486,6.989999771118164,A0
70716,126606,216.93955019,-44.33019118,6.989999771118164,A1V
78541,143488,240.52022562,-36.74386164,6.989999771118164,A0V
82718,153596,253.61879809,70.46409545,6.989999771118164,A2
84657,156123,259.60001278,-50.21096611,6.989999771118164,A0V
92126,173611,281.65280654,-8.11975042,6.989999771118164,A0
98343,189474,299.71509524,35.49773654,6.989999771118164,A0
98951,190268,301.35770641,-34.66680979,6.989999771118164,A0IV
102181,196952,310.56547449,-44.88520796,6.989999771118164,A2V
102183,197618,310.57000523,57.3853595,6.989999771118164,A3
105295,203067,319.91395716,9.52532589,6.989999771118164,A2
107084,206403,325.34525844,21.94403115,6.989999771118164,A0
107268,206807,325.90262373,38.30462747,6.989999771118164,A0
108812,209439,330.65522274,33.37938774,6.989999771118164,A3
5671,7215,18.2207567,32.07546528,7.0,A0V
10985,14477,35.39864603,44.59999227,7.0,A2
26668,37660,85.01662323,-1.42547903,7.0,A2
32572,49294,101.94815779,0.34017027,7.0,A2
36595,58917,112.90051745,62.50189395,7.0,A0...
36919,60383,113.84990966,28.62764549,7.0,A3
37111,60293,114.38520502,60.53860708,7.0,A0
40621,70175,124.39254215,-58.69752017,7.0,A0V
41703,72372,127.56522236,-51.13500129,7.0,A1m...
51090,90430,156.57696465,-6.42719954,7.0,A0
52823,93457,162.01070588,41.10995606,7.0,A3
63123,112305,194.00632371,-31.48206193,7.0,A0V
77448,144463,237.17717193,83.61965924,7.0,A3
80167,146964,245.47742904,-55.55152665,7.0,A3IV
86550,161016,265.3075593,41.65491078,7.0,A2
92359,174530,282.34993872,33.70082487,7.0,A0
93708,177599,286.22129453,15.73599305,7.0,A0
104810,202025,318.50734787,-22.2120896,7.0,A0V
9897,12954,31.83593788,27.23765018,7.010000228881836,A2
13579,18091,43.72988219,17.73481468,7.010000228881836,A3
14597,19322,47.1123169,51.16651502,7.010000228881836,A2
25324,35593,81.25009655,-19.37387974,7.010000228881836,A0IV/V
28952,42058,91.66419558,-41.22001351,7.010000228881836,A0/A1V
30273,44250,95.51597766,29.96417272,7.010000228881836,A0
31595,46866,99.17647463,23.09805062,7.010000228881836,A0
46223,81421,141.36272544,-6.40448383,7.010000228881836,A3
50079,88424,153.37002276,57.99375157,7.010000228881836,A2
55045,98036,169.03182844,-41.02162175,7.010000228881836,A2V
63139,112372,194.06266828,-4.86402799,7.010000228881836,A0...
65426,116434,201.15054009,-51.50441093,7.010000228881836,A2V
77418,140977,237.08020746,-44.35177752,7.010000228881836,A2III
79465,145891,243.24067424,12.80063648,7.010000228881836,A3
84734,156506,259.81926521,-31.36160329,7.010000228881836,A2V
91559,172543,280.07825049,12.05425317,7.010000228881836,A0
95272,182487,290.75155431,42.97418607,7.010000228881836,A0
99371,190733,302.54220547,-63.62295296,7.010000228881836,A3/A4IV
100447,194204,305.55252178,50.54112017,7.010000228881836,A0
102161,197329,310.50969782,31.31184671,7.010000228881836,A0
103880,200199,315.73536967,-29.11033771,7.010000228881836,A2Vp...
106258,204864,322.82881931,3.81836834,7.010000228881836,A3
114203,218536,346.92553905,65.61688278,7.010000228881836,A2
15147,20291,48.81310654,-20.01902759,7.019999980926514,A0/A1V
16772,22541,53.95750428,-43.71642828,7.019999980926514,A2IV
22367,30573,72.23443223,3.68973404,7.019999980926514,A0
27698,39484,87.976334,-25.21923397,7.019999980926514,A1V
31382,46854,98.69092652,-20.5574509,7.019999980926514,A1V
34357,54141,106.84036449,-9.98514088,7.019999980926514,A1V
34441,54217,107.09318027,7.88141065,7.019999980926514,A0
34694,55036,107.79379987,-4.70332347,7.019999980926514,A3Ib
35471,57190,109.83384957,-22.04971467,7.019999980926514,A3/A4V
36130,58666,111.64235875,-0.46948594,7.019999980926514,A2
43417,75561,132.65140667,-4.69958228,7.019999980926514,A2
45079,79154,137.74045324,-43.26740367,7.019999980926514,A0V
61599,109772,189.3386038,-8.30027491,7.019999980926514,A0
79411,145020,243.09258271,-61.92894089,7.019999980926514,A0V
82598,152192,253.27946158,-30.42959613,7.019999980926514,A3III
83388,154015,255.63817616,9.8202808,7.019999980926514,A2
84871,157255,260.18943563,32.67438151,7.019999980926514,A0
89110,166956,272.80419306,39.10055912,7.019999980926514,A0
97907,188418,298.44708362,34.58382535,7.019999980926514,A0
104272,201038,316.85951404,-8.23487628,7.019999980926514,A0
107100,206430,325.41005301,21.60222426,7.019999980926514,A3
111694,214398,339.38902331,24.00136892,7.019999980926514,A3
112900,216308,342.94220524,15.08582939,7.019999980926514,A0
115667,220750,351.50410508,39.33954205,7.019999980926514,A0
4985,6354,15.98163206,-40.64830312,7.03000020980835,A3III/IV
15001,20142,48.34158112,-27.57401895,7.03000020980835,A2/A3V
18731,25614,60.18682869,-58.66175677,7.03000020980835,A2V
22352,30468,72.18276347,21.31580795,7.03000020980835,A0
22910,31293,73.94101407,30.55125115,7.03000020980835,A0pe
25483,35714,81.74995716,7.17036481,7.03000020980835,A0
29851,43762,94.28303933,-22.37431205,7.03000020980835,A0V
35229,56637,109.20941877,-25.15901583,7.03000020980835,A1V
35866,58283,110.91837852,-30.44925737,7.03000020980835,A3V
37842,62863,116.36975907,-14.68611378,7.03000020980835,A0/A1V
40415,70953,123.75740291,-79.31875496,7.03000020980835,A0V
42874,74292,131.06196313,32.06260652,7.03000020980835,A2
45510,79765,139.11337748,18.81028589,7.03000020980835,A3
47082,83247,143.92205992,-44.18815127,7.03000020980835,A1(m)A1-A5
47571,84171,145.50598638,-42.28267761,7.03000020980835,A2V
50987,90335,156.23739605,-38.30324857,7.03000020980835,A0IV
56797,101288,174.65803316,-72.36861674,7.03000020980835,A3V
58117,103498,178.79717288,46.46978128,7.03000020980835,A1spe...
65106,115983,200.14114147,4.82712864,7.03000020980835,A3
72814,131383,223.23539827,15.13239541,7.03000020980835,A2
78196,142851,239.49731935,-31.72886405,7.03000020980835,A0V
78590,143992,240.6926068,22.23852598,7.03000020980835,A2
78602,143715,240.71649622,-25.01424432,7.03000020980835,A0V
82714,152384,253.61000347,-33.47528556,7.03000020980835,A0V
92876,175579,283.8681821,13.22245533,7.03000020980835,A0
98756,189830,300.88182931,-36.59630403,7.03000020980835,A1V
99796,192501,303.71548352,10.47233974,7.03000020980835,A0
105315,202990,319.95260646,-14.017515,7.03000020980835,A0V
2936,3434,9.32417347,11.43659254,7.039999961853027,A2
15239,20484,49.13624705,-35.6911722,7.039999961853027,A3V
23866,33020,76.9424908,10.89506754,7.039999961853027,A0
26514,37933,84.56832411,-59.11658502,7.039999961853027,A2V
26823,38616,85.42821206,-67.40278192,7.039999961853027,A2Ib/IIp
28455,40545,90.11785965,22.89973432,7.039999961853027,A2
32387,48845,101.3879037,4.59413093,7.039999961853027,A0
35164,56367,109.02489851,-14.51000584,7.039999961853027,A2IV/V
41398,71262,126.68192144,7.650674,7.039999961853027,A0
44982,78876,137.44084121,-25.80312548,7.039999961853027,A0V
48849,86675,149.4557035,-61.93198271,7.039999961853027,A0V
64882,115214,199.4987395,-73.34442378,7.039999961853027,A1m...
67775,120508,208.27620988,-73.26863238,7.039999961853027,A2V
72940,131399,223.60554231,-34.14271249,7.039999961853027,A1V
73635,133330,225.77653825,28.26723584,7.039999961853027,A0
75476,137015,231.27686739,-38.16918035,7.039999961853027,A1/A2V
76251,138833,233.63178481,4.73066798,7.039999961853027,A2
77283,141070,236.68094925,9.78626105,7.039999961853027,A2
82560,151966,253.13290193,-42.99173296,7.039999961853027,A0V
84859,156335,260.15461891,-59.44044206,7.039999961853027,A0V
87405,163203,267.93635061,56.12019395,7.039999961853027,A3
92740,175058,283.4831203,-9.37030343,7.039999961853027,A2
95045,181414,290.08125845,4.7781403,7.039999961853027,A2
96092,184061,293.05285182,9.33428559,7.039999961853027,A0
101481,196407,308.48413067,61.74339071,7.039999961853027,A0
105060,202577,319.24264707,-10.13497821,7.039999961853027,A0
115428,220337,350.7217263,2.81834336,7.039999961853027,A0
1496,1448,4.66966639,44.63002263,7.050000190734863,A2
15883,21319,51.1439258,-45.66391936,7.050000190734863,A2V+...
16268,21590,52.42730329,16.76237441,7.050000190734863,A0p
17268,23095,55.47631332,-14.36317974,7.050000190734863,A1IV/V
17337,23083,55.65529979,8.63467378,7.050000190734863,A2
22869,31032,73.79226704,51.60464807,7.050000190734863,A0
27408,39177,87.05530149,-48.91856603,7.050000190734863,A1V
32072,48157,100.51956738,3.2483562,7.050000190734863,A2V
32295,48494,101.12530227,20.69302508,7.050000190734863,A0
32436,49302,101.55678731,-34.24287588,7.050000190734863,A3V
33893,52403,105.53005467,25.42560095,7.050000190734863,A2
34861,55156,108.2057452,25.74870585,7.050000190734863,A0
34893,54776,108.28950172,54.49367597,7.050000190734863,A2
56701,101103,174.3916581,-60.36490769,7.050000190734863,A1Ib
57604,102589,177.15247625,28.7999489,7.050000190734863,A2V
74115,133426,227.2029602,-70.71052256,7.050000190734863,A0V
74725,135310,229.0712943,-48.04460741,7.050000190734863,A2III/IV
78042,142431,239.02142928,-40.70471199,7.050000190734863,A2V
79244,145188,242.58290763,-22.15695164,7.050000190734863,A0V
79998,148432,244.95538349,76.14310903,7.050000190734863,A3
84743,156987,259.84947844,28.0259457,7.050000190734863,A0
86301,160486,264.51428245,43.59893065,7.050000190734863,A2
89922,168400,275.23222562,-33.33353121,7.050000190734863,A2IV/V
92171,173744,281.78448143,-5.89855807,7.050000190734863,A0
95343,182110,290.95389787,-17.1957295,7.050000190734863,A0V
99838,192483,303.84775918,-5.53668907,7.050000190734863,A2
110733,212734,336.51785847,25.9276584,7.050000190734863,A0
115146,219860,349.85732351,-39.15838526,7.050000190734863,A3Vm...
116114,221537,352.91485471,77.819645,7.050000190734863,A0
13409,17744,43.16628368,48.8166139,7.059999942779541,A0
15504,20728,49.94373267,-18.84428415,7.059999942779541,A1/A2IV
26117,36811,83.54058426,-1.90186751,7.059999942779541,A1m
29994,43841,94.70612835,11.16508386,7.059999942779541,A0
31427,46659,98.77962833,12.66899342,7.059999942779541,A3
38266,63312,117.59515394,45.79185802,7.059999942779541,A3V
39217,66097,120.32737917,-22.33696055,7.059999942779541,A1V
41768,71844,127.7656649,40.05560847,7.059999942779541,A3
43666,75976,133.44065846,13.8304194,7.059999942779541,A3
63627,113204,195.60579169,-29.26553182,7.059999942779541,A2V
72895,131368,223.4720314,-23.974228,7.059999942779541,A3V
73115,131678,224.14333809,-46.95047196,7.059999942779541,A2:V+...
74570,134990,228.54123423,-38.49198358,7.059999942779541,A1/A2V
78452,144283,240.24107998,64.95004261,7.059999942779541,A2
79984,146952,244.89637363,-18.82803324,7.059999942779541,A1IV
85534,158418,262.19900529,10.53404737,7.059999942779541,A2
95620,182991,291.73646236,12.06208775,7.059999942779541,A0
104326,200918,317.00445238,-46.4930348,7.059999942779541,A0V
107512,207147,326.61996087,22.17447428,7.059999942779541,A2
108237,208349,328.9104944,2.36082171,7.059999942779541,A2
110657,212611,336.26115167,32.79123577,7.059999942779541,A2
113255,216912,344.01397612,58.19583915,7.059999942779541,A0
116667,222221,354.64230527,35.03330534,7.059999942779541,A2
2496,2830,7.91974936,-1.79363321,7.070000171661377,A0
4978,6277,15.94642121,6.76486693,7.070000171661377,A0
6547,8226,21.03391702,72.84709187,7.070000171661377,A0
8519,10648,27.47135474,80.88644746,7.070000171661377,A0
19049,25752,61.22249249,-2.42708433,7.070000171661377,A0
29218,41847,92.41519036,43.14076203,7.070000171661377,A0
31368,46516,98.66378023,19.42906439,7.070000171661377,A0
32319,48890,101.21224121,-18.5704457,7.070000171661377,A2m...
33273,52493,103.81613054,-70.48911423,7.070000171661377,A0V
39207,65390,120.30073436,54.46061852,7.070000171661377,A3
39401,66176,120.82707439,26.2676208,7.070000171661377,A2
40548,69460,124.19848921,-9.01425032,7.070000171661377,A0
47938,84620,146.52881034,-19.7280284,7.070000171661377,A0/A1IV
78817,144115,241.34939449,-31.45684229,7.070000171661377,A2m...
79018,144399,241.93361637,-46.5252419,7.070000171661377,A0V
79878,146606,244.56736243,-28.04164667,7.070000171661377,A0V
84965,157297,260.48803076,11.67231619,7.070000171661377,A0
93142,176074,284.6070929,1.19815087,7.070000171661377,A2
95204,182010,290.5161781,17.75340568,7.070000171661377,A0
95236,181939,290.64155415,-3.71813038,7.070000171661377,A0
96090,183237,293.04950955,-60.26963654,7.070000171661377,A3IV
105318,202941,319.96424786,-27.20913748,7.070000171661377,A0V
105724,203977,321.20039027,25.88046455,7.070000171661377,A0
107921,207607,327.97384188,-54.65210591,7.070000171661377,A3V
110034,211746,334.30068868,66.12889714,7.070000171661377,A0
112905,216369,342.95588643,41.312972,7.070000171661377,A0
117479,223425,357.32633742,22.85459977,7.070000171661377,A0
118259,224611,359.79974702,53.56320489,7.070000171661377,A2
10453,13746,33.67561862,30.39479692,7.079999923706055,A0V
12115,16111,39.01793141,29.40380793,7.079999923706055,A0IV
18781,25228,60.35789211,28.50196972,7.079999923706055,A0
21342,28794,68.69136814,50.12451938,7.079999923706055,A0
21484,29323,69.20862685,-8.4604806,7.079999923706055,A0
25174,35192,80.77307391,1.05692656,7.079999923706055,A0...
28002,39911,88.85374151,-4.82555188,7.079999923706055,A0
36087,58244,111.52745671,31.89667891,7.079999923706055,A0
40962,70422,125.39552955,-8.67074992,7.079999923706055,A2
70553,126515,216.4829074,0.99278358,7.079999923706055,A2p
76438,139268,234.17745428,14.92484203,7.079999923706055,A0
79802,145547,244.30575407,-70.99135347,7.079999923706055,A2III/IV
93691,177213,286.19105393,-25.23103408,7.079999923706055,A0V
97609,187795,297.58248918,36.09822312,7.079999923706055,A0
101039,194944,307.25140985,-20.90150376,7.079999923706055,A1V
104911,202316,318.76606801,-2.57194842,7.079999923706055,A0
109964,211589,334.07800874,62.3160608,7.079999923706055,A3
9054,11735,29.15650578,53.30456225,7.090000152587891,A0
10560,13283,33.98579843,79.17918773,7.090000152587891,A2
15236,20355,49.11417673,-4.28722149,7.090000152587891,A2
20000,26907,64.33238601,46.21767795,7.090000152587891,A2
20046,26839,64.48212542,58.79076522,7.090000152587891,A0
24929,35402,80.11753443,-60.77991815,7.090000152587891,A3V
26655,37560,84.97782733,13.02274885,7.090000152587891,A0
27707,39441,88.00606455,-15.50617264,7.090000152587891,A2III
29090,41637,92.04873024,37.9827478,7.090000152587891,A2
37126,61176,114.43002741,-7.72722556,7.090000152587891,A3
48491,85690,148.34129913,-9.90367701,7.090000152587891,A0
51193,90606,156.8557439,-18.2867943,7.090000152587891,A0V
51542,91207,157.90788071,-14.88508936,7.090000152587891,A0/A1IV/V
60883,108660,187.16304112,49.63545848,7.090000152587891,A2V
62096,110616,190.88764192,-13.85949886,7.090000152587891,A1V
65219,116038,200.48818828,-51.28221363,7.090000152587891,A3/A4III/IV
67024,119430,206.03656645,-43.44125571,7.090000152587891,A0V
72534,130788,222.45031507,10.49291672,7.090000152587891,A2
80927,149141,247.87745418,33.5136994,7.090000152587891,A0
82884,153345,254.0756485,52.69843936,7.090000152587891,A0V
83402,153466,255.68436607,-54.56113757,7.090000152587891,A3IV
88587,166330,271.31273887,65.72348285,7.090000152587891,A0
89368,168600,273.56008972,70.83444926,7.090000152587891,A3
92978,176131,284.1338942,46.76635493,7.090000152587891,A2
93266,176798,284.98860239,43.2536224,7.090000152587891,A3
96786,185858,295.09892834,23.48008707,7.090000152587891,A2
99933,192894,304.14396676,21.40468528,7.090000152587891,A0
100834,194885,306.68235169,39.49591929,7.090000152587891,A0
101114,195198,307.43688846,2.99623756,7.090000152587891,A0
101159,194441,307.57256698,-69.06912302,7.090000152587891,A3V
103720,199917,315.26368155,-29.72856077,7.090000152587891,A2III/IV
104630,202084,317.91459361,53.74623103,7.090000152587891,A0
105490,204087,320.4930404,72.05922804,7.090000152587891,A0
116225,221530,353.23098178,-3.01666677,7.090000152587891,A0
11336,15027,36.46706948,25.15963376,7.099999904632568,A3
28309,40255,89.73277109,29.98387119,7.099999904632568,A3
31785,47596,99.69005514,-16.26084766,7.099999904632568,A0V
37864,62834,116.42838011,-5.67848866,7.099999904632568,A0
39158,65666,120.13509364,18.84315346,7.099999904632568,A0
44359,77314,135.49495728,2.67122861,7.099999904632568,A2
45919,66368,140.45342894,88.57030562,7.099999904632568,A0
49995,88549,153.09976347,-15.06801731,7.099999904632568,A0/A1IV
50857,89892,155.7721928,35.21763899,7.099999904632568,A2
51173,90654,156.79039091,-42.05300988,7.099999904632568,A3V
56219,100150,172.8823624,17.74988542,7.099999904632568,A1II:
57556,102481,176.95850525,49.82294385,7.099999904632568,A2V
61192,108913,188.07787665,-79.78385898,7.099999904632568,A0V
84267,155389,258.38449839,-47.31934768,7.099999904632568,A0V
90034,168814,275.56655684,-14.38869446,7.099999904632568,A1Ib
91112,171347,278.78284541,-16.98553224,7.099999904632568,A3III
91629,172261,280.3046687,-42.16665969,7.099999904632568,A2IV
92410,174549,282.48239406,26.42510135,7.099999904632568,A2
92412,173794,282.48859436,-52.12200279,7.099999904632568,A3III/IV
93517,178304,285.67902095,68.32517208,7.099999904632568,A2
97824,187741,298.18473138,-31.97674117,7.099999904632568,A2/A3IV
99394,191704,302.61681923,25.04904701,7.099999904632568,A0
100680,194233,306.1854233,-8.76943998,7.099999904632568,A3
109197,210401,331.80986869,70.69414299,7.099999904632568,A0
114024,218154,346.37089657,24.65304335,7.099999904632568,A0
114774,219361,348.74120334,28.07086616,7.099999904632568,A0
1755,1788,5.55937288,-5.19188884,7.110000133514404,A2
5347,6677,17.09412519,54.23138755,7.110000133514404,A0
9166,11962,29.50473478,28.51998759,7.110000133514404,A0
17034,22614,54.77795749,24.70298281,7.110000133514404,A0
20576,27729,66.1149559,41.73006148,7.110000133514404,A2
24160,33413,77.82559775,29.72999918,7.110000133514404,A0
27730,38438,88.07206073,71.28940689,7.110000133514404,A3
32715,50126,102.38159238,-45.56691051,7.110000133514404,A0V
34568,54763,107.39898369,-15.24317465,7.110000133514404,A1III
38460,64165,118.17545115,3.38390209,7.110000133514404,A2
42466,73791,129.87055446,-18.26731238,7.110000133514404,A2m...
44017,76784,134.46318021,-18.88897711,7.110000133514404,A1IV
45892,80508,140.3557176,40.28393809,7.110000133514404,A2
52240,92371,160.08824407,27.52527209,7.110000133514404,A2
54467,96844,167.16466753,-39.47225583,7.110000133514404,A0/A1V
55960,99665,172.01477582,-0.89780313,7.110000133514404,A0
75756,137884,232.13751532,0.60703796,7.110000133514404,A3
77570,141693,237.54949912,5.95483639,7.110000133514404,A0
85463,158263,261.96775031,11.39049574,7.110000133514404,A3
87146,161516,267.07199273,-47.25512361,7.110000133514404,A2III/IV
87278,162428,267.50513966,24.46808043,7.110000133514404,A0
92052,173610,281.43203862,11.49704146,7.110000133514404,A0
92434,174485,282.56229043,11.52266423,7.110000133514404,A0
93920,178190,286.86047966,6.16260981,7.110000133514404,A2
99827,192866,303.82164614,45.74102998,7.110000133514404,A3
100147,193314,304.71676033,21.21009863,7.110000133514404,A0
100737,194684,306.35977163,41.91040726,7.110000133514404,A2
102758,198332,312.31106669,14.60579005,7.110000133514404,A0
104812,202519,318.52046486,58.29720114,7.110000133514404,A0
108695,209260,330.27787772,39.24595474,7.110000133514404,A0
109312,210139,332.19086596,-25.77023579,7.110000133514404,A2III
114448,218806,347.67664936,26.52306736,7.110000133514404,A2
115910,221114,352.25924647,16.01254578,7.110000133514404,A2
116761,222367,354.9600598,34.9555001,7.110000133514404,A2
4713,5813,15.1364618,58.36413569,7.119999885559082,A3
12055,16152,38.85195105,-9.35074034,7.119999885559082,A0
15902,21062,51.20398361,28.65268439,7.119999885559082,A0
16001,21085,51.51862874,49.74558367,7.119999885559082,A3II
22846,31268,73.72836596,16.38651534,7.119999885559082,A0
25454,35794,81.66335982,-13.85952613,7.119999885559082,A2III/IV
35262,56751,109.280035,-28.60037588,7.119999885559082,A0V
36535,59604,112.73576152,8.55200641,7.119999885559082,A2
41430,71310,126.75016558,7.22114058,7.119999885559082,A2
47405,82951,144.87264266,72.74677229,7.119999885559082,A3
51295,90719,157.17714727,13.28888231,7.119999885559082,A2
56679,100974,174.32440612,6.27001298,7.119999885559082,A2
60175,107379,185.09601539,66.39117157,7.119999885559082,A0
67028,119686,206.04392367,27.585529,7.119999885559082,A3
70786,127067,217.13868147,28.29053945,7.119999885559082,A1V
77933,142742,238.73686518,34.36251134,7.119999885559082,A2
81320,148976,249.13353524,-67.0048524,7.119999885559082,A1V
86378,159493,264.76661974,-60.94016046,7.119999885559082,A3m...
92339,174263,282.29604395,14.65813471,7.119999885559082,A0
94484,180138,288.46905982,36.42427588,7.119999885559082,A0
95842,183306,292.39089783,-15.35873373,7.119999885559082,A1V
99050,190739,301.65099354,-4.41740171,7.119999885559082,A0
99055,190849,301.66149096,7.57615536,7.119999885559082,A1IV-V
105882,204215,321.67140008,13.68829078,7.119999885559082,A2
105984,204484,321.973615,35.40915429,7.119999885559082,A3
107766,207480,327.47449313,-27.40390436,7.119999885559082,A1V
109117,209845,331.54406737,10.0934684,7.119999885559082,A2
116023,221405,352.64196273,77.89406033,7.119999885559082,A0
1272,1160,3.98870839,4.25114921,7.130000114440918,A0
11135,14685,35.82216997,38.25274544,7.130000114440918,A0
12858,17224,41.32659436,-20.40165435,7.130000114440918,A0V
19923,27241,64.12145545,-38.88413495,7.130000114440918,A3V
20474,27950,65.82418902,-32.15196303,7.130000114440918,A3V
24404,33231,78.53240502,67.48190982,7.130000114440918,A0
25058,35473,80.47992086,-54.27270122,7.130000114440918,A3Vs
31691,47274,99.46163773,0.5270975,7.130000114440918,A0
32407,48979,101.49064569,-7.3389487,7.130000114440918,A1V
33029,50462,103.22787508,-12.15453303,7.130000114440918,A2m...
35716,57945,110.53444547,-32.58732974,7.130000114440918,A0III
38891,64934,119.38604236,32.65674587,7.130000114440918,A2
43061,74741,131.58439693,20.61661234,7.130000114440918,A2
49328,87271,151.03490886,11.62850002,7.130000114440918,A0
49836,88400,152.62914257,-45.3078365,7.130000114440918,A1V
51037,90364,156.40047819,-19.59970781,7.130000114440918,A1V
51937,91965,159.14960991,-33.27254959,7.130000114440918,A1V
52763,93431,161.82993702,6.34629403,7.130000114440918,A2
78129,142805,239.30285266,-21.48564747,7.130000114440918,A0IV
80005,150075,244.96830394,83.69722101,7.130000114440918,A2
84072,155838,257.82351296,51.75434362,7.130000114440918,A0
84711,157774,259.73962751,70.78779666,7.130000114440918,A0
85501,157786,262.0980953,-54.02123036,7.130000114440918,A2/A3IV
93953,176865,286.94757449,-68.88367382,7.130000114440918,A3V
94412,179838,288.23362544,29.2315937,7.130000114440918,A0
102584,197889,311.83370731,-26.41518664,7.130000114440918,A1m...
109261,210170,332.03759749,17.55862376,7.130000114440918,A0
109944,211431,334.00386818,45.08912515,7.130000114440918,A3
112952,216451,343.14126645,35.33760513,7.130000114440918,A2
4466,5468,14.31008778,54.95247914,7.139999866485596,A0
7486,9614,24.09792854,67.6150593,7.139999866485596,A0
7813,9653,25.1319356,81.42982274,7.139999866485596,A0
8643,11187,27.86087626,54.92470481,7.139999866485596,A0p
14234,18881,45.88308663,38.41005026,7.139999866485596,A0
21909,29926,70.66817754,-5.75725733,7.139999866485596,A0
22747,31033,73.40186472,25.36636375,7.139999866485596,A0
24640,34645,79.31271302,-39.28812076,7.139999866485596,A2V
26407,34360,84.31269208,83.86148978,7.139999866485596,A0
26805,38212,85.38605963,-48.25065997,7.139999866485596,A0V
28681,41176,90.82950933,-2.47865265,7.139999866485596,A0
31475,47168,98.89106732,-36.25925398,7.139999866485596,A1V
32171,48481,100.75945242,-13.69806565,7.139999866485596,A0V
34450,54246,107.12512926,10.92527269,7.139999866485596,A2
39288,66179,120.50226683,-9.35680139,7.139999866485596,A3
45182,79267,138.10633292,-25.60087933,7.139999866485596,A2V
55382,98547,170.11026357,17.31130739,7.139999866485596,A0
66932,119307,205.75372321,-30.18268167,7.139999866485596,A2m...
67002,119842,205.96787498,60.14554075,7.139999866485596,A0
67767,120564,208.24659667,-70.04723974,7.139999866485596,A1Vn...
72976,131714,223.70824455,15.32529585,7.139999866485596,A3
89171,165987,272.9634864,-56.40091961,7.139999866485596,A2/A3V
92137,174732,281.6910155,67.77145729,7.139999866485596,A0
101771,196484,309.3908033,6.50094961,7.139999866485596,A2
112565,215940,341.97785554,51.97940716,7.139999866485596,A3
114700,219200,348.52663909,-2.63493253,7.139999866485596,A2
13233,17699,42.5894567,-4.98642543,7.150000095367432,A0
13640,18040,43.90836647,48.34009759,7.150000095367432,A2
15265,20504,49.2294106,-31.35211781,7.150000095367432,A1m...
30574,44941,96.3924877,22.45783549,7.150000095367432,A3
33997,52836,105.80922297,14.3361517,7.150000095367432,A3
40901,69961,125.19979807,35.77886073,7.150000095367432,A0
41741,71223,127.68432042,68.51500115,7.150000095367432,A0
44442,77737,135.81719658,-33.60066242,7.150000095367432,A0V+...
46839,82856,143.17160183,-54.83083853,7.150000095367432,A1V
58797,104728,180.89804172,-5.4795487,7.150000095367432,A0
65229,116081,200.51192814,-43.0503976,7.150000095367432,A3IV/V
75772,137728,232.19192598,-31.47566749,7.150000095367432,A3V
77399,141091,237.01378482,-25.21555184,7.150000095367432,A0V
77532,141610,237.46503576,2.50076509,7.150000095367432,A2
92496,174830,282.75509092,34.39389883,7.150000095367432,A2
98547,189756,300.28389205,14.52319184,7.150000095367432,A0
98773,190466,300.91461871,38.32733066,7.150000095367432,A2V+...
101709,196523,309.24466335,32.35124372,7.150000095367432,A2
103216,199234,313.67495617,37.07371725,7.150000095367432,A0
103405,199480,314.25576433,17.09746489,7.150000095367432,A2
104772,202093,318.37051339,7.16741204,7.150000095367432,A2
108234,208456,328.89646547,34.97705866,7.150000095367432,A2
19892,26991,64.00593315,0.45395118,7.159999847412109,A0
20117,27647,64.7006081,-54.13554012,7.159999847412109,A1V
20957,27133,67.4034212,80.93170385,7.159999847412109,A2
22543,30983,72.78151466,-25.31000262,7.159999847412109,A3V
28976,41715,91.7280718,2.17308441,7.159999847412109,A0
29565,42616,93.4298126,41.69726804,7.159999847412109,A2p
30850,45393,97.17801322,34.86471201,7.159999847412109,A0
35565,56964,110.09520614,28.12221417,7.159999847412109,A2
36744,62093,113.36302903,-77.08291553,7.159999847412109,A1V
38885,65158,119.35779863,-0.63585185,7.159999847412109,A0V
39864,67905,122.15067549,-39.49915723,7.159999847412109,A0V
42930,74787,131.25306609,-30.97809341,7.159999847412109,A0V
44761,78282,136.84249579,0.60021743,7.159999847412109,A0
47083,83531,143.92299174,-68.21029276,7.159999847412109,A0V
48281,85596,147.65794101,-60.52774634,7.159999847412109,A1IV
52328,92837,160.39649374,-64.10641631,7.159999847412109,A0V
64204,114243,197.37589271,-20.12362598,7.159999847412109,A0V
73393,132302,224.97773335,-46.24787884,7.159999847412109,A0V
76773,140101,235.12596014,37.01700379,7.159999847412109,A0
95432,182620,291.18472666,19.93940186,7.159999847412109,A2V
96403,184767,294.00414685,0.24967349,7.159999847412109,A2
97232,186902,296.41942736,36.08864502,7.159999847412109,A0
97511,185712,297.29202501,-76.90849792,7.159999847412109,A0V
97876,188211,298.34430918,20.33720786,7.159999847412109,A0
98008,188113,298.76026624,-36.20173501,7.159999847412109,A3V
107683,207490,327.19578764,22.42802392,7.159999847412109,A2
109867,211402,333.77093269,59.1144767,7.159999847412109,A2
112883,216323,342.89192942,32.81560488,7.159999847412109,A2
115506,220391,350.97027629,-53.81488961,7.159999847412109,A3III
1043,849,3.25751547,49.926513,7.170000076293945,A2
11697,15936,37.71970662,-64.04569241,7.170000076293945,A3V
15064,20086,48.53492821,15.5904477,7.170000076293945,A0
22304,30535,72.05765773,-9.50669988,7.170000076293945,A0
22590,30962,72.91903348,-8.40131798,7.170000076293945,A0
26831,37970,85.46025824,-12.31090148,7.170000076293945,A2/A3III
27076,38237,86.12751577,4.33919861,7.170000076293945,A3
28056,39953,88.98883778,0.83614553,7.170000076293945,A0V
33757,52035,105.16843178,23.44021466,7.170000076293945,A0
36376,59150,112.30593079,14.3583509,7.170000076293945,A3
38083,63355,117.06635664,-6.77381794,7.170000076293945,A3
42412,73580,129.73463711,-6.84831228,7.170000076293945,A0
53062,93635,162.84643175,75.99486838,7.170000076293945,A3
63267,112612,194.4651489,9.33867157,7.170000076293945,A3
88055,164252,269.76508956,30.04888805,7.170000076293945,A1V...
95980,184147,292.75454304,46.33178266,7.170000076293945,A0
96753,185533,295.02112528,-14.04460478,7.170000076293945,A0V
101199,195258,307.69226303,-15.77142905,7.170000076293945,A1IV/V
105602,203840,320.83709729,44.51830646,7.170000076293945,A0
107459,207803,326.4722026,78.23291778,7.170000076293945,A0
648,369,2.00147404,-78.59876143,7.179999828338623,A3V
2641,3024,8.37143894,-0.60875174,7.179999828338623,A3
16580,21639,53.36051369,65.5519645,7.179999828338623,A2
17872,23603,57.3611656,57.12224319,7.179999828338623,A0
19519,26380,62.72988622,15.94669837,7.179999828338623,A0
27157,38350,86.35606224,6.29787308,7.179999828338623,A2
31323,46401,98.5295989,22.12422561,7.179999828338623,A3
39123,66019,120.06178123,-35.99152203,7.179999828338623,A3Vm...
48807,86376,149.3190782,-32.85781598,7.179999828338623,A2V
59659,106338,183.52595182,-36.72898805,7.179999828338623,A3V
61711,109969,189.73488264,-0.85416201,7.179999828338623,A0
71234,127844,218.51564115,-16.81956453,7.179999828338623,A2IV/V
71379,128202,218.9513676,-8.57525571,7.179999828338623,A0
73070,132089,223.99940407,41.13651987,7.179999828338623,A2
73974,133716,226.7758499,-37.94562528,7.179999828338623,A1V
73987,133750,226.80712059,-32.91012792,7.179999828338623,A0V
75077,136246,230.13098242,-28.2870367,7.179999828338623,A1V
80712,148438,247.18963645,-17.9849749,7.179999828338623,A0IV/V
82247,151591,252.05746997,1.09050361,7.179999828338623,A3
86009,159796,263.67241104,40.90921198,7.179999828338623,A0
99152,191609,301.93958822,57.7999519,7.179999828338623,A0
102331,197573,311.00014225,21.40063967,7.179999828338623,A2
105990,204614,321.99902193,53.28928939,7.179999828338623,A0
111789,214588,339.64048924,44.66903574,7.179999828338623,A0
112079,214982,340.52745588,-3.47339665,7.179999828338623,A0
115551,220529,351.09075708,6.18627683,7.179999828338623,A0
4442,5524,14.20451862,-25.36336916,7.190000057220459,A2/A3V
5457,6844,17.46593922,49.05389532,7.190000057220459,A0
6347,7926,20.38048358,74.58032049,7.190000057220459,A2
8123,10617,26.09648853,37.66840205,7.190000057220459,A0
12959,16758,41.6675427,75.40809851,7.190000057220459,A3
14627,19622,47.22573876,-18.9692401,7.190000057220459,A0V
22239,30342,71.77773119,10.0516494,7.190000057220459,A2
24403,33864,78.52390675,21.22370663,7.190000057220459,A2
28542,40837,90.38022421,2.90928595,7.190000057220459,A0
28937,41580,91.6168378,10.75033652,7.190000057220459,A0
37829,63080,116.33965764,-39.34523889,7.190000057220459,A0IV
40667,69477,124.52759735,26.42464614,7.190000057220459,A3
44168,77305,134.93936557,-51.50391966,7.190000057220459,A3V
44254,77196,135.19011279,-9.19138528,7.190000057220459,A0...
45712,80429,139.78282786,-22.553149,7.190000057220459,A0V
46279,81662,141.54595636,-30.03479427,7.190000057220459,A1V
46996,83090,143.67750789,-44.816263,7.190000057220459,A1IV
49125,86902,150.39758816,-1.01811964,7.190000057220459,A0
62002,110390,190.61353668,-61.0184794,7.190000057220459,A1V
68047,121399,208.99373821,-39.40968915,7.190000057220459,A0IV/V+...
70120,125494,215.21130208,-42.42478658,7.190000057220459,A1V
78124,142864,239.28593518,-6.29662508,7.190000057220459,A0
85083,157495,260.83267043,9.4667889,7.190000057220459,A2
87068,161644,266.8808343,-20.83731102,7.190000057220459,A3II/III
87825,163639,269.10251712,19.88887216,7.190000057220459,A3
88525,165398,271.16281645,27.11524886,7.190000057220459,A2
93149,175797,284.61584692,-34.21465091,7.190000057220459,A0V
94515,178563,288.54735007,-67.45389442,7.190000057220459,A2V
99942,192953,304.16439304,28.5229247,7.190000057220459,A0
209,225010,0.6601596,66.10037725,7.199999809265137,A2V
1677,1662,5.24766205,12.77166455,7.199999809265137,A3
4116,4947,13.18843085,68.86580974,7.199999809265137,A2
4990,6264,15.99477699,35.46946291,7.199999809265137,A3
19399,26294,62.33532703,-7.92902893,7.199999809265137,A2
22236,30152,71.75888622,41.30504731,7.199999809265137,A0
27914,39817,88.59864712,-15.73199438,7.199999809265137,A0IV
31284,46679,98.41600411,-26.32964751,7.199999809265137,A0V
35220,56525,109.19610133,-13.68110559,7.199999809265137,A0V
39801,67736,122.00139068,-35.21104388,7.199999809265137,A3m...
43539,75768,133.01416894,4.46613849,7.199999809265137,A2
48164,84870,147.26194139,34.08552991,7.199999809265137,A3
49670,88050,152.09605527,-35.01369277,7.199999809265137,A3IV
53026,93982,162.7376156,3.59067272,7.199999809265137,A2
55999,99823,172.14346133,-58.14201214,7.199999809265137,A0V
70050,125438,215.03481356,-28.04899141,7.199999809265137,A0V
72581,132610,222.62355953,80.74981694,7.199999809265137,A0
73174,131901,224.33279175,-32.83366979,7.199999809265137,A1V
73785,132924,226.22020658,-63.32613557,7.199999809265137,A3IIIs
74595,135298,228.6193788,-3.36440887,7.199999809265137,A0
79768,146490,244.20116239,-5.49675759,7.199999809265137,A2
86648,160966,265.56291919,17.22835934,7.199999809265137,A0
87459,162936,268.0555552,32.01393726,7.199999809265137,A0
93548,177011,285.80373519,-11.18959443,7.199999809265137,A0
94183,179483,287.61448629,48.44440571,7.199999809265137,A2
105624,203856,320.89795056,40.01859952,7.199999809265137,A0
118276,224624,359.86615635,57.67094612,7.199999809265137,A0
2642,3075,8.37375745,-55.32833837,7.210000038146973,A1V
3165,3743,10.0824076,24.0538817,7.210000038146973,A3
4710,5854,15.13083693,37.79150416,7.210000038146973,A0
6695,8703,21.49255949,10.40696098,7.210000038146973,A0
7231,10062,23.30383713,-79.92661098,7.210000038146973,A1IV/V
7944,10363,25.51615666,43.63999415,7.210000038146973,A0
9097,11609,29.29609705,71.72497288,7.210000038146973,A2
16188,21377,52.13801726,43.75360781,7.210000038146973,A0
23028,32255,74.27707392,-65.01602366,7.210000038146973,A2/A3V
30507,44612,96.19418519,43.54852895,7.210000038146973,A0
31110,46105,97.91890454,5.76912015,7.210000038146973,A1p
34246,54208,106.49077757,-42.32757096,7.210000038146973,A0V
39134,65715,120.0786123,8.97423531,7.210000038146973,A3
47369,83535,144.76704122,-2.83946797,7.210000038146973,A0
59868,106784,184.1757803,39.59290932,7.210000038146973,A3IV
66068,117665,203.16360405,-44.4502109,7.210000038146973,A1/A2V
71316,128168,218.75388153,13.09585575,7.210000038146973,A3
72015,129655,220.94359092,-2.50548929,7.210000038146973,A2
77564,142342,237.53342187,64.79967514,7.210000038146973,A0
81799,150781,250.60868084,21.5928773,7.210000038146973,A0...
88436,164967,270.83769265,8.41937418,7.210000038146973,A0
91088,171569,278.69565817,21.48623382,7.210000038146973,A0
97035,186441,295.81291099,30.23236786,7.210000038146973,A0
98490,189845,300.13741163,39.20737798,7.210000038146973,A0
100305,192949,305.15931847,-58.72948607,7.210000038146973,A2m...
105161,202865,319.5443408,22.11427446,7.210000038146973,A3
114781,219397,348.75510905,46.52433356,7.210000038146973,A0
3348,3891,10.66670323,71.36590704,7.21999979019165,A0...
16124,21513,51.92238527,-14.36655478,7.21999979019165,A0V
16289,21852,52.4914436,-35.7485789,7.21999979019165,A1m...
16972,22428,54.57845789,44.80181716,7.21999979019165,A0
17018,22686,54.72949228,2.76354582,7.21999979019165,A0
20597,27924,66.17500131,10.04678385,7.21999979019165,A0
22490,30714,72.57209124,6.9499019,7.21999979019165,A2
23298,32179,75.16901496,-13.50369547,7.21999979019165,A0V + A:
24587,34095,79.12067402,36.07183942,7.21999979019165,A2
28534,40697,90.33699184,18.9613172,7.21999979019165,A0
30119,44241,95.07113874,-10.88210816,7.21999979019165,A2
33206,50725,103.6672034,6.72406136,7.21999979019165,A3
36212,58729,111.85816003,15.31642816,7.21999979019165,A0V
39451,67706,120.96322349,-70.33734249,7.21999979019165,A1Vn
53977,95651,165.63700863,9.17298526,7.21999979019165,A0
55614,99004,170.90885778,17.14210842,7.21999979019165,A2
58137,103550,178.86009573,-5.13452072,7.21999979019165,A2
62248,110932,191.3591546,14.37358874,7.21999979019165,A0
70697,126561,216.89004907,-46.21347028,7.21999979019165,A0V
73283,132890,224.6639432,61.66688334,7.21999979019165,A2
76610,139724,234.67712208,31.55185691,7.21999979019165,A3
85216,157081,261.19109085,-59.21363135,7.21999979019165,A0V
85759,159387,262.86203927,54.35574812,7.21999979019165,A0
87432,162651,268.00300423,1.09922864,7.21999979019165,A0
89174,166662,272.98125225,-5.62399909,7.21999979019165,A2
92307,173940,282.20376384,-18.63216768,7.21999979019165,A2V
92820,174781,283.69142368,-48.947715,7.21999979019165,A1V
96603,185297,294.59034898,0.34544615,7.21999979019165,A2
97145,186534,296.17292896,10.91252159,7.21999979019165,A3
98517,189692,300.21612451,13.37975192,7.21999979019165,A0
98600,189759,300.4131892,-0.19902651,7.21999979019165,A0
102730,197431,312.25344356,-72.53268412,7.21999979019165,A0III/IV
108172,208344,328.74452731,34.77316636,7.21999979019165,A2
108966,209665,331.13663701,25.6585487,7.21999979019165,A0
109147,209920,331.64132898,12.44524365,7.21999979019165,A2
1700,1658,5.3423899,67.00541229,7.230000019073486,A1V
4555,5596,14.56857935,45.59720588,7.230000019073486,A3
7700,10074,24.78223179,36.54339295,7.230000019073486,A0
11625,15316,37.49398821,57.82071533,7.230000019073486,A3Iab
15760,20900,50.77053606,26.90098306,7.230000019073486,A2
19843,26686,63.80865356,44.76788056,7.230000019073486,A0
23192,31936,74.86065947,-9.16622301,7.230000019073486,A2
23899,33110,77.02658709,3.74858536,7.230000019073486,A0
25517,35994,81.85333999,-26.58491251,7.230000019073486,A3III+...
36506,59430,112.6622133,20.49161625,7.230000019073486,A0
37346,60844,114.99420456,59.56329867,7.230000019073486,A2
45257,79320,138.35338456,3.82458853,7.230000019073486,A2
57813,102925,177.83409588,68.83395451,7.230000019073486,A2
72984,131461,223.72707131,-36.43029089,7.230000019073486,A0/A1V
76892,140122,235.50579781,0.45707508,7.230000019073486,A0
77115,141506,236.19067855,68.67984598,7.230000019073486,A2
84760,156241,259.87729552,-55.11648923,7.230000019073486,A3IV/V
85273,157744,261.35969159,-8.82852536,7.230000019073486,A2
88750,165847,271.76550482,23.40351681,7.230000019073486,A3
91764,173026,280.68634383,14.84228389,7.230000019073486,A0
94283,177928,287.85214832,-65.87683065,7.230000019073486,A1/A2V
94512,179939,288.54184751,7.76408792,7.230000019073486,A3
115119,219833,349.7589257,-12.17042573,7.230000019073486,A0V
199,225001,0.6350323,16.25655097,7.239999771118164,A0
15944,21047,51.3313363,40.95336389,7.239999771118164,A0
16868,22621,54.26923986,-36.29224569,7.239999771118164,A2V
35248,56359,109.25072383,9.46316574,7.239999771118164,A2
35602,57385,110.20783631,-6.13550801,7.239999771118164,A0
38578,64330,118.49004682,16.03622931,7.239999771118164,A2
43672,75995,133.4614483,17.54511147,7.239999771118164,A0
52743,93408,161.74350243,-15.73189203,7.239999771118164,A1V
53727,95190,164.88785536,9.93081018,7.239999771118164,A2
58650,104436,180.40566507,64.93939873,7.239999771118164,A3
61342,109324,188.53704531,-50.06025553,7.239999771118164,A3V
65405,116542,201.07667305,1.39974722,7.239999771118164,A2
68867,122982,211.53439671,-44.68903932,7.239999771118164,A0V
80691,148667,247.13264488,29.0756707,7.239999771118164,A2
82468,152155,252.79963549,15.79471062,7.239999771118164,A0
83384,154085,255.63140382,19.38619576,7.239999771118164,A2
98926,190285,301.30000994,-26.81324381,7.239999771118164,A0V
103858,200354,315.66784454,11.6570902,7.239999771118164,A3
106337,205013,323.04917577,10.91082386,7.239999771118164,A0
106725,205746,324.27719932,11.71947035,7.239999771118164,A0
115128,219917,349.78187142,48.91941921,7.239999771118164,A2
4021,4965,12.88616298,-3.14310731,7.25,A0
9851,12868,31.67734371,25.8308601,7.25,A3
13175,17497,42.36116107,33.93625433,7.25,A2
25543,34740,81.91436021,74.55666108,7.25,A0p
31139,46030,97.99770515,22.18575237,7.25,A0
33786,52379,105.23377255,-0.66920975,7.25,A2
38744,64488,118.97796224,39.28677111,7.25,A2
41070,71972,125.70072407,-76.43086861,7.25,A0V
42574,73941,130.17256862,-12.16908925,7.25,A2...
46571,82320,142.4609885,-43.9589277,7.25,A1V
48587,85963,148.63541197,-34.90695954,7.25,A3V
53705,95178,164.82443928,-10.32544222,7.25,A0
63363,112741,194.7507739,-6.09090384,7.25,A2
66463,118434,204.39310027,-35.04889719,7.25,A2/A3V
74765,135681,229.20247278,-13.03919602,7.25,A3IV
75163,136754,230.39397991,24.34339118,7.25,A0
85871,159008,263.21132896,-13.48206386,7.25,A0V
94705,180068,289.05621988,-30.45956781,7.25,A3IV
95919,183755,292.60528066,17.69523606,7.25,A0
99717,192424,303.51884608,22.22263805,7.25,A0...
100551,194115,305.83054743,15.36207905,7.25,A0
106132,204905,322.47063093,52.93383054,7.25,A0
107343,206900,326.11849735,29.19405783,7.25,A0
116503,222016,354.11859408,67.84890995,7.25,A0
4017,4902,12.8755451,41.23185846,7.260000228881836,A0
5298,6646,16.94484149,41.51329231,7.260000228881836,A2
10736,14094,34.54726319,48.14830669,7.260000228881836,A3
19563,26321,62.86215704,40.9133455,7.260000228881836,A2
21880,29839,70.55712393,2.99005124,7.260000228881836,A0
22389,30848,72.29437816,-42.38480948,7.260000228881836,A3Vs...
22402,30466,72.31665359,29.5714421,7.260000228881836,A0p
28327,40297,89.77349967,27.56185019,7.260000228881836,A0Ib
34946,55078,108.46921649,48.49884391,7.260000228881836,A0
35526,56789,109.98252536,33.61442479,7.260000228881836,A2
56077,99918,172.40730217,-10.06262921,7.260000228881836,A3
58316,103870,179.37758175,-38.49630247,7.260000228881836,A0V
72805,131453,223.22095275,26.46502736,7.260000228881836,A0
81560,150361,249.85863648,29.21814841,7.260000228881836,A0
84881,156623,260.21095438,-45.42073725,7.260000228881836,A0V
90727,170757,277.66357089,12.61118853,7.260000228881836,A0Vvar
102982,199492,312.95918482,74.63912556,7.260000228881836,A3
103105,198398,313.35669775,-64.19732097,7.260000228881836,A2m...
109531,210646,332.81125777,27.73665784,7.260000228881836,A0
659,341,2.0398659,31.37900363,7.269999980926514,A3
1488,1429,4.62751675,26.14035586,7.269999980926514,A2...
2371,2610,7.56810986,64.74898345,7.269999980926514,A0
2795,3192,8.8970533,53.48890665,7.269999980926514,A0
9965,13091,32.08109562,8.85013214,7.269999980926514,A0
11583,15348,37.32235786,38.22522435,7.269999980926514,A3
14363,19057,46.32933345,41.12081299,7.269999980926514,A0
17043,22637,54.80495415,21.84335278,7.269999980926514,A0
21024,28813,67.62306511,-43.41066598,7.269999980926514,A0V
27959,39852,88.72567824,-9.18102403,7.269999980926514,A0
29602,42955,93.57645865,14.49361971,7.269999980926514,A1V
32353,48510,101.29175457,30.82597301,7.269999980926514,A0
34868,55910,108.22066636,-43.88518636,7.269999980926514,A0V
36498,59034,112.63949167,48.87948086,7.269999980926514,A2
36851,59975,113.65101049,48.19140518,7.269999980926514,A3
40469,69178,123.95225984,2.80137746,7.269999980926514,A0
43279,75052,132.25146356,38.34524757,7.269999980926514,A2...
45380,79597,138.72107884,-8.75792187,7.269999980926514,A0
51699,91427,158.44712941,23.35066683,7.269999980926514,A2
52216,92278,160.03165162,46.84083724,7.269999980926514,A3IV
54807,97528,168.30212525,-26.46509597,7.269999980926514,A1III
65023,115813,199.93384474,-11.67293545,7.269999980926514,A2
69998,125379,214.85762004,-18.52359782,7.269999980926514,A3:m...
71925,129653,220.66474657,36.75678667,7.269999980926514,A2
78545,143723,240.52769461,-0.82105869,7.269999980926514,A2
83260,153809,255.26114405,16.59350976,7.269999980926514,A0
86041,159610,263.75885714,13.13775395,7.269999980926514,A0
100452,194681,305.55707069,69.51255649,7.269999980926514,A3
102275,197561,310.84848227,33.86868921,7.269999980926514,A0
102396,197322,311.23984188,-50.48790922,7.269999980926514,A0IV/V
105770,204051,321.33326269,29.46170629,7.269999980926514,A0
112140,215181,340.72566741,37.44732118,7.269999980926514,A2
112896,216394,342.93770237,53.02849929,7.269999980926514,A0
3367,3940,10.70861211,64.29128139,7.28000020980835,A1Ia
7364,9656,23.71505379,12.55866655,7.28000020980835,A3V
16277,21479,52.46606446,49.21350992,7.28000020980835,A1IVn
23369,31866,75.36815897,44.39812579,7.28000020980835,A3V
24036,32230,77.50546844,75.6819473,7.28000020980835,A0
29507,43070,93.24652328,-28.46367448,7.28000020980835,A0V
30091,43885,94.99568098,28.42683927,7.28000020980835,A3
32133,48301,100.65658891,-3.83575945,7.28000020980835,A2
32175,48629,100.77520477,-29.2373356,7.28000020980835,A0V
32359,48716,101.3107486,13.33593334,7.28000020980835,A0
33609,52470,104.7499508,-47.0233368,7.28000020980835,A0V
33881,52806,105.48805241,-17.64427802,7.28000020980835,A1V
33917,52586,105.57683349,12.58171044,7.28000020980835,A2
38203,64162,117.41165171,-55.07895552,7.28000020980835,A1V
42453,73901,129.82877417,-39.79927279,7.28000020980835,A2Vm...
45371,79755,138.6933798,-35.96197283,7.28000020980835,A0V
53857,95453,165.26556368,0.04702824,7.28000020980835,A2
56772,101169,174.58721188,-33.60566461,7.28000020980835,A1V
61471,109615,188.94727143,39.68374138,7.28000020980835,A0V
81401,150203,249.37568977,43.56469209,7.28000020980835,A2
85071,157234,260.79042823,-25.09752978,7.28000020980835,A2/A3IV
87120,161922,267.00055752,9.78208723,7.28000020980835,A2
92537,174958,282.86179513,39.3205658,7.28000020980835,A0
93032,176053,284.27128786,32.00074464,7.28000020980835,A3
93833,177959,286.64000537,6.89045685,7.28000020980835,A3
98919,189721,301.28664997,-63.06147473,7.28000020980835,A3V
101755,196687,309.34580635,42.99117813,7.28000020980835,A0
106491,205653,323.54419281,63.75109179,7.28000020980835,A2
108401,208702,329.41388685,20.30240382,7.28000020980835,A0
109015,209870,331.280888,51.70037691,7.28000020980835,A2
110465,212226,335.64290329,6.47333149,7.28000020980835,A3
111018,213502,337.37646833,70.43572134,7.28000020980835,A2
114194,218765,346.89657503,80.56947063,7.28000020980835,A2
115172,219937,349.92249631,23.82534619,7.28000020980835,A0
116381,221785,353.74606822,31.83548746,7.28000020980835,A2
217,225019,0.67441616,82.97320953,7.289999961853027,A0
7702,10240,24.78382377,-48.77557641,7.289999961853027,A2V
7987,10502,25.6493311,10.2446067,7.289999961853027,A2
13049,17198,41.91142708,53.94328803,7.289999961853027,A0+...
13376,17540,43.02765252,65.63521766,7.289999961853027,A2
14758,19739,47.64977981,0.21258523,7.289999961853027,A3
15922,21134,51.26911925,10.97650166,7.289999961853027,A0
18777,25021,60.3378526,56.03978507,7.289999961853027,A3V
23282,31817,75.13874623,36.62740311,7.289999961853027,A0
27427,38798,87.11758716,4.70395878,7.289999961853027,A0...
29243,42235,92.48645484,9.46779197,7.289999961853027,A0
32185,48628,100.79124792,-28.352746,7.289999961853027,A0IV
32410,48589,101.49626891,38.97021371,7.289999961853027,A0
44552,77777,136.16547762,3.54109061,7.289999961853027,A0
54180,96205,166.24304623,-48.1971887,7.289999961853027,A0IV
62234,110886,191.32238524,-3.88809732,7.289999961853027,A3
63783,113481,196.10034505,-28.4065644,7.289999961853027,A2V
67306,119970,206.91907238,-50.12509096,7.289999961853027,A1/A2V
70141,126228,215.28240153,67.80289529,7.289999961853027,A2
80971,149029,248.01629543,3.36204577,7.289999961853027,A2
81673,150679,250.26900302,36.2012453,7.289999961853027,A2
88543,165623,271.20336923,42.95772527,7.289999961853027,A0
88975,166820,272.41931285,50.40204963,7.289999961853027,A2
95915,183728,292.59281324,16.71113283,7.289999961853027,A0
96617,185529,294.65964323,23.04234093,7.289999961853027,A0
98093,188876,299.03234905,33.07458873,7.289999961853027,A0
99449,191918,302.77111378,32.28683494,7.289999961853027,A0
99860,192622,303.90464863,7.80896397,7.289999961853027,A2
106151,204815,322.52517212,35.47242636,7.289999961853027,A0
116750,222332,354.92311179,-22.53332737,7.289999961853027,A0V
1777,1860,5.64202547,-61.03487546,7.300000190734863,A0V
3172,3660,10.10681126,70.70827316,7.300000190734863,A0
4523,5554,14.48235703,52.1367908,7.300000190734863,A2
5506,6841,17.63427945,64.17464321,7.300000190734863,A3
8138,10649,26.1611588,36.93842248,7.300000190734863,A2
9283,12101,29.82901151,24.82907064,7.300000190734863,A3
10640,14115,34.23898876,-6.57828737,7.300000190734863,A0
16876,22593,54.28794919,-29.83006551,7.300000190734863,A1V
24093,33447,77.6375883,5.31495819,7.300000190734863,A0
26103,35029,83.50961956,79.85276679,7.300000190734863,A0
26164,37260,83.66847984,-48.94753934,7.300000190734863,A3m...
26186,36194,83.73173046,65.04862917,7.300000190734863,A2
28112,40319,89.13312835,-33.43453971,7.300000190734863,A0V
28775,40957,91.14023254,45.58634843,7.300000190734863,A2
37593,62181,115.70931203,1.60944032,7.300000190734863,A3
38393,64113,117.98607115,-9.65570948,7.300000190734863,A3
42863,74469,131.01695062,-4.20214985,7.300000190734863,A2
44395,77684,135.64824901,-42.70737011,7.300000190734863,A0V
78134,142930,239.31223026,3.40532113,7.300000190734863,A0
100349,193177,305.2591312,-50.017132,7.300000190734863,A2/A3V
100385,193624,305.37361601,-10.14418991,7.300000190734863,A0
100667,194719,306.16141439,55.44309651,7.300000190734863,A0
105240,203048,319.75742813,29.74314808,7.300000190734863,A0
110666,213085,336.28634604,77.43241527,7.300000190734863,A3
111670,214605,339.32969265,69.2086327,7.300000190734863,A3
114056,218174,346.47297844,-10.43785423,7.300000190734863,A2
1818,1848,5.76315495,44.52523902,7.309999942779541,A2
8896,11395,28.64259295,68.15125113,7.309999942779541,A0
9239,12007,29.69350017,36.60281122,7.309999942779541,A2
14833,19536,47.88209442,60.63516858,7.309999942779541,A2II
22411,30877,72.33498516,-42.41368246,7.309999942779541,A2/A3m...
25060,34807,80.48073211,39.57303709,7.309999942779541,A2
27485,39055,87.3021253,-19.39990237,7.309999942779541,A1/A2IV/V
29671,43471,93.75702756,-29.36534532,7.309999942779541,A1V
32449,48489,101.58630677,50.38047355,7.309999942779541,A0
32532,49058,101.83030167,18.32283341,7.309999942779541,A2
34094,52996,106.0397014,18.66882038,7.309999942779541,A2
37950,63451,116.68292675,-48.11217585,7.309999942779541,A2V
38274,63800,117.62765965,-3.59771039,7.309999942779541,A3
45393,79709,138.7573196,-20.12027839,7.309999942779541,A0V
50417,89280,154.41746566,-21.5889922,7.309999942779541,A2III
51837,91725,158.85571112,-5.36184087,7.309999942779541,A2
52357,92896,160.49870254,-63.50731218,7.309999942779541,A3IV
54901,96571,168.62763851,85.64011167,7.309999942779541,A2
69661,124883,213.85991473,27.7340753,7.309999942779541,A2
74468,134799,228.2545187,-37.24661767,7.309999942779541,A3/4V + F/G
76310,138813,233.81715826,-25.73410763,7.309999942779541,A0V
78628,143785,240.7794494,-19.84070119,7.309999942779541,A2/A3III
87695,162520,268.6846437,-55.8984042,7.309999942779541,A0V
89654,168439,274.45165637,40.30351725,7.309999942779541,A0
92760,174713,283.53803461,-47.26312848,7.309999942779541,A0IV/V
102198,197233,310.61414573,-2.32689497,7.309999942779541,A2
110841,213099,336.83560339,63.95627361,7.309999942779541,A0
112429,215208,341.59703395,-75.42216614,7.309999942779541,A3V
118135,224425,359.44680823,57.13974729,7.309999942779541,A2:V:
957,724,2.96013415,66.12634754,7.320000171661377,A0
1075,883,3.33541865,49.72339535,7.320000171661377,A0
2473,2766,7.85450255,38.98060201,7.320000171661377,A3
21465,29193,69.14464995,19.76003759,7.320000171661377,A2
22736,32035,73.36655444,-72.7648028,7.320000171661377,A3m...
23014,31567,74.2470751,3.28604008,7.320000171661377,A0
30039,44144,94.81371677,-24.97493633,7.320000171661377,A1V
35224,56152,109.20216091,24.53633985,7.320000171661377,A0
43962,76290,134.29917881,50.74182248,7.320000171661377,A0
47020,83078,143.7383107,-34.36739679,7.320000171661377,A0V
51662,91593,158.31954428,-55.3806958,7.320000171661377,A1V
55899,99627,171.872503,-39.87648382,7.320000171661377,A0V
56917,101466,175.02866217,-61.18573426,7.320000171661377,A0IV
57792,102948,177.76142183,-13.32326053,7.320000171661377,A1V
71973,129584,220.80455681,1.82476239,7.320000171661377,A0
72293,130684,221.76030623,59.71030379,7.320000171661377,A2
75397,137128,231.08776033,-0.54414284,7.320000171661377,A2
77063,140664,236.02486962,24.46037466,7.320000171661377,A2
93038,176005,284.28261485,26.09587401,7.320000171661377,A0
93928,178356,286.88825942,18.56256929,7.320000171661377,A2
94000,179142,287.08415307,55.33054448,7.320000171661377,A3...
97879,188212,298.35113662,20.32740952,7.320000171661377,A0
101367,195500,308.17660704,-28.59541966,7.320000171661377,A1V
104990,202522,318.9667128,19.71425661,7.320000171661377,A2
105273,203283,319.85196842,52.32440008,7.320000171661377,A0
111079,213247,337.54135164,0.13832874,7.320000171661377,A0
112036,215398,340.38861493,77.61521853,7.320000171661377,A2
112230,215730,340.96129368,78.51825425,7.320000171661377,A0
4196,5138,13.39939077,29.08023366,7.329999923706055,A2
13602,17345,43.82520842,80.10660824,7.329999923706055,A0
13980,18439,45.01694792,55.18816872,7.329999923706055,A0
14910,19896,48.10372996,16.51677154,7.329999923706055,A2
16205,21511,52.2006677,20.6241042,7.329999923706055,A0
19366,25987,62.22727435,46.22782849,7.329999923706055,A0
21012,28720,67.59333554,-30.44411076,7.329999923706055,A1V
23326,32222,75.26251011,-11.20807362,7.329999923706055,A0
24857,34774,79.92604522,-4.8772813,7.329999923706055,A2V
30303,44124,95.60570681,46.19463111,7.329999923706055,A2
31519,46641,98.99705766,32.29082178,7.329999923706055,A2
33170,51042,103.56170732,-34.22288574,7.329999923706055,A1IV
40986,70338,125.47196324,13.62414104,7.329999923706055,A2
41719,72060,127.6051926,-13.4684703,7.329999923706055,A1/A2IV
45961,80917,140.59607581,-6.06065549,7.329999923706055,A2
52413,92668,160.71762954,50.79924632,7.329999923706055,A3
54302,96403,166.63707798,-21.16687754,7.329999923706055,A1V
59397,105857,182.77462124,-56.40133123,7.329999923706055,A2V
60667,108228,186.50362214,2.04199681,7.329999923706055,A0
69698,125306,213.99867016,64.85315735,7.329999923706055,A0
76383,139088,234.0145458,6.18351932,7.329999923706055,A2
89070,166621,272.68277403,18.50436782,7.329999923706055,A2
91685,172827,280.4568639,12.25558649,7.329999923706055,A2
95767,183265,292.16814976,3.69398306,7.329999923706055,A0
104245,201320,316.80567763,47.73429407,7.329999923706055,A0V
109145,209903,331.63972123,5.19468435,7.329999923706055,A0
117254,223065,356.63622304,-41.57979742,7.329999923706055,A2Vvar
11,224720,0.03729695,46.94000154,7.340000152587891,A2
16816,22494,54.10418486,-19.37671629,7.340000152587891,A1V
17718,23452,56.91694022,51.52889435,7.340000152587891,A0V
19774,26512,63.59339469,54.52420993,7.340000152587891,A0
24884,34535,80.01911958,39.7896493,7.340000152587891,A0
27079,38292,86.13195901,-4.69575982,7.340000152587891,A0
29816,43941,94.18753099,-43.64398273,7.340000152587891,A0V
31716,47050,99.52026462,30.88966591,7.340000152587891,A2
31871,48292,99.93047326,-53.45135316,7.340000152587891,A3III/IVs..
33328,51106,103.97604267,-1.58541043,7.340000152587891,A3m
35894,57979,111.0001162,10.90629632,7.340000152587891,A2
36262,58747,112.00384313,26.22751902,7.340000152587891,A2
39170,66187,120.17421675,-40.19687863,7.340000152587891,A1V
43014,73797,131.48669863,73.29253075,7.340000152587891,A2
46402,81987,141.94342989,-42.57835356,7.340000152587891,A1IV
47320,83763,144.63143216,-59.17525301,7.340000152587891,A1IV/V
52960,93906,162.48050589,-35.80445582,7.340000152587891,A1/A2V
53433,94741,163.96343014,-31.78631315,7.340000152587891,A0V
56263,100237,172.99925302,-1.78239705,7.340000152587891,A0
56968,101470,175.17324515,8.67222623,7.340000152587891,A2
72891,131429,223.46416649,-9.08592889,7.340000152587891,A0
80193,147431,245.57251735,-8.74161023,7.340000152587891,A2
84705,157462,259.72806729,63.72271602,7.340000152587891,A0
86664,159495,265.61185858,-73.39271879,7.340000152587891,A0V
89612,167946,274.30988992,5.7536226,7.340000152587891,A0
91575,171986,280.10218091,-52.20086426,7.340000152587891,A3V
95886,183518,292.51958026,-0.44494441,7.340000152587891,A3
98620,190130,300.46434956,40.85880769,7.340000152587891,A0
99892,192544,304.01158015,-16.29556561,7.340000152587891,A0III
101543,195429,308.68398504,-63.31166121,7.340000152587891,A3V
102027,197308,310.13703505,55.10700274,7.340000152587891,A0
103442,199679,314.35421445,41.68955762,7.340000152587891,A2
105435,203401,320.34535406,22.88932796,7.340000152587891,A3
106144,204829,322.49920184,41.51050914,7.340000152587891,A0
108031,208452,328.28457328,69.6965669,7.340000152587891,A2
108145,208176,328.64922785,-2.99708854,7.340000152587891,A0
112720,216120,342.41143295,42.63099492,7.340000152587891,A2
115255,220044,350.16717151,19.84081649,7.340000152587891,A3
1900,1978,5.99923139,-3.47527939,7.349999904632568,A0
6302,8153,20.22110278,-1.31060594,7.349999904632568,A0
19857,26924,63.86277664,4.00938156,7.349999904632568,A0
21020,28812,67.61120877,-43.21277405,7.349999904632568,A0V
21544,28973,69.38508591,60.090324,7.349999904632568,A0
33196,50161,103.63593877,50.0449503,7.349999904632568,A0
37948,63490,116.66646602,-50.99738485,7.349999904632568,A3V
50293,88924,154.03907932,35.16452106,7.349999904632568,A2
58391,103962,179.58823289,-59.75523498,7.349999904632568,A0II
60060,107102,184.75349628,-13.54225747,7.349999904632568,A2m...
62209,110717,191.25209939,-69.02996816,7.349999904632568,A3V
65328,116293,200.84686995,-39.62794255,7.349999904632568,A3V
69021,123344,211.9476116,-34.94945264,7.349999904632568,A0V
70121,125798,215.21148535,36.3923893,7.349999904632568,A0
71742,128855,220.12852939,-40.60805118,7.349999904632568,A1/A2IV
80427,148364,246.25109786,51.71656383,7.349999904632568,A3
89295,166992,273.31688485,-1.71957107,7.349999904632568,A0
96189,184522,293.37421408,36.02203569,7.349999904632568,A3
99714,192207,303.50181952,-9.61795309,7.349999904632568,A0
110012,211363,334.22907028,-20.02534859,7.349999904632568,A2V
110582,212417,336.04338619,-2.06191179,7.349999904632568,A3
113665,217587,345.31419569,44.1986078,7.349999904632568,A3
114305,218609,347.23781032,38.91518951,7.349999904632568,A0
115200,219989,350.00496536,41.75484073,7.349999904632568,A0
115556,220506,351.11090141,-37.20092716,7.349999904632568,A3V
270,225093,0.85005688,73.17449052,7.360000133514404,A2
1714,1777,5.38914076,-66.30452329,7.360000133514404,A0V
2719,3066,8.65585518,67.51646962,7.360000133514404,A3
5416,6813,17.30596938,33.94155069,7.360000133514404,A2
5795,7384,18.58679726,30.54210847,7.360000133514404,A0
6614,8587,21.22736639,3.34944619,7.360000133514404,A0
7494,9723,24.1168494,54.69615029,7.360000133514404,A0
9278,11874,29.81187644,67.04356756,7.360000133514404,A3
15697,20752,50.55008175,42.82226533,7.360000133514404,A2
18507,24701,59.3573626,43.316413,7.360000133514404,A0
19436,26212,62.4319953,24.07299386,7.360000133514404,A3
24664,33355,79.38178463,74.53588077,7.360000133514404,A2
29869,43171,94.3373671,49.485633,7.360000133514404,A2
29876,42974,94.36037062,58.82652079,7.360000133514404,A2
30240,44482,95.42879282,-9.68291408,7.360000133514404,A0
31574,46900,99.12019362,15.75018109,7.360000133514404,A0
32691,50080,102.30635571,-46.70960101,7.360000133514404,A1V
33803,52899,105.27363377,-40.79497408,7.360000133514404,A0V
43817,76192,133.86425501,26.40988005,7.360000133514404,A0
44325,77281,135.40841312,-1.47629075,7.360000133514404,A2
44787,78802,136.9164731,-59.18477551,7.360000133514404,A2IV
45487,79935,139.0318062,-28.8863547,7.360000133514404,A1V
46239,81104,141.40784258,54.01597407,7.360000133514404,A2+...
51402,91125,157.47913067,-54.97820675,7.360000133514404,A2V
52344,92698,160.46925158,-26.04663834,7.360000133514404,A3V
63218,112478,194.29356558,-22.17184613,7.360000133514404,A3V
66580,118548,204.72568037,-55.02447954,7.360000133514404,A2mA5-A7
73043,130425,223.91444057,-78.88301594,7.360000133514404,A1/A2V
75382,137182,231.06078349,10.55490744,7.360000133514404,A0
83640,154651,256.40666396,29.62318026,7.360000133514404,A2
83724,154888,256.6733683,35.32344152,7.360000133514404,A0
85880,159607,263.25979873,49.34522588,7.360000133514404,A0
87144,161665,267.0700641,-32.67106166,7.360000133514404,A3V
87766,164135,268.9291872,61.39588977,7.360000133514404,A3
89672,167926,274.4927644,-12.87003142,7.360000133514404,A3IV/V
90293,169952,276.34634683,38.44094316,7.360000133514404,A0p
93211,176321,284.80143355,15.12986947,7.360000133514404,A0
97619,187750,297.61102262,30.76613679,7.360000133514404,A0
97833,188170,298.20942547,28.99259153,7.360000133514404,A0
106170,204917,322.57892823,48.39089278,7.360000133514404,A1V
110871,213050,336.93163457,51.49284899,7.360000133514404,A0II
115520,220501,351.01381338,29.67273057,7.360000133514404,A0
118015,224250,359.08160384,10.01223322,7.360000133514404,A2
1688,1677,5.28852,35.87887562,7.369999885559082,A0
4612,5704,14.77736519,32.45579866,7.369999885559082,A2
8318,10958,26.81579946,-17.48351001,7.369999885559082,A3V
8454,11088,27.25135886,1.33154163,7.369999885559082,A3
10355,13564,33.3721078,40.79024279,7.369999885559082,A3
11959,15894,38.57354586,35.15020743,7.369999885559082,A2
12478,16545,40.15384938,44.09123456,7.369999885559082,A0
27701,39600,87.98424851,-35.9097092,7.369999885559082,A2III/IV
31226,46426,98.24696056,-8.96403802,7.369999885559082,A0
31342,46614,98.58542208,-2.90564321,7.369999885559082,A3
33921,52472,105.58529476,25.36455159,7.369999885559082,A3
35446,56844,109.77402394,10.31496034,7.369999885559082,A2
36486,59737,112.61186797,-20.80798973,7.369999885559082,A0V
41550,71557,127.08855944,6.70071094,7.369999885559082,A0
42465,73395,129.86384784,35.5197779,7.369999885559082,A2
45206,78767,138.19138679,61.67572841,7.369999885559082,A0
71621,128687,219.72761916,-22.32833728,7.369999885559082,A2V
72140,129732,221.33583692,-36.14774147,7.369999885559082,A1IV/V
82253,151701,252.10079645,17.13319498,7.369999885559082,A2
88151,164506,270.0671916,28.71974248,7.369999885559082,A2
89238,166612,273.15648015,-28.23628508,7.369999885559082,A2/3V +A9/F0
93461,176978,285.52035189,14.42985557,7.369999885559082,A2
94350,179708,288.06166266,32.25275891,7.369999885559082,A0
94942,181359,289.79467189,26.93205571,7.369999885559082,A2
97745,187854,297.94559882,8.07173971,7.369999885559082,A2
101462,196239,308.4423175,52.82654421,7.369999885559082,A0
104283,201431,316.90122092,51.58401972,7.369999885559082,A0
106028,204673,322.13195493,50.44539562,7.369999885559082,A0
112099,215043,340.58815711,5.17371147,7.369999885559082,A3
4089,5038,13.12024866,13.64881626,7.380000114440918,A0
16221,21541,52.24374691,14.99683271,7.380000114440918,A0
17946,24157,57.5579721,-18.74599408,7.380000114440918,A0V
20309,27815,65.26582052,-48.81128105,7.380000114440918,A3Vs
23129,31848,74.65111126,-14.78411161,7.380000114440918,A2/A3m...
31673,46608,99.41933504,55.35923808,7.380000114440918,A2
39473,66789,121.02037764,-29.1733036,7.380000114440918,A2V
40907,70255,125.21982683,-4.86611746,7.380000114440918,A3
42272,73609,129.2902915,-49.42526216,7.380000114440918,A2mA3-F0
42702,74516,130.5415874,-52.96773884,7.380000114440918,A0V
44277,77231,135.25878276,-9.21964842,7.380000114440918,A0
44603,77874,136.31421851,2.41413084,7.380000114440918,A2
50804,90034,155.59157956,-47.9715073,7.380000114440918,A2IV
52075,92151,159.61507695,5.91366284,7.380000114440918,A3
53925,95894,165.51301934,-71.74707312,7.380000114440918,A1/A2V
54377,96512,166.87724904,21.15080621,7.380000114440918,A2
54716,97192,168.04248194,61.20432714,7.380000114440918,A2
55166,98154,169.42065963,25.46046802,7.380000114440918,A3V
58711,104564,180.62922005,-56.56046903,7.380000114440918,A0V
59541,106101,183.14926722,-52.77746449,7.380000114440918,A1/A2V
72307,131358,221.79266029,76.042239,7.380000114440918,A2
76648,138682,234.7778958,-72.29761939,7.380000114440918,A0IV
81812,150620,250.64762134,-11.17458057,7.380000114440918,A2
83820,153987,256.95872423,-67.18792757,7.380000114440918,A0/A1IV
87983,163973,269.58553067,14.51063181,7.380000114440918,A0
95072,181039,290.14743073,-39.98888976,7.380000114440918,A2/A3IV
96896,185691,295.45583711,-36.8875577,7.380000114440918,A2/A3V
97308,186778,296.64621056,-1.37683772,7.380000114440918,A0
100857,194863,306.74212665,30.36965166,7.380000114440918,A0
101327,194646,308.06136981,-71.86415593,7.380000114440918,A0/A1IV/V
101567,196028,308.76492975,-9.58052105,7.380000114440918,A0
102537,198014,311.68557011,24.46250004,7.380000114440918,A2
106341,205199,323.06142297,46.25725648,7.380000114440918,A0
108414,208621,329.44765274,-15.12327051,7.380000114440918,A2IV
111360,213871,338.40656144,46.5652816,7.380000114440918,A0p:
111747,214675,339.54515757,66.14409244,7.380000114440918,A0
113273,217085,344.05469457,72.83735549,7.380000114440918,A2
116321,221774,353.53265061,72.91456401,7.380000114440918,A2
4875,6059,15.66526465,52.85092821,7.389999866485596,A0
6606,8600,21.20349209,-6.98586089,7.389999866485596,A3
7713,10031,24.8224499,54.60050279,7.389999866485596,A0
20926,28281,67.30132032,35.26582807,7.389999866485596,A2
21957,29971,70.78181752,-6.47092775,7.389999866485596,A0
23394,31779,75.43150258,55.57507184,7.389999866485596,A3
27063,38084,86.08817523,27.73148079,7.389999866485596,A0
30793,45530,97.05815921,5.27225241,7.389999866485596,A1p
33748,52155,105.15465009,12.72339472,7.389999866485596,A3
34038,52961,105.9151324,10.77030334,7.389999866485596,A0
36159,56863,111.73984875,75.61223741,7.389999866485596,A0
36331,59110,112.17474011,2.28354683,7.389999866485596,A0
38407,64930,118.03049275,-64.29421903,7.389999866485596,A2V
43775,76069,133.74501036,32.74390514,7.389999866485596,A0
51508,91423,157.78096221,-68.89725737,7.389999866485596,A0V
51794,91906,158.7353982,-64.13402404,7.389999866485596,A0V
54337,96620,166.72749131,-58.79339341,7.389999866485596,A0IV
56147,99966,172.6242818,48.93574004,7.389999866485596,A0V
58660,104472,180.4342099,-41.82882436,7.389999866485596,A3III
59282,105613,182.41177875,-58.34962978,7.389999866485596,A3V
62695,111794,192.70480729,62.98609677,7.389999866485596,A3
73206,132445,224.42893558,44.46631658,7.389999866485596,A2
80257,147769,245.76910106,19.50594809,7.389999866485596,A0
81144,149019,248.59613892,-49.76979877,7.389999866485596,A0Ia
86660,160936,265.59375988,9.44952303,7.389999866485596,A0
92330,173344,282.26447387,-63.26954122,7.389999866485596,A2mA5-A9
93022,176209,284.26268253,45.85590365,7.389999866485596,A0
96741,185447,294.98204326,-22.06272832,7.389999866485596,A2V
97777,188342,298.03360941,52.28125193,7.389999866485596,A0
98607,190112,300.43414869,41.8164437,7.389999866485596,A0
101047,195154,307.26347474,16.25427078,7.389999866485596,A0
103012,198916,313.05922949,39.5012834,7.389999866485596,A2
104073,200788,316.27477539,18.65596476,7.389999866485596,A2
114164,218331,346.79872402,-7.69446498,7.389999866485596,A0
117387,223288,357.02609329,63.81739501,7.389999866485596,A0
4736,5959,15.20874255,-9.37357879,7.400000095367432,A3
15274,20326,49.26526539,28.75897397,7.400000095367432,A0
16086,21405,51.80761816,2.28022496,7.400000095367432,A0
29370,42779,92.86620169,-27.05811243,7.400000095367432,A2/A3V
35077,55922,108.81245524,5.81846404,7.400000095367432,A0
36078,58383,111.51010125,14.10296368,7.400000095367432,A0V
39346,66433,120.64861755,-25.03687165,7.400000095367432,A3III
41408,71807,126.69683225,-55.36291568,7.400000095367432,A1V
42193,72965,129.04562966,13.77754674,7.400000095367432,A0
56631,100888,174.16946429,-9.31305083,7.400000095367432,A0
57203,101871,175.9486309,52.39510605,7.400000095367432,A2
59100,105263,181.79497411,9.66290022,7.400000095367432,A3
65394,116356,201.03607923,-53.79306172,7.400000095367432,A1Vn...
71960,129041,220.76849839,-62.20725692,7.400000095367432,A3V
73730,133909,226.0734586,59.53505398,7.400000095367432,A2
79567,146013,243.52710787,-4.15846146,7.400000095367432,A0
82449,152067,252.74565135,5.48904017,7.400000095367432,A2
86890,161355,266.30662644,-2.76214356,7.400000095367432,A0
88897,166072,272.21864046,2.24306155,7.400000095367432,A2
97528,187524,297.3299517,28.57910045,7.400000095367432,A0
101465,195599,308.44516198,-40.55718804,7.400000095367432,A1V
102144,197228,310.46536457,20.7141723,7.400000095367432,A3
110543,212511,335.90496063,51.1956936,7.400000095367432,A3
111411,213669,338.57767523,-54.29787154,7.400000095367432,A3IV
113147,216716,343.68664888,31.4787763,7.400000095367432,A0
17547,23336,56.36467927,28.66882772,7.409999847412109,A2
24730,34500,79.54652368,9.2165365,7.409999847412109,A2
24961,35071,80.18542812,-29.20610768,7.409999847412109,A1V
29793,43246,94.09250124,28.85201434,7.409999847412109,A2
30014,43840,94.74846428,12.70142698,7.409999847412109,A0
31961,47171,100.19731632,56.88385082,7.409999847412109,A0
33218,50315,103.69458662,42.94785856,7.409999847412109,A3
36136,58886,111.66151525,-23.0820595,7.409999847412109,A0V
36422,59869,112.43896456,-46.68949727,7.409999847412109,A0V
38107,63886,117.14044372,-52.68417983,7.409999847412109,A2V
41177,71104,126.03776559,-35.5090025,7.409999847412109,A1V
41772,72245,127.76878694,-20.30409049,7.409999847412109,A2/A3III
49587,87840,151.84268286,-19.70872685,7.409999847412109,A1IV/V
50349,89213,154.2156374,-34.12734777,7.409999847412109,A0V
50602,89672,155.05701686,-33.12873334,7.409999847412109,A3III/IV
51381,90955,157.4118523,-22.24698156,7.409999847412109,A2V
52693,93346,161.61129673,-15.03411797,7.409999847412109,A0V
55113,98192,169.26177039,-55.62258382,7.409999847412109,A0V
79539,146026,243.46044597,6.99390985,7.409999847412109,A3
80954,148931,247.949816,-7.02322941,7.409999847412109,A0
81529,150391,249.78733468,38.34499243,7.409999847412109,A2
81942,150935,251.073914,-0.55669654,7.409999847412109,A0
82518,153058,252.97929087,67.91501042,7.409999847412109,A0
83410,153747,255.72425563,-38.46026115,7.409999847412109,A0III
84954,157359,260.45683922,23.68631088,7.409999847412109,A0
86949,161327,266.50658921,-26.97229101,7.409999847412109,A0Iab-Ib
91011,172199,278.48403039,66.35693086,7.409999847412109,A0
92727,173491,283.42792182,-74.95822549,7.409999847412109,A0V
93245,176287,284.90643796,-2.83535267,7.409999847412109,A0
94538,180501,288.60987037,48.71930898,7.409999847412109,A0
95521,182898,291.45000143,28.75943592,7.409999847412109,A0...
101517,195290,308.59432076,-66.73082134,7.409999847412109,A0V
105666,204023,321.04193139,48.81928065,7.409999847412109,A2
109661,211193,333.22449826,68.98327249,7.409999847412109,A0
109775,210931,333.5276874,-21.41133368,7.409999847412109,A1V
445,53,1.34012165,-56.95562054,7.420000076293945,A1Vs
2665,3085,8.44997903,-39.92461562,7.420000076293945,A0V
3289,3881,10.49081318,59.91471055,7.420000076293945,A3
8624,10733,27.80984035,81.37464793,7.420000076293945,A0
10167,13406,32.68990414,-12.92662738,7.420000076293945,A3m...
12432,16349,40.00450768,62.6020449,7.420000076293945,A0
15928,21142,51.29406525,12.48544928,7.420000076293945,A0
18297,24573,58.6896043,9.17767349,7.420000076293945,A0
22406,30679,72.32916762,-9.00937831,7.420000076293945,A2
22894,31234,73.86720008,32.15484149,7.420000076293945,A0
24921,34793,80.10198968,10.89044384,7.420000076293945,A0
26454,37720,84.41488679,-53.53542045,7.420000076293945,A3V
30373,44390,95.80475272,35.5203217,7.420000076293945,A0
31316,46386,98.51516226,22.1177444,7.420000076293945,A3
35705,57652,110.5075629,-5.57065364,7.420000076293945,A0
38161,63555,117.30502645,-10.49935709,7.420000076293945,A0
43643,76268,133.34292083,-44.33308136,7.420000076293945,A1/A2V
51131,90731,156.68518977,-64.35173058,7.420000076293945,A0V
52893,93687,162.26367791,10.15793348,7.420000076293945,A0
56746,101122,174.52079957,-18.19185731,7.420000076293945,A0V
56993,101582,175.2510688,-54.54875656,7.420000076293945,A0V
68234,121907,209.52625177,16.40308139,7.420000076293945,A0
70621,126676,216.69746892,8.38172529,7.420000076293945,A0
78226,143418,239.60703654,43.21373072,7.420000076293945,A3
81172,149077,248.69038843,-49.39558651,7.420000076293945,A0Ib
88664,163858,271.52044428,-74.00474713,7.420000076293945,A2III/IV
89499,167231,273.9580307,-35.63728941,7.420000076293945,A0IV
94606,180216,288.78670045,16.19719564,7.420000076293945,A2
95131,181829,290.32214947,20.96281651,7.420000076293945,A0
95605,183204,291.6843012,39.96150716,7.420000076293945,A0
98460,189690,300.06474284,29.92063903,7.420000076293945,A0V
99984,192736,304.2512678,-18.43143269,7.420000076293945,A3IV
102568,198108,311.78527742,32.17220678,7.420000076293945,A0
103435,203836,314.34239447,87.03262539,7.420000076293945,A3
104957,203516,318.89856735,78.59819124,7.420000076293945,A0
112972,216572,343.19085544,60.91630734,7.420000076293945,A0...
116108,221380,352.88489318,33.69848437,7.420000076293945,A2
117754,223819,358.20837671,48.48180573,7.420000076293945,A3
1329,1210,4.1735305,54.66015605,7.429999828338623,A3...
10388,13427,33.44980888,64.85502564,7.429999828338623,A2
15506,20629,49.94898638,19.07627217,7.429999828338623,A0
20096,27044,64.62865806,43.72710452,7.429999828338623,A2
22644,31057,73.0819269,-7.89564572,7.429999828338623,A0
25370,35313,81.4104072,38.04476012,7.429999828338623,A0+...
29108,41578,92.07907146,45.55438114,7.429999828338623,A0
29159,42503,92.26069548,-41.11796064,7.429999828338623,A1III/IV
30275,43771,95.52010229,60.77816518,7.429999828338623,A2
30396,44541,95.87571117,27.1180225,7.429999828338623,A0
32027,48035,100.35779573,0.95727223,7.429999828338623,A0
41765,71988,127.75204574,18.96839171,7.429999828338623,A3
44280,77193,135.27599121,1.28015377,7.429999828338623,A0
45938,79870,140.50712954,74.91273047,7.429999828338623,A2
46173,81806,141.23487248,-64.70821306,7.429999828338623,A2/A3V
46633,82194,142.64621633,1.25725094,7.429999828338623,A0
48683,86066,148.93154223,-19.67708465,7.429999828338623,A2V
59174,105388,182.02363408,31.04981568,7.429999828338623,A0V
66546,118385,204.61864679,-64.05563438,7.429999828338623,A0III
67975,121226,208.80605043,-47.09219077,7.429999828338623,A1V
70963,127945,217.72358082,68.08174531,7.429999828338623,A3
81248,150116,248.92180949,57.78120016,7.429999828338623,A3
87960,164394,269.52238685,52.21833614,7.429999828338623,A2+...
88847,166180,272.05154349,30.99888814,7.429999828338623,A0
91824,173172,280.82805486,17.48978844,7.429999828338623,A0
98499,189328,300.16153597,-32.17562434,7.429999828338623,A1IV/V
100709,194406,306.26157856,13.38618821,7.429999828338623,A2
102627,198110,311.93848064,10.46534255,7.429999828338623,A0
102694,198792,312.1233333,69.6578663,7.429999828338623,A0
104127,201076,316.43330324,47.80470934,7.429999828338623,A0V
104401,201376,317.25443573,7.58905169,7.429999828338623,A2
104878,202260,318.67125048,-0.83195634,7.429999828338623,A2V
105180,202612,319.60643623,-45.29016876,7.429999828338623,A3III
105747,203943,321.2735985,9.3840544,7.429999828338623,A2
110610,212825,336.13698452,71.0468641,7.429999828338623,A3
110810,212940,336.75543188,45.78949879,7.429999828338623,A2
111622,214172,339.19495337,-21.08963197,7.429999828338623,A1V
701,370,2.18307102,74.21471191,7.440000057220459,A0
7382,9716,23.77643372,-2.3353371,7.440000057220459,A0
10731,14155,34.52818334,29.8473252,7.440000057220459,A3
13539,18059,43.5873305,7.68024746,7.440000057220459,A0
18621,24970,59.77270585,27.19748316,7.440000057220459,A0
21174,28697,68.09083732,25.18555936,7.440000057220459,A2
22823,31254,73.67166196,12.02581886,7.440000057220459,A0
23901,33498,77.02910453,-49.29719021,7.440000057220459,A1m...
25994,37279,83.22025288,-63.45605649,7.440000057220459,A1m...
27987,39849,88.78097104,-1.92680413,7.440000057220459,A2
28856,41741,91.36838674,-33.501875,7.440000057220459,A0IV
30165,43750,95.20830195,52.14833389,7.440000057220459,A0
36079,58698,111.51293809,-18.36295628,7.440000057220459,A0IV/V
37943,62969,116.65501322,1.85775329,7.440000057220459,A0
38322,63797,117.76081772,7.43801738,7.440000057220459,A0
38654,64975,118.71936034,-38.41998185,7.440000057220459,A1V
41409,71416,126.70046553,-18.17314501,7.440000057220459,A0IV/V
43604,76614,133.20461343,-69.83063018,7.440000057220459,A0III/IVp..
47303,83406,144.59426677,7.70907492,7.440000057220459,A2
51910,91683,159.07612913,52.10948076,7.440000057220459,A2
69933,125310,214.67166823,-7.01365312,7.440000057220459,A2
77010,140194,235.85983066,-30.53497193,7.440000057220459,A2V
86381,159098,264.77034534,-70.69423152,7.440000057220459,A3m...
87749,163590,268.85570321,32.43834395,7.440000057220459,A0
88703,165941,271.62672118,40.36098921,7.440000057220459,A0
90070,169169,275.70664357,15.00185703,7.440000057220459,A2
96205,184362,293.4440155,7.91807847,7.440000057220459,A0
96530,185332,294.37450894,29.61508307,7.440000057220459,A3V
100948,194798,307.01272096,-13.99711151,7.440000057220459,A3IV
102215,197809,310.66529127,63.21314261,7.440000057220459,A0
104210,201156,316.69489886,34.13233322,7.440000057220459,A2...
104570,201686,317.74713804,9.54942429,7.440000057220459,A3
105035,202494,319.12427944,-9.15786138,7.440000057220459,A0
105677,204211,321.06889308,62.99345906,7.440000057220459,A0
106572,205514,323.75810905,31.78387339,7.440000057220459,A0
107216,206698,325.73364574,37.90488633,7.440000057220459,A0
113096,216886,343.56191244,76.3381,7.440000057220459,A3
116863,222529,355.32316186,32.56109197,7.440000057220459,A0
117282,223151,356.71946307,54.86125086,7.440000057220459,A0
300,225125,0.93490863,42.02349764,7.449999809265137,A3
6257,8130,20.06574294,-36.24286959,7.449999809265137,A0V
11112,14739,35.74833243,17.59789532,7.449999809265137,A2
12452,16580,40.07714407,29.79643061,7.449999809265137,A0II
16966,22401,54.56484649,47.57704633,7.449999809265137,A0V
17142,22818,55.06546905,7.58537926,7.449999809265137,A2
20173,26579,64.86907784,74.63607255,7.449999809265137,A0
21510,29224,69.28781289,27.92576108,7.449999809265137,A0
22370,30861,72.23931904,-47.13459876,7.449999809265137,A2V
28519,40679,90.29391032,19.42046436,7.449999809265137,A0
31227,46049,98.24933188,39.78464291,7.449999809265137,A2
52634,93226,161.45094762,-10.71355748,7.449999809265137,A0
59281,105615,182.40914621,-67.45414122,7.449999809265137,A0/A1V
60102,107183,184.88394219,-32.58883396,7.449999809265137,A2V+...
70441,126062,216.1542517,-47.1776856,7.449999809265137,A1V
75957,137957,232.70182214,-45.42436407,7.449999809265137,A0V
76305,139607,233.80867172,65.27767711,7.449999809265137,A2
77013,143173,235.86275599,82.94726323,7.449999809265137,A2
87610,163219,268.45708409,30.37037911,7.449999809265137,A3
89521,168221,274.01369203,50.53268257,7.449999809265137,A0
90766,171026,277.77891863,32.24538578,7.449999809265137,A0...
96038,183919,292.90992775,5.02125228,7.449999809265137,A0
96448,185266,294.1344915,41.00973922,7.449999809265137,A0
97663,187797,297.72875073,24.62700655,7.449999809265137,A0
98405,190396,299.92225784,69.4090469,7.449999809265137,A0
99104,189839,301.80759772,-69.55545014,7.449999809265137,A0IV
108150,208394,328.67527351,48.19881228,7.449999809265137,A2
108862,213126,330.8048505,88.07302911,7.449999809265137,A2
111527,214127,338.92668781,32.78909533,7.449999809265137,A2
112058,215012,340.45663035,22.38932301,7.449999809265137,A0
115,224878,0.37259669,-62.9231576,7.460000038146973,A2IV
1340,1243,4.19017076,13.9168083,7.460000038146973,A3
10162,13223,32.66781708,51.05445562,7.460000038146973,A0
15986,21028,51.48180243,53.32275469,7.460000038146973,A0
16856,22327,54.22886736,35.05208802,7.460000038146973,A0
19750,26721,63.50406537,11.02723956,7.460000038146973,A2
19938,27093,64.14987202,-10.08583606,7.460000038146973,A2
20288,26012,65.22589485,81.97753988,7.460000038146973,A0
20774,28138,66.75653719,19.84333279,7.460000038146973,A0
20845,28283,67.01237221,10.07220751,7.460000038146973,A0
22991,31636,74.19961624,-16.13506171,7.460000038146973,A0/A1V
25406,36155,81.51781192,-58.56144946,7.460000038146973,A2Vs
28721,41702,90.99962938,-51.09855249,7.460000038146973,A2III/IV
29440,42675,93.05121033,4.67376322,7.460000038146973,A0
32244,48777,100.97356927,-27.59143954,7.460000038146973,A1V
34858,55283,108.20067817,15.17831347,7.460000038146973,A0
34919,55987,108.37216862,-38.49117219,7.460000038146973,A3V
36825,60791,113.59678214,-42.07378258,7.460000038146973,A1V
37219,61343,114.6789429,-1.45226338,7.460000038146973,A0
37628,62577,115.8199738,-33.80301488,7.460000038146973,A2III/IV
42552,73912,130.10058594,-14.69698037,7.460000038146973,A1V
43154,75223,131.84161511,-39.79979745,7.460000038146973,A1V
44450,77588,135.83802425,-4.44158124,7.460000038146973,A0
55222,98409,169.63058733,-60.24400187,7.460000038146973,A0Ib
64851,115396,199.39815914,-43.29919068,7.460000038146973,A1/A2V
76043,138483,232.95202584,16.23449584,7.460000038146973,A0
79845,147005,244.46351716,35.69956856,7.460000038146973,A0
81971,151029,251.17677306,2.3329414,7.460000038146973,A2
82999,153116,254.40994635,-3.01665866,7.460000038146973,A2
87531,163204,268.23654757,42.21247257,7.460000038146973,A2
88791,165886,271.87298635,19.66641919,7.460000038146973,A2
92170,174063,281.78266473,35.87567583,7.460000038146973,A0
93198,176708,284.7538278,49.31941089,7.460000038146973,A2
95170,182057,290.42149865,29.90547075,7.460000038146973,A2
95774,182985,292.19528124,-36.00025931,7.460000038146973,A0V
97311,187122,296.64979325,39.51119813,7.460000038146973,A2
100686,194451,306.19447753,25.17946413,7.460000038146973,A0
101174,195664,307.61167641,52.29387022,7.460000038146973,A2
104958,202617,318.89807761,44.95452284,7.460000038146973,A0
107180,206673,325.64230263,42.44074313,7.460000038146973,A0
112741,216052,342.48337796,-20.28506619,7.460000038146973,A3III
113985,218097,346.25452682,33.38577298,7.460000038146973,A0
116434,221866,353.9062274,14.59365834,7.460000038146973,A3
16211,21375,52.22346506,49.0703937,7.46999979019165,A1V
24858,34018,79.92898743,67.9964249,7.46999979019165,A2
25645,36002,82.17536047,1.22703145,7.46999979019165,A2
28398,40573,89.97333309,3.99100837,7.46999979019165,A0
28971,41897,91.71436831,-23.09374846,7.46999979019165,A3V
30931,45857,97.3680668,-11.46414677,7.46999979019165,A2
31453,47146,98.84191256,-38.80883471,7.46999979019165,A0V
33513,51565,104.4908849,2.29223814,7.46999979019165,A2
42243,72982,129.17814814,25.93730042,7.46999979019165,A0
42341,73094,129.48406922,39.64482608,7.46999979019165,A2
42994,74389,131.44551136,48.87874387,7.46999979019165,A0
53160,94118,163.13646285,45.77780315,7.46999979019165,A3V
56033,99893,172.26619747,-58.79184107,7.46999979019165,A0Ib
65113,115671,200.16053933,-69.68053848,7.46999979019165,A2V
74551,135558,228.49545303,47.96907129,7.46999979019165,A3
80387,147703,246.12682408,-27.1510762,7.46999979019165,A0IV
80814,148832,247.5421619,15.12827058,7.46999979019165,A3
84847,157213,260.11633907,35.37100737,7.46999979019165,A0
86658,160480,265.58819981,-46.2988605,7.46999979019165,A0/A1V
87896,163790,269.30993773,20.6391177,7.46999979019165,A2
89680,168073,274.52296003,-1.33015211,7.46999979019165,A0
91518,172471,279.95578153,15.08928399,7.46999979019165,A2
93129,176392,284.58346823,39.64183209,7.46999979019165,A0
93473,177390,285.54253016,47.2872941,7.46999979019165,A0
94562,181142,288.68099252,65.2727871,7.46999979019165,A0
100473,194333,305.62840152,54.93221166,7.46999979019165,A0
100727,194933,306.31934062,60.01197397,7.46999979019165,A2
105472,203383,320.44829816,2.02735158,7.46999979019165,A2
108415,208717,329.44799728,19.87819932,7.46999979019165,A2
108805,209378,330.62750439,23.57845377,7.46999979019165,A0
112807,216180,342.676846,-0.57780804,7.46999979019165,A2
114263,218538,347.11870413,29.16097827,7.46999979019165,A3III
5370,6610,17.17025836,70.68156999,7.480000019073486,A0
8257,10773,26.57969549,43.70570255,7.480000019073486,A0
11098,14535,35.72290997,57.2451547,7.480000019073486,A2Ia
25459,36369,81.67263682,-64.32440526,7.480000019073486,A1Vn
25636,36017,82.13845535,-4.69701432,7.480000019073486,A3
25720,36237,82.37913695,-21.03979187,7.480000019073486,A3/A4IV
28793,41571,91.18029461,-28.06074634,7.480000019073486,A0III/IV
31503,46764,98.96463359,17.20007004,7.480000019073486,A0
34092,54400,106.03626965,-64.48998046,7.480000019073486,A1V
36847,60601,113.64312765,-21.30649751,7.480000019073486,A0/A1IV
37004,61192,114.07190063,-40.53118436,7.480000019073486,A3V
39598,67015,121.38209458,-13.57253997,7.480000019073486,A0V
40376,68905,123.66262896,1.15738549,7.480000019073486,A2
40967,70680,125.40669272,-40.45481467,7.480000019073486,A2/A3IV
59350,105766,182.61929994,-24.95885974,7.480000019073486,A0/A1V
70998,127215,217.80997937,-40.65587667,7.480000019073486,A1V
73939,133772,226.6426045,-12.90700458,7.480000019073486,A0V
79667,146214,243.88859685,-12.68003873,7.480000019073486,A1V
90454,170541,276.86452307,49.81848638,7.480000019073486,A3
92196,173069,281.84533463,-60.37505764,7.480000019073486,A0V
93784,176729,286.49092407,-63.74474297,7.480000019073486,A0V
96328,184877,293.78104432,34.19986351,7.480000019073486,A2
98124,188777,299.14012967,8.25595455,7.480000019073486,A0
100237,193328,304.94776955,-0.90709652,7.480000019073486,A2
100759,195013,306.4282488,60.17757797,7.480000019073486,A3
104345,201543,317.07508218,53.2261516,7.480000019073486,A0
108746,209298,330.43079721,26.37787113,7.480000019073486,A3
4519,5407,14.47614531,75.49389094,7.489999771118164,A0
5508,6917,17.63529166,52.12923848,7.489999771118164,A2
7125,9335,22.94903289,-10.2572838,7.489999771118164,A2
9363,12175,30.07298083,38.59758506,7.489999771118164,A0
9802,12441,31.51102909,74.58370931,7.489999771118164,A0
18070,23602,57.93243592,70.50812473,7.489999771118164,A3
19830,26875,63.77839714,3.24652559,7.489999771118164,A0
22984,31489,74.18245945,8.82240617,7.489999771118164,A2
25551,36037,81.93597194,-25.63681811,7.489999771118164,A2V
34007,53056,105.85581174,-3.02534113,7.489999771118164,A3
34659,55348,107.66500496,-41.26508417,7.489999771118164,A2Vs
35646,57340,110.33745782,13.16471449,7.489999771118164,A3
37817,65517,116.31024834,-81.96749301,7.489999771118164,A2/A3IV
39149,66059,120.11708035,-34.12391202,7.489999771118164,A1IV
47556,82371,145.4374709,82.36508787,7.489999771118164,A0
48138,85042,147.20691139,-22.01883945,7.489999771118164,A2/A3IV
66629,118728,204.85751712,-36.24097457,7.489999771118164,A1V
68615,122944,210.6956918,61.67905439,7.489999771118164,A2
82182,152375,251.8448075,69.09878088,7.489999771118164,A0
83665,154581,256.5015539,7.85472507,7.489999771118164,A3
87217,160931,267.27993259,-71.09527565,7.489999771118164,A3V
88488,165434,271.02867755,39.4807886,7.489999771118164,A0
94636,180681,288.85907476,45.33570336,7.489999771118164,A0
100429,193819,305.48287895,13.59254471,7.489999771118164,A0
104414,202505,317.28171971,78.66318178,7.489999771118164,A2
105955,204497,321.87321682,47.80243632,7.489999771118164,A0
108931,209490,331.02494556,-13.0196054,7.489999771118164,A2III/IV
110185,211784,334.78071015,27.681899,7.489999771118164,A3
110378,212022,335.34951545,-6.24310519,7.489999771118164,A2
111307,213721,338.24098595,35.43785318,7.489999771118164,A0
117558,223543,357.61528697,-14.98369172,7.489999771118164,A2m...
8153,10681,26.21297733,28.45815398,7.5,A0
11944,16530,38.52842894,-74.02338751,7.5,A2m...
20358,27665,65.39667756,-8.10858579,7.5,A0
21786,29929,70.20259249,-45.79305049,7.5,A3V
29911,43478,94.4646634,32.50460131,7.5,A3
40450,69113,123.88092512,2.8322209,7.5,A0
43169,75096,131.89701422,-13.52669563,7.5,A1m...
46304,81506,141.64360383,19.05989484,7.5,A3
46319,81825,141.66919168,-44.23962612,7.5,A1IV
47106,83196,144.01230828,-27.52202781,7.5,A3V+...
50105,88709,153.44323071,-5.21978217,7.5,A2
54031,95855,165.81969575,-27.51798567,7.5,A1/A2V+...
61214,109142,188.15533246,-24.20088144,7.5,A3m...
64859,115431,199.40945023,-37.01720138,7.5,A3IV
69194,123880,212.4864134,11.37331591,7.5,A2
69509,124586,213.44268939,31.1953191,7.5,A0
74458,135501,228.24133043,56.04644026,7.5,A2
76098,138285,233.12879285,-38.07115398,7.5,A0V
77309,141987,236.74817819,69.47745057,7.5,A2
80939,148980,247.91069177,5.43375686,7.5,A3...
82397,151721,252.54464001,-26.74247881,7.5,A3V
91263,172824,279.23432055,67.80439412,7.5,A0
94328,179733,288.00131795,39.42073601,7.5,A0
97366,187277,296.84799477,42.48304401,7.5,A0
100399,193708,305.40159417,1.67090551,7.5,A0
101554,196110,308.70477212,13.46467748,7.5,A2
101720,196589,309.28317296,36.5840305,7.5,A0
105030,202766,319.11170041,48.79247417,7.5,A2
108024,208121,328.26769121,41.603372,7.5,A2
108027,208410,328.27241542,68.49856471,7.5,A0
108396,208668,329.40597004,11.94729352,7.5,A0
109004,209708,331.24483791,22.63691792,7.5,A3
115305,220109,350.29998306,-8.67417003,7.5,A2
116835,222437,355.21188016,-56.42054531,7.5,A1V
817,556,2.51326491,46.39035323,7.510000228881836,A3+...
5226,6554,16.69855291,35.14566078,7.510000228881836,A2
7957,10467,25.54320969,2.30798937,7.510000228881836,A2
14369,18639,46.34591247,73.94512951,7.510000228881836,A0
15327,20282,49.43016025,50.36110246,7.510000228881836,A0
19012,25476,61.09784279,38.79668743,7.510000228881836,A3
21120,28621,67.89904715,22.84511833,7.510000228881836,A0
23079,32209,74.49234888,-57.96740929,7.510000228881836,A2V
23173,31858,74.77438067,-2.13665869,7.510000228881836,A2
23633,32509,76.20884856,26.72085053,7.510000228881836,A2
31432,46250,98.79247356,52.86393632,7.510000228881836,A2
33525,51596,104.51548297,0.36942897,7.510000228881836,A2
36100,56195,111.55405294,78.04522402,7.510000228881836,A0
39503,66443,121.11699759,21.0081342,7.510000228881836,A2
55388,98609,170.12998825,-32.10210291,7.510000228881836,A2/A3IV/V
59596,106224,183.3235285,22.02647911,7.510000228881836,A3V
60287,107413,185.43673634,-79.46657665,7.510000228881836,A1V
61447,109448,188.88346392,-68.35089853,7.510000228881836,A0V
63222,112623,194.31704902,57.69171393,7.510000228881836,A0
66269,118524,203.73572032,70.11899266,7.510000228881836,A0
71488,128284,219.28941763,-37.53197647,7.510000228881836,A1V+...
82308,152031,252.25831436,41.66328252,7.510000228881836,A3
86572,160461,265.37788309,-34.07348726,7.510000228881836,A1V
92118,,281.62212771,-0.96344934,7.510000228881836,A0
96709,185756,294.8966625,29.74874908,7.510000228881836,A0
97762,187855,298.00224898,1.60334437,7.510000228881836,A2
101826,196723,309.53453402,30.57749214,7.510000228881836,A0
102261,197549,310.81036625,33.83154827,7.510000228881836,A0
107617,207114,326.9592085,-39.51187349,7.510000228881836,A3IV
110183,212237,334.77338372,76.01316488,7.510000228881836,A0
114705,219179,348.53142953,-19.69583777,7.510000228881836,A2/A3V
117201,223017,356.46539624,33.29051524,7.510000228881836,A0
117345,223210,356.90013616,34.52160493,7.510000228881836,A0
220,225023,0.69173956,35.81547283,7.519999980926514,A0
12975,17285,41.7203755,12.26067484,7.519999980926514,A0
16300,22449,52.5329865,-74.59423894,7.519999980926514,A3/A4IV/V
16699,22240,53.72461378,-3.41192393,7.519999980926514,A2
17403,23155,55.92992873,25.08083909,7.519999980926514,A2
19815,26708,63.74278029,36.50206248,7.519999980926514,A2
23084,31836,74.51802246,-22.01954641,7.519999980926514,A0/A1V
24063,33300,77.55392464,22.13666675,7.519999980926514,A0
24483,34136,78.80085481,4.27035625,7.519999980926514,A0
25081,34788,80.54595255,45.08167682,7.519999980926514,A0
25210,35320,80.89496002,-10.41855905,7.519999980926514,A0
29087,42163,92.0360562,-25.41623754,7.519999980926514,A2V+...
29909,43607,94.46194584,19.45720682,7.519999980926514,A0V
33413,50657,104.23123082,51.00528739,7.519999980926514,A2
39931,67720,122.32624231,-0.44924905,7.519999980926514,A0
41576,71967,127.15404289,-41.17430206,7.519999980926514,A0V
41717,72025,127.60189995,-7.04006764,7.519999980926514,A0
51357,90974,157.35184434,-40.96250285,7.519999980926514,A1IV/V
52183,92357,159.90519135,-12.99424911,7.519999980926514,A3III
53913,95786,165.47811652,-66.01236272,7.519999980926514,A0/A1V
54830,97654,168.37966304,-57.05176755,7.519999980926514,A0V
55576,98949,170.77140916,-28.89696884,7.519999980926514,A0V
83414,153974,255.7402673,-6.35236858,7.519999980926514,A3
91026,171520,278.53145644,28.29497825,7.519999980926514,A0
95079,181527,290.16206346,2.93765984,7.519999980926514,A2
96083,184172,293.02463746,28.26680406,7.519999980926514,A0...
102494,197726,311.56953706,-23.7239858,7.519999980926514,A2V
102729,198424,312.25214848,38.86512107,7.519999980926514,A0
102731,198436,312.25266026,39.79164682,7.519999980926514,A0...
103457,199469,314.417341,-7.7134748,7.519999980926514,A0
104615,202431,317.88500978,70.82539753,7.519999980926514,A3
107324,206703,326.0787402,-15.97154057,7.519999980926514,A2/A3V
114940,219651,349.21454574,57.64792922,7.519999980926514,A0
2054,2189,6.51115913,35.81929617,7.53000020980835,A3
2465,2811,7.82706135,-43.60637738,7.53000020980835,A3V
3476,4133,11.09900243,54.15231267,7.53000020980835,A0
4630,5741,14.85919898,40.15518117,7.53000020980835,A0
6850,8846,22.02769051,47.75258408,7.53000020980835,A0
7948,10407,25.52471564,29.50606787,7.53000020980835,A2
14811,19627,47.8095423,45.01898384,7.53000020980835,A2
15322,20296,49.41409691,46.94899911,7.53000020980835,A0
17388,24063,55.85271145,-74.00863486,7.53000020980835,A2m...
20543,28248,66.02871196,-57.25317934,7.53000020980835,A1/A2V
21506,29286,69.2842361,10.84186919,7.53000020980835,A0
32357,48771,101.30770736,5.21326381,7.53000020980835,A0
34016,52828,105.87405916,19.22212054,7.53000020980835,A0
44177,77656,134.97666486,-68.0934949,7.53000020980835,A0V
46696,81787,142.79106072,67.5412488,7.53000020980835,A2
46877,82774,143.29103049,-36.40462536,7.53000020980835,A1IV
47265,83439,144.50171965,-19.0091832,7.53000020980835,A3V
47647,84234,145.71609532,-33.40202072,7.53000020980835,A2IV
50132,88874,153.5124512,-44.09216909,7.53000020980835,A0III/IV
50612,89903,155.07860285,-66.06365051,7.53000020980835,A0/A1Vn
53794,95346,165.09378168,-9.49272724,7.53000020980835,A2
58761,104666,180.76629922,-49.65387798,7.53000020980835,A1V
63453,112916,195.03189618,-1.18597686,7.53000020980835,A3
66566,118588,204.67874844,-44.51624123,7.53000020980835,A1V
70630,126968,216.71492559,56.03627275,7.53000020980835,A0
70819,127411,217.24173143,60.38640446,7.53000020980835,A2
71994,129242,220.85472134,-54.85162132,7.53000020980835,A2/A3IV
73820,133466,226.32006286,-23.01330585,7.53000020980835,A0V
77134,140833,236.23880575,24.70864026,7.53000020980835,A3
84931,156955,260.35826626,-26.50119472,7.53000020980835,A2V
85897,158550,263.29795006,-56.2844018,7.53000020980835,A1V
86148,160229,264.07304177,49.44571906,7.53000020980835,A2
88555,165717,271.23719621,48.13604362,7.53000020980835,A2
90198,169310,276.07245782,-4.08830549,7.53000020980835,A3
92745,176197,283.49702294,67.12101288,7.53000020980835,A0
93610,177828,285.94474701,49.63292764,7.53000020980835,A3
93994,178617,287.06747398,27.09424599,7.53000020980835,A0
94663,179904,288.9446917,-33.53046188,7.53000020980835,A0V
96442,185265,294.11218701,41.89270734,7.53000020980835,A0
98252,189093,299.48393828,11.41471341,7.53000020980835,A3
98515,189662,300.21111038,7.981471,7.53000020980835,A0
98734,190546,300.80624717,50.46498054,7.53000020980835,A0
101397,194972,308.23875636,-68.37195733,7.53000020980835,A1/A2V
101583,196136,308.81183282,6.27955746,7.53000020980835,A2
102619,198253,311.9199241,42.06856245,7.53000020980835,A0
102719,197827,312.21097684,-59.23435839,7.53000020980835,A1IV
104303,201397,316.94809526,44.96424212,7.53000020980835,A0
104411,200800,317.27278381,-65.79882039,7.53000020980835,A3Vm...
105659,204002,321.02492783,48.55695453,7.53000020980835,A0
105792,203993,321.3782353,2.04305831,7.53000020980835,A0
109546,210661,332.84640436,29.25465496,7.53000020980835,A2
110977,213243,337.26680419,51.50818278,7.53000020980835,A3
114476,218878,347.75575382,43.65596082,7.53000020980835,A0
118097,224380,359.34185737,48.28101783,7.53000020980835,A0
5425,6812,17.321981,34.80593036,7.539999961853027,A3
9117,11982,29.38000589,-6.82781097,7.539999961853027,A2
15246,19906,49.16562527,69.97920727,7.539999961853027,A0
15345,20458,49.46841666,13.84723416,7.539999961853027,A0
16463,21948,53.01100144,-7.83996106,7.539999961853027,A0
22662,30842,73.11608518,31.98649982,7.539999961853027,A3
25830,36342,82.72053587,-4.25466158,7.539999961853027,A2
26590,37441,84.78140852,14.55676309,7.539999961853027,A0
27672,38793,87.87169515,55.26139501,7.539999961853027,A0
31040,46021,97.69727361,-3.71308436,7.539999961853027,A3
31347,46557,98.59433021,6.6951661,7.539999961853027,A2V
39108,65863,120.01275238,-23.35095916,7.539999961853027,A0V
48098,85103,147.10259345,-44.02004153,7.539999961853027,A2m...
67200,119780,206.56801249,-46.36645585,7.539999961853027,A1V
68532,122259,210.44051174,-39.43855476,7.539999961853027,A3IV/V
70287,126031,215.70713405,14.9389401,7.539999961853027,A2
73324,132098,224.75746249,-48.2347335,7.539999961853027,A3V
73645,132366,225.80417638,-70.78707351,7.539999961853027,A3/A4V
78477,142308,240.29563313,-75.6194535,7.539999961853027,A0/A1V
78570,143936,240.65563273,18.11397541,7.539999961853027,A0
78909,143832,241.61430476,-63.3411101,7.539999961853027,A1/A2V
80238,147432,245.71576906,-23.11869275,7.539999961853027,A1III/IV
84271,155718,258.40566842,-9.28381368,7.539999961853027,A0
85279,157824,261.37418134,3.31111575,7.539999961853027,A2
97792,188060,298.08092014,25.8628988,7.539999961853027,A0
103135,198534,313.43595291,-59.70837858,7.539999961853027,A0IV
104258,201358,316.82632941,49.79041625,7.539999961853027,A3
107321,206954,326.07143649,49.26906155,7.539999961853027,A0
109024,209710,331.30009806,12.60506451,7.539999961853027,A0
109828,211062,333.67507218,-6.40042414,7.539999961853027,A2
111444,214008,338.65473496,45.00498206,7.539999961853027,A0
111733,214341,339.50899437,-33.47016202,7.539999961853027,A2m...
111800,214566,339.67085317,29.71145633,7.539999961853027,A0
111875,214767,339.91483403,42.20102698,7.539999961853027,A3
113039,216562,343.39562755,30.76265349,7.539999961853027,A2
118060,224341,359.24564798,46.61771462,7.539999961853027,A2
497,98,1.48768965,49.62234797,7.550000190734863,A3
6300,8013,20.21717447,60.94894149,7.550000190734863,A0
11643,15442,37.55184954,38.95206584,7.550000190734863,A2
11744,15783,37.8899894,-27.50459538,7.550000190734863,A1m...
17476,23104,56.17116359,50.54298804,7.550000190734863,A0
18452,24988,59.1518538,-39.91513342,7.550000190734863,A3:+...
18885,25703,60.73239677,-39.80570676,7.550000190734863,A3V
28359,40426,89.88245899,18.85213883,7.550000190734863,A0
29375,42173,92.87698895,44.13462543,7.550000190734863,A2
30753,45445,96.92960735,9.62654632,7.550000190734863,A3
30954,45722,97.45782597,17.62417899,7.550000190734863,A2
30967,46095,97.50259101,-31.17448331,7.550000190734863,A0V
32905,50331,102.8414523,-32.18368422,7.550000190734863,A1V
33167,50581,103.55765727,6.68800574,7.550000190734863,A0
35269,56391,109.30145262,11.12650042,7.550000190734863,A0
35313,57446,109.41314817,-59.26219505,7.550000190734863,A3m...
36223,59076,111.89149298,-21.14603566,7.550000190734863,A1
42631,73938,130.32027309,11.04876402,7.550000190734863,A0
45161,79129,138.0039173,-4.55523639,7.550000190734863,A3
47372,83608,144.77512799,-23.09508802,7.550000190734863,A0III/IV
50093,88460,153.42586218,26.15058455,7.550000190734863,A2
56925,101452,175.05696285,-39.14651526,7.550000190734863,A2/A3m...
57133,101784,175.7082338,-3.54502767,7.550000190734863,A0
58856,104822,181.06570415,-57.36451921,7.550000190734863,A0/A1Vn...
64054,113807,196.909372,-65.87771608,7.550000190734863,A1V
68388,121796,209.99361791,-65.54208057,7.550000190734863,A1IV
71535,128594,219.47061447,-5.54862575,7.550000190734863,A0
74334,134793,227.89314746,8.51707242,7.550000190734863,A3p
87439,162772,268.01041321,16.63254767,7.550000190734863,A2
93515,176616,285.6777707,-36.09646548,7.550000190734863,A0IV/V+...
94690,180067,289.01187811,-24.71721415,7.550000190734863,A1V
95679,183363,291.91923939,36.52899836,7.550000190734863,A0
96033,183989,292.89395522,17.95816594,7.550000190734863,A0
98889,191634,301.22167564,72.78245087,7.550000190734863,A0
104176,201344,316.60532264,59.43928584,7.550000190734863,A0
106450,205522,323.40988298,60.3351838,7.550000190734863,A0
107627,207300,327.00245613,-6.46298623,7.550000190734863,A2
111433,213892,338.63158281,4.22238985,7.550000190734863,A0
113487,217241,344.74561705,34.06690504,7.550000190734863,A0
114752,219256,348.67456355,-9.68836024,7.550000190734863,A3
116968,222694,355.66961218,51.42769065,7.550000190734863,A0
1461,1360,4.56125588,72.94678997,7.559999942779541,A3
7820,10146,25.14646819,54.94203001,7.559999942779541,A0
9908,12312,31.88417132,80.66494012,7.559999942779541,A2
11133,14663,35.81852225,46.13991311,7.559999942779541,A2
16057,21044,51.70261568,60.40505742,7.559999942779541,A2
16347,21789,52.66390786,-4.27327348,7.559999942779541,A3
16980,22441,54.59444618,44.80062003,7.559999942779541,A0
22290,30167,72.007175,53.12200192,7.559999942779541,A3
23494,32366,75.75869463,9.38242806,7.559999942779541,A0
25171,35261,80.76761622,-8.10554699,7.559999942779541,A0
30491,44229,96.13854947,59.699402,7.559999942779541,A3
36468,59333,112.56161075,20.78438073,7.559999942779541,A0
37002,61834,114.07111074,-67.37831725,7.559999942779541,A0V
37837,63153,116.35447813,-44.88257605,7.559999942779541,A2V
41207,71367,126.13215748,-53.73623797,7.559999942779541,A0/A1IV
43656,76282,133.40362059,-43.53292212,7.559999942779541,A0V
43826,74776,133.88904271,80.03027531,7.559999942779541,A0
45440,79815,138.90538115,-23.49292585,7.559999942779541,A3IV/V
46130,81213,141.10611992,4.7648718,7.559999942779541,A2
57495,102327,176.76822531,64.39325253,7.559999942779541,A0
59636,106295,183.45945273,8.97229057,7.559999942779541,A2
59970,106965,184.48982398,1.57533526,7.559999942779541,A2
62264,110902,191.38677859,-20.14571001,7.559999942779541,A0V
70089,125709,215.13740021,26.57285618,7.559999942779541,A2
73808,134584,226.28039187,73.891791,7.559999942779541,A0
83905,155227,257.22496273,33.30077653,7.559999942779541,A0
84149,155427,258.06386388,-17.24647608,7.559999942779541,A1V
87619,162297,268.48082619,-58.27259505,7.559999942779541,A1IV/V
89183,166026,273.01215243,-56.42832955,7.559999942779541,A1V
90704,169569,277.59931611,-66.93574319,7.559999942779541,A0/A1Vn
95368,182754,291.02302687,46.43841904,7.559999942779541,A0
97493,187344,297.24194757,16.62773092,7.559999942779541,A0
98248,189214,299.47688973,27.25202702,7.559999942779541,A0
100547,194074,305.81560049,11.08513055,7.559999942779541,A2
100746,196156,306.38966484,80.22011621,7.559999942779541,A0
100981,195020,307.11067786,11.72066031,7.559999942779541,A3
103085,198934,313.30666265,16.34163512,7.559999942779541,A2
106462,205482,323.44090042,54.31598784,7.559999942779541,A0
108424,208835,329.46398375,46.86444076,7.559999942779541,A0
108614,209125,330.04602762,42.58361502,7.559999942779541,A2
109135,209468,331.59504901,-68.74136182,7.559999942779541,A1V
114892,219588,349.08281353,50.48792869,7.559999942779541,A0
117286,223136,356.72709037,48.80166068,7.559999942779541,A0
117352,223215,356.91330629,-4.46168326,7.559999942779541,A2
5442,6927,17.40006557,-11.67854603,7.570000171661377,A3V
12454,16461,40.090773,52.80412,7.570000171661377,A0
18095,24117,58.01949747,40.79752037,7.570000171661377,A2
19606,26407,63.0160251,35.35956777,7.570000171661377,A0
19903,26860,64.04418904,34.8688144,7.570000171661377,A3
23058,31743,74.43603195,-13.70497592,7.570000171661377,A0V
30118,44176,95.06779225,-2.05460124,7.570000171661377,A0
30191,44236,95.27552226,7.53557115,7.570000171661377,A2
35787,237611,110.7244708,55.34097394,7.570000171661377,A0V
37476,61717,115.39432196,22.11745269,7.570000171661377,A2
41791,71987,127.8161695,25.74046741,7.570000171661377,A2
42151,73088,128.87360847,-29.52360432,7.570000171661377,A1IV
43794,76567,133.7870105,-46.36079522,7.570000171661377,A0V
44380,77795,135.60320527,-55.03042112,7.570000171661377,A0V
45377,79190,138.71512531,55.62027021,7.570000171661377,A0
46351,81405,141.75581633,47.7732188,7.570000171661377,A2
47153,83209,144.1295609,-11.27419082,7.570000171661377,A0
47968,84805,146.64445612,-40.67944609,7.570000171661377,A0V
51734,91114,158.55618444,73.83453199,7.570000171661377,A3
52132,92478,159.76049959,-64.9749822,7.570000171661377,A0V
58552,104241,180.10183919,44.63032987,7.570000171661377,A2V
62482,111161,192.06967284,-67.13117907,7.570000171661377,A3III/IV
64789,115403,199.1855478,19.81512181,7.570000171661377,A2
64953,115679,199.70839746,-12.01547864,7.570000171661377,A0
66447,118379,204.3241761,-40.89782765,7.570000171661377,A3IV/V
77140,140111,236.25078868,-59.12385586,7.570000171661377,A2/A3III
85021,158692,260.66970756,74.66278918,7.570000171661377,A3
87052,161959,266.80690151,28.91018616,7.570000171661377,A0
87480,162736,268.11124597,2.99421961,7.570000171661377,A2
90650,170630,277.44144216,17.59935413,7.570000171661377,A2
95581,183280,291.61874239,47.96990849,7.570000171661377,A2
97100,186636,296.00426766,38.00692345,7.570000171661377,A2
97426,187255,297.01806463,27.70282698,7.570000171661377,A0
98135,188579,299.1670535,-23.06607588,7.570000171661377,A3m...
98357,190145,299.74805678,67.47209918,7.570000171661377,A2p
99054,190850,301.65972968,7.55817165,7.570000171661377,A2V
99505,191879,302.90901277,14.64890624,7.570000171661377,A0
102380,197645,311.16170439,13.5553543,7.570000171661377,A0
109044,209711,331.3488489,0.26115988,7.570000171661377,A3
109985,212664,334.14125015,84.50445131,7.570000171661377,A0
111684,214304,339.37428147,-20.37810717,7.570000171661377,A3m...
116210,221568,353.19842881,57.90558497,7.570000171661377,A0p
116369,221784,353.70911054,43.20156046,7.570000171661377,A0
117111,222900,356.13392851,46.38016664,7.570000171661377,A0...
12701,16718,40.78858321,58.8894421,7.579999923706055,A1III
17577,23287,56.47171645,45.60000602,7.579999923706055,A0
26721,38149,85.17744336,-53.21726242,7.579999923706055,A3V
31584,45190,99.14872087,77.92504322,7.579999923706055,A0
32073,49359,100.52034133,-69.70658361,7.579999923706055,A0IV/V
32913,50622,102.86527231,-49.29351244,7.579999923706055,A1/A2V
33859,52372,105.43977757,17.97536093,7.579999923706055,A2
37483,61600,115.42341717,37.4300564,7.579999923706055,A3
42017,72605,128.47417197,1.58546147,7.579999923706055,A0
45654,80628,139.58958302,-59.64635021,7.579999923706055,A0/A1V
51287,90750,157.14151941,-6.30330269,7.579999923706055,A0
52044,92335,159.52588038,-63.05521285,7.579999923706055,A3II
54310,96812,166.65697813,-67.92409128,7.579999923706055,A1V
57299,102112,176.24001354,-51.57118279,7.579999923706055,A1III/IV
57542,102533,176.90654346,-66.00720978,7.579999923706055,A0II
58458,104087,179.81344841,61.33441668,7.579999923706055,A3
61211,109134,188.14614339,-32.46416824,7.579999923706055,A0V
70183,125729,215.38678721,-10.37109069,7.579999923706055,A2
87110,162133,266.97669793,36.00163062,7.579999923706055,A2
90375,169752,276.61838101,-8.18557613,7.579999923706055,A0
93726,177744,286.26322032,25.83806906,7.579999923706055,A0
96161,184602,293.28594962,46.03937353,7.579999923706055,A2
97626,187655,297.63402365,17.26877397,7.579999923706055,A0
98804,190173,301.00082805,-9.12672501,7.579999923706055,A0
103074,198977,313.26761224,29.1454699,7.579999923706055,A0
110032,211515,334.29366012,22.38749539,7.579999923706055,A2
110888,213089,336.97560968,51.57569254,7.579999923706055,A0
114201,218428,346.91745502,30.05428233,7.579999923706055,A2II-III
4318,5244,13.8117507,64.54580946,7.590000152587891,A3
5197,6573,16.61245345,-9.76671448,7.590000152587891,A2
14385,19070,46.39609751,44.40984128,7.590000152587891,A0
16030,21383,51.60059945,-15.36321086,7.590000152587891,A1V
22652,31021,73.09218637,-3.17289144,7.590000152587891,A0
24212,33755,77.98873782,-10.9610074,7.590000152587891,A0
27598,38817,87.65556493,44.01149832,7.590000152587891,A2
31517,46949,98.99078493,-3.977636,7.590000152587891,A2
32061,47607,100.47578146,47.79359057,7.590000152587891,A2
32131,48352,100.6543915,-10.74961325,7.590000152587891,A2
35969,58071,111.20701915,20.00086514,7.590000152587891,A0
39658,67213,121.57204731,-18.37313242,7.590000152587891,A0V
39937,67717,122.34227755,1.31410934,7.590000152587891,A0
40073,63834,122.79036947,84.40731522,7.590000152587891,A0
40577,69760,124.27588661,-34.49725103,7.590000152587891,A1IV
40826,70327,124.9935111,-36.61122474,7.590000152587891,A0III
44078,76733,134.68913598,23.96669976,7.590000152587891,A2
48541,85672,148.49656377,27.69546527,7.590000152587891,A0
49169,87036,150.52110349,-15.02905526,7.590000152587891,A2V
57560,102528,176.9733303,-28.32317164,7.590000152587891,A2/A3m...
60382,107716,185.70940489,-45.65898161,7.590000152587891,A1IVm...
62227,110786,191.30873893,-62.21765658,7.590000152587891,A3/A4Ib
68209,121880,209.46713204,16.20222061,7.590000152587891,A0V
75875,138214,232.47562049,23.81716207,7.590000152587891,A2
76769,139939,235.11857242,18.67143235,7.590000152587891,A2
77077,140419,236.07369712,-24.39540342,7.590000152587891,A2m...
78358,142892,239.97852059,-56.81130855,7.590000152587891,A0IV/V
80406,148052,246.18847449,22.38298429,7.590000152587891,A2
82296,151066,252.23370894,-61.38861664,7.590000152587891,A0V
82615,152531,253.33823421,15.40808869,7.590000152587891,A0
83178,153562,255.00261819,9.79800703,7.590000152587891,A0
83991,155195,257.54314003,-0.76016847,7.590000152587891,A0
87246,162010,267.39840757,-20.00667876,7.590000152587891,A3V
90081,168936,275.75380571,-17.67703124,7.590000152587891,A1IIp...
91534,171548,280.01304692,-64.72565378,7.590000152587891,A3/A4IV/V
93777,178030,286.46815803,29.11336982,7.590000152587891,A0
94810,180938,289.3790978,25.23829001,7.590000152587891,A0
96618,185603,294.66138689,31.21924071,7.590000152587891,A0
97911,187051,298.45323096,-71.40608766,7.590000152587891,A2IV/V
98717,190359,300.75857747,40.17318989,7.590000152587891,A0
99545,192024,303.02402536,21.06816634,7.590000152587891,A3
101252,195689,307.85975292,39.938775,7.590000152587891,A0
101646,196707,309.0675437,59.21310119,7.590000152587891,A0
103081,198592,313.28719635,-46.61795825,7.590000152587891,A3III
104032,200943,316.14471992,52.39977657,7.590000152587891,A0
109125,209741,331.55639742,-29.07092164,7.590000152587891,A0IV
110588,212775,336.06090544,71.30087679,7.590000152587891,A3
111619,214296,339.18769097,30.7914481,7.590000152587891,A0
116695,222250,354.72293626,12.19451716,7.590000152587891,A3
1840,1844,5.82445053,60.23563853,7.599999904632568,A0
2697,3051,8.55279471,54.06650188,7.599999904632568,A0
6142,7919,19.71826569,4.65379772,7.599999904632568,A2
6548,8398,21.04878609,51.17353456,7.599999904632568,A2
11870,15641,38.2860607,58.46226087,7.599999904632568,A3III
15550,20682,50.08594383,19.7303916,7.599999904632568,A2+...
17036,22265,54.78024519,65.66007417,7.599999904632568,A0
20402,26209,65.52474385,81.63215971,7.599999904632568,A0
24540,34051,78.97406001,30.49695105,7.599999904632568,A2
25263,35782,81.04065313,-53.42878101,7.599999904632568,A2V
27331,38921,86.8424749,-38.23090928,7.599999904632568,A0V
27873,39915,88.47112509,-37.53344054,7.599999904632568,A2m...
29101,41986,92.07250576,3.38839194,7.599999904632568,A0
30713,45535,96.80051265,-20.42086886,7.599999904632568,A3V
30873,46068,97.21684941,-45.77765995,7.599999904632568,A1V
36069,56842,111.48445043,73.85086426,7.599999904632568,A0
37313,61650,114.90772447,-17.87153691,7.599999904632568,A2IV
39932,68276,122.32697519,-51.01239725,7.599999904632568,A0V
41901,72430,128.15965817,-3.17898239,7.599999904632568,A2
45118,79226,137.88315903,-41.60395416,7.599999904632568,A3V
48234,85323,147.5064147,-40.16903618,7.599999904632568,A1/A2V
49566,87986,151.78475166,-54.56381453,7.599999904632568,A0V
49647,87999,152.00789762,-32.05935027,7.599999904632568,A2V
54671,97292,167.86463939,-43.45985253,7.599999904632568,A2IV
57293,102113,176.213924,-55.46182164,7.599999904632568,A1V
60709,108267,186.63135719,-44.74876659,7.599999904632568,A3V
61696,109995,189.69868959,39.30913395,7.599999904632568,A0p
74987,136562,229.85080524,50.21460591,7.599999904632568,A0
86982,162131,266.62627067,53.57899083,7.599999904632568,A2
87360,162144,267.75884523,-35.07053327,7.599999904632568,A0III/IV
88275,164728,270.39257462,25.48961895,7.599999904632568,A0
89798,168498,274.89594323,11.87048134,7.599999904632568,A0
90716,170931,277.63159305,32.64177223,7.599999904632568,A0
93809,177708,286.57577912,-11.64917435,7.599999904632568,A2 + A7
93948,181467,286.93820471,80.75368079,7.599999904632568,A2
96469,184982,294.18568008,7.55097977,7.599999904632568,A2
96718,185511,294.91752119,-6.70855693,7.599999904632568,A2
99430,191407,302.72631142,-32.32341217,7.599999904632568,A0V
100617,193677,306.03770179,-54.54302196,7.599999904632568,A2V
101179,195574,307.63063612,43.46359208,7.599999904632568,A3
103126,199122,313.41615853,41.049569,7.599999904632568,A2
105415,203591,320.27243924,56.5417197,7.599999904632568,A0
106163,204677,322.56319879,-4.50193269,7.599999904632568,A3
107960,207956,328.08620201,24.01237078,7.599999904632568,A3V
108083,208439,328.4741849,63.73718941,7.599999904632568,A0
110584,212556,336.05310092,48.82188358,7.599999904632568,A2
114612,219127,348.27631438,40.00281153,7.599999904632568,A3
1363,1264,4.27038297,56.90960852,7.610000133514404,A0
6189,7860,19.85228512,57.27402139,7.610000133514404,A0
9513,12314,30.59164933,53.62883227,7.610000133514404,A0
11252,14413,36.21124696,76.13221164,7.610000133514404,A0
11878,15640,38.30641683,59.99958508,7.610000133514404,A0IV
25907,35815,82.94173512,62.98518354,7.610000133514404,A0
30026,43990,94.776312,-3.74692211,7.610000133514404,A0
30302,44735,95.60200911,-23.59341692,7.610000133514404,A2m...
31834,47193,99.83445777,42.00460582,7.610000133514404,A0
33360,50928,104.07812634,25.00875135,7.610000133514404,A3
36811,58985,113.5612142,71.59017346,7.610000133514404,A3
38056,63395,116.99537425,-19.40358145,7.610000133514404,A1/A2IV
40246,68798,123.30399283,-23.51206737,7.610000133514404,A0III/IV
43135,75541,131.79296482,-63.81263242,7.610000133514404,A0V
52229,92530,160.05970256,-45.05491175,7.610000133514404,A2/A3IV/V
59729,106488,183.74852602,-36.22084786,7.610000133514404,A3/A4IV
61265,109197,188.33316541,-54.98110658,7.610000133514404,A2V
64981,115694,199.76963197,-20.00350098,7.610000133514404,A1V
71271,127750,218.63943422,-46.30473706,7.610000133514404,A0V
75900,138266,232.54382638,23.7556413,7.610000133514404,A0
76690,139519,234.90172214,-27.643252,7.610000133514404,A2/A3IV/V
79179,144696,242.41115325,-52.11524483,7.610000133514404,A0/A1V
79289,145644,242.73140048,32.00310851,7.610000133514404,A2
81604,149668,249.98509505,-61.15782607,7.610000133514404,A2IV
84675,156519,259.66337285,-16.02972576,7.610000133514404,A3III
87118,162208,266.99402903,39.98049443,7.610000133514404,A0
87179,162897,267.1686133,64.76660988,7.610000133514404,A0
87827,164329,269.10929853,62.61961429,7.610000133514404,A2
88931,166255,272.29757072,14.02610713,7.610000133514404,A0
92545,173813,282.88170623,-62.64698505,7.610000133514404,A2V
93954,178661,286.94832256,38.92821647,7.610000133514404,A3
98120,188856,299.12420672,19.18734897,7.610000133514404,A0
100416,191735,305.42985597,-79.59763196,7.610000133514404,A0/A1V
102335,197643,311.01454902,29.14615586,7.610000133514404,A0
102443,197165,311.37646259,-64.4274381,7.610000133514404,A3V
102880,198584,312.66064378,22.73039196,7.610000133514404,A2
104847,202920,318.58298778,73.17334469,7.610000133514404,A2
106535,205511,323.6581222,42.40461263,7.610000133514404,A2
107903,207828,327.92773606,12.03571529,7.610000133514404,A3
110513,212317,335.8129305,5.6467317,7.610000133514404,A2
116279,221671,353.40057615,60.05073039,7.610000133514404,A0II
116888,222572,355.39168778,24.2238482,7.610000133514404,A2
3621,4364,11.61286296,45.42653331,7.619999885559082,A3
12265,16284,39.47702693,38.91860896,7.619999885559082,A2
12355,16230,39.76461235,62.575611,7.619999885559082,A0
14615,19444,47.19118289,35.45876615,7.619999885559082,A0
16433,21999,52.89570088,-31.67348959,7.619999885559082,A0V
16795,22280,54.04726903,29.98335533,7.619999885559082,A0
18963,25411,60.95170183,37.9721843,7.619999885559082,A0p...
22114,30424,71.39574418,-42.55434386,7.619999885559082,A2V
22865,31506,73.78446003,-30.28617153,7.619999885559082,A0V
24619,34260,79.20565869,20.11834255,7.619999885559082,A3
24673,34028,79.39961576,55.51684976,7.619999885559082,A0
27510,39000,87.38606063,-0.68185225,7.619999885559082,A0
27612,39005,87.69903063,26.05435527,7.619999885559082,A3
28723,41056,91.00421717,27.5705082,7.619999885559082,A0
29845,44164,94.26959639,-55.41470591,7.619999885559082,A0V
30211,44193,95.34230912,21.19977552,7.619999885559082,A0
33422,51127,104.25525437,24.95774734,7.619999885559082,A0
36908,61077,113.81989433,-46.57767965,7.619999885559082,A1V
43115,75147,131.70662031,-39.4960978,7.619999885559082,A1V
43118,75111,131.71476252,-34.06711989,7.619999885559082,A1V
47922,85195,146.49985914,-74.11572224,7.619999885559082,A2V
48947,86593,149.7856066,-16.01160165,7.619999885559082,A0V
51276,90849,157.10428974,-46.56061456,7.619999885559082,A0V
55679,99169,171.12936644,-34.28617067,7.619999885559082,A1V
70781,127043,217.13074078,28.28946855,7.619999885559082,A1V
78041,142540,239.02133511,-25.93572549,7.619999885559082,A2/A3III
78958,145145,241.78407471,49.08309729,7.619999885559082,A2
81692,150071,250.32189136,-51.39702403,7.619999885559082,A0V
84047,156142,257.73682996,66.25730109,7.619999885559082,A2
85096,157582,260.87542855,16.90296263,7.619999885559082,A0
88385,165501,270.72884305,56.4367719,7.619999885559082,A0+...
89479,165416,273.8974869,-77.07348949,7.619999885559082,A2V
92911,175785,283.95517563,30.31207037,7.619999885559082,A0
100081,193630,304.55794299,58.80923379,7.619999885559082,A0
105903,204598,321.73095693,63.58586071,7.619999885559082,A0
105909,204402,321.75368678,43.23085028,7.619999885559082,A0
107498,207135,326.58945682,22.9463348,7.619999885559082,A3
107643,207543,327.04597243,53.08982659,7.619999885559082,A0
108577,209103,329.92456223,49.12316942,7.619999885559082,A0
108948,209811,331.08350812,58.78201268,7.619999885559082,A0
109893,211338,333.87157046,43.74814907,7.619999885559082,A0
110361,212139,335.28374927,48.24000328,7.619999885559082,A0
116726,222326,354.83668255,45.71993892,7.619999885559082,A2
10792,14037,34.73758517,63.94821134,7.630000114440918,A3
11209,14632,36.07376617,63.04226768,7.630000114440918,A0V
12207,16245,39.293973,30.40783978,7.630000114440918,A0IV
12737,16882,40.93309746,41.49795856,7.630000114440918,A0
13526,18060,43.55229448,5.04833981,7.630000114440918,A3
21485,29132,69.21063074,37.43912364,7.630000114440918,A0
22639,30795,73.05831954,34.44340791,7.630000114440918,A2
29658,43450,93.72777286,-30.85338148,7.630000114440918,A3m...
30348,44434,95.75112292,28.62151845,7.630000114440918,A0
31420,46712,98.7675261,1.81685056,7.630000114440918,A0
31904,47760,100.02308526,-2.36166858,7.630000114440918,A0
32536,49592,101.83831954,-38.92130198,7.630000114440918,A2V
36002,57177,111.29395609,67.14721507,7.630000114440918,A0
36720,59798,113.29027258,33.9462567,7.630000114440918,A0
41779,71658,127.79093158,54.95983221,7.630000114440918,A0
42081,72782,128.65680629,-2.75453938,7.630000114440918,A2
44098,77226,134.73228066,-54.63419634,7.630000114440918,A0Vn
44612,78165,136.34744839,-42.16713956,7.630000114440918,A2/3III(m)
49984,88536,153.07191764,-16.08645649,7.630000114440918,A3III
50912,90201,155.94735706,-44.24243745,7.630000114440918,A1V
72172,129908,221.43467965,-22.41040725,7.630000114440918,A1/A2V
72459,130388,222.25716843,-35.55021596,7.630000114440918,A2III
75216,136863,230.55560216,25.24414403,7.630000114440918,A0
75509,137119,231.37577913,-36.19935932,7.630000114440918,A2V
79811,146830,244.3296263,27.644814,7.630000114440918,A0
83115,153454,254.77042261,17.68830635,7.630000114440918,A0
85146,157702,261.00040397,18.8508903,7.630000114440918,A0
89130,166868,272.85220982,29.67039251,7.630000114440918,A2
89364,166833,273.54114572,-37.62097683,7.630000114440918,A0V
91166,171799,278.98215398,22.75553488,7.630000114440918,A0
92851,175701,283.81200779,32.40017526,7.630000114440918,A0
93957,178426,286.96512272,19.86406271,7.630000114440918,A3
94835,181675,289.45526139,59.8363369,7.630000114440918,A0
97914,188500,298.46809721,41.22932481,7.630000114440918,A2
98238,189180,299.44955585,26.29405858,7.630000114440918,A0
98324,190109,299.65468829,68.41194339,7.630000114440918,A2
101915,196811,309.78044233,19.56008163,7.630000114440918,A2
114266,218515,347.14504537,4.67800685,7.630000114440918,A0
2027,2178,6.42714243,-21.63148935,7.639999866485596,A0/A1V
2420,2702,7.71796419,41.5216921,7.639999866485596,A0
4488,5601,14.38543829,-10.47577763,7.639999866485596,A0p...
5252,6539,16.79453124,56.37446137,7.639999866485596,A0
10006,13071,32.22060204,39.34868077,7.639999866485596,A2
11527,15102,37.15981411,63.18769383,7.639999866485596,A2V
12575,16576,40.42817894,55.48157123,7.639999866485596,A2
13413,17377,43.17660635,74.7381472,7.639999866485596,A2
15341,20420,49.457267,22.83229674,7.639999866485596,A3
18959,25843,60.93813263,-44.73299155,7.639999866485596,A1m...
19358,26141,62.20622508,17.29175464,7.639999866485596,A0
20701,27899,66.51991507,42.21947086,7.639999866485596,A2
22372,31249,72.24104298,-67.71395117,7.639999866485596,A3V
23632,32561,76.2085748,18.25396986,7.639999866485596,A2
25745,36073,82.45739496,18.41628884,7.639999866485596,A0
26524,37444,84.6125812,-5.04465189,7.639999866485596,A2
29307,43770,92.67798775,-73.01313972,7.639999866485596,A2m...
29614,42999,93.61054745,11.81360315,7.639999866485596,A0
31816,47255,99.7744758,31.76614217,7.639999866485596,A0
32630,49455,102.09680304,-4.70215904,7.639999866485596,A0
36218,59097,111.87952631,-25.04842869,7.639999866485596,A3IV
37212,62091,114.65845662,-60.62948032,7.639999866485596,A0V
38366,63996,117.8821308,-6.98323118,7.639999866485596,A2
39518,66067,121.15421223,54.74614925,7.639999866485596,A0
39833,67225,122.07900134,34.03268472,7.639999866485596,A2
41073,70631,125.70445732,-6.69471279,7.639999866485596,A0
45861,80922,140.26540971,-45.04190874,7.639999866485596,A3V
46537,82388,142.36987261,-56.53729679,7.639999866485596,A2IV/V
46557,83563,142.41757063,-82.26331034,7.639999866485596,A1V
47359,83719,144.74230152,-49.06105274,7.639999866485596,A0V
49362,87425,151.14945292,-17.93927943,7.639999866485596,A2III
49784,88262,152.43941396,-37.73206931,7.639999866485596,A0V
52614,93580,161.38487642,-75.0078946,7.639999866485596,A2V
52624,93298,161.42654047,-41.4974164,7.639999866485596,A3IV/V
55443,98686,170.31807397,-4.36621524,7.639999866485596,A2
61786,110182,189.9620189,51.7250131,7.639999866485596,A0
66419,118335,204.25143293,-37.10024485,7.639999866485596,A0V
68671,122658,210.86317449,-10.96729883,7.639999866485596,A2
68781,122705,211.17572126,-50.07135448,7.639999866485596,A2V
69209,123664,212.54554875,-45.91379416,7.639999866485596,A1V
72575,131710,222.58565223,73.02777412,7.639999866485596,A2
74342,134869,227.90641593,21.52642706,7.639999866485596,A2
75121,136921,230.26548568,53.92848412,7.639999866485596,A2
77975,142796,238.85757256,29.53706679,7.639999866485596,A0
78583,143991,240.68582934,22.80586893,7.639999866485596,A3
81590,150462,249.93821034,35.5154457,7.639999866485596,A0
85368,157984,261.66645852,-1.00163409,7.639999866485596,A0
86192,161095,264.2022482,72.05468119,7.639999866485596,A0
88890,165991,272.19196245,-3.99087304,7.639999866485596,A0
91167,171728,278.98778678,11.72839832,7.639999866485596,A2
96057,184040,292.97351549,14.96897775,7.639999866485596,A0
97662,187619,297.72829718,0.84435005,7.639999866485596,A0
98218,188861,299.39118069,-10.03802318,7.639999866485596,A0
99425,191768,302.70854644,23.52730553,7.639999866485596,A0
101140,195557,307.52081773,48.64139093,7.639999866485596,A0
101643,195390,309.05172232,-71.26107261,7.639999866485596,A0V
105130,203046,319.46247368,52.47594909,7.639999866485596,A3
105380,203711,320.18818242,67.22086079,7.639999866485596,A0
114161,218439,346.79161995,60.83252971,7.639999866485596,A2p...
4407,5380,14.12500757,57.28648256,7.650000095367432,A0
4695,5831,15.08235042,35.69101956,7.650000095367432,A2
9194,11951,29.59396733,43.6220031,7.650000095367432,A0
10654,13955,34.28132175,45.83840611,7.650000095367432,A0
15978,21243,51.43429052,5.93548347,7.650000095367432,A0
18969,25968,60.97065483,-55.39988373,7.650000095367432,A3V
29204,41905,92.39303007,38.29588409,7.650000095367432,A0
35498,57807,109.88746927,-57.44895488,7.650000095367432,A1/A2IV/V
37913,62901,116.54241666,-3.96110979,7.650000095367432,A0
38857,63887,119.28159028,71.68015992,7.650000095367432,A0
40308,68705,123.46620258,6.30331282,7.650000095367432,A0
43461,75704,132.78483608,-13.73186214,7.650000095367432,A3V
44360,77536,135.50743045,-35.68830761,7.650000095367432,A0V
50101,88877,153.43848503,-53.24093541,7.650000095367432,A0V
52711,93477,161.65801263,-51.05195562,7.650000095367432,A2V
52919,93728,162.3475742,3.44023181,7.650000095367432,A2
59119,105295,181.84515964,-32.66182534,7.650000095367432,A1V
60261,107340,185.34141002,-80.06154016,7.650000095367432,A2m...
64055,113971,196.91252921,-30.43489928,7.650000095367432,A0m...
66684,119146,205.04873454,53.11038421,7.650000095367432,A3
67581,120817,207.71565053,42.15515849,7.650000095367432,A2
72318,130461,221.83828037,35.56782903,7.650000095367432,A2
75985,138188,232.76235056,-18.83650813,7.650000095367432,A2III/IV
76239,140084,233.59681004,76.45074393,7.650000095367432,A2
83299,153835,255.3626663,11.16042574,7.650000095367432,A0
86553,160725,265.31932809,5.93262764,7.650000095367432,A3
90095,169745,275.78968215,54.4235862,7.650000095367432,A2
91734,173088,280.60074246,28.1248969,7.650000095367432,A0
91838,173073,280.86013611,3.78580488,7.650000095367432,A0
93965,179932,286.98531049,72.26707633,7.650000095367432,A2
96363,185148,293.8883522,47.43580979,7.650000095367432,A0
96791,185874,295.13474094,21.57618919,7.650000095367432,A0
98259,188957,299.48951911,-6.44474035,7.650000095367432,A0
98286,188960,299.54903782,-15.96957265,7.650000095367432,A2/A3II
99069,191564,301.69273678,63.70681056,7.650000095367432,A0
99317,191498,302.39328343,18.78251621,7.650000095367432,A2
101627,196332,308.97467815,25.47871834,7.650000095367432,A0
102319,197642,310.96805461,34.07070185,7.650000095367432,A0
102897,198819,312.68407685,55.02373399,7.650000095367432,A2
105798,204321,321.39016424,58.23460006,7.650000095367432,A0
106297,205117,322.93607164,48.48440052,7.650000095367432,A1p
109797,211138,333.58984862,36.83179214,7.650000095367432,A0
110687,212638,336.37408336,22.57417302,7.650000095367432,A2
114537,218999,347.99846815,49.21363444,7.650000095367432,A0
116725,222376,354.83529834,71.94733093,7.650000095367432,A0
640,313,1.96245593,38.72179052,7.659999847412109,A3
810,562,2.49611767,-25.87473632,7.659999847412109,A2V
4766,5896,15.30969686,52.05533548,7.659999847412109,A0
5504,7025,17.62740189,-6.08462407,7.659999847412109,A2
7724,10165,24.85465324,0.6120879,7.659999847412109,A3
12899,17160,41.44934709,20.69270787,7.659999847412109,A0
13670,17916,44.01065877,65.80727458,7.659999847412109,A0
14643,19678,47.30639763,-26.71568877,7.659999847412109,A2V
15505,20487,49.9468183,48.62798087,7.659999847412109,A0Vn
17513,23013,56.24569183,61.46373888,7.659999847412109,A2
20306,27232,65.26301114,55.53124931,7.659999847412109,A3
25227,35353,80.9318168,-8.28958421,7.659999847412109,A0
28549,40598,90.40508808,36.5155296,7.659999847412109,A0...
29261,42299,92.54188183,6.32016573,7.659999847412109,A3
30007,44082,94.74135962,-22.03498868,7.659999847412109,A1V
32594,49369,101.99723084,-4.25188894,7.659999847412109,A3
33954,52254,105.67940671,45.95742572,7.659999847412109,A0
35183,56980,109.06643845,-54.22627277,7.659999847412109,A0V
35244,56495,109.24063929,-7.52743498,7.659999847412109,A3p
36185,58271,111.78306222,47.64592935,7.659999847412109,A0
42374,73904,129.59973659,-53.72183029,7.659999847412109,A1V
45047,78889,137.63334376,-3.42658192,7.659999847412109,A2
46167,81376,141.22826303,-10.93471721,7.659999847412109,A0
52455,92857,160.85048944,4.30180567,7.659999847412109,A2
59045,105150,181.58270812,-59.14463962,7.659999847412109,A0/A1V
66235,118026,203.61739416,-13.3469698,7.659999847412109,A3III:
73131,131659,224.18544498,-50.58837482,7.659999847412109,A0V
74399,134685,228.08142173,-34.96765222,7.659999847412109,A0V
83886,154685,257.1789092,-39.33798458,7.659999847412109,A2IV/V
88199,164481,270.17627027,17.16669152,7.659999847412109,A3
89016,166003,272.51288862,-32.14371835,7.659999847412109,A1V
91077,171622,278.65885047,29.98429077,7.659999847412109,A0
92385,174033,282.40360107,-27.12509198,7.659999847412109,A3V
98573,189665,300.3483686,-9.48742654,7.659999847412109,A2
100206,193446,304.86557175,22.99620183,7.659999847412109,A3
103222,199312,313.68871987,45.13627626,7.659999847412109,A0V
103695,200047,315.18633076,9.99584884,7.659999847412109,A0
107668,207373,327.14445565,-6.24908854,7.659999847412109,A3
108197,208471,328.80119817,47.45055381,7.659999847412109,A0
116044,221334,352.70496546,62.28865037,7.659999847412109,A0
3018,3497,9.60362061,51.26844879,7.670000076293945,A2
3705,4538,11.89138173,18.90105369,7.670000076293945,A2
9881,12527,31.78826616,74.86981741,7.670000076293945,A2
11664,15598,37.61025695,-5.03105927,7.670000076293945,A0
12348,16500,39.74809198,8.91996663,7.670000076293945,A0
13181,17456,42.39615383,47.14255282,7.670000076293945,A2
16275,21481,52.45819367,47.97689558,7.670000076293945,A0Vn
20287,27332,65.22128111,45.4643486,7.670000076293945,A0
21587,28760,69.53722302,71.46999709,7.670000076293945,A2
21795,29728,70.23421196,0.96279005,7.670000076293945,A0...
22722,31087,73.30998986,8.55601792,7.670000076293945,A2
26601,37352,84.81317114,30.15056342,7.670000076293945,A0
28527,40470,90.32320393,45.16049139,7.670000076293945,A0
29302,42156,92.66425162,32.04836146,7.670000076293945,A0
31606,45967,99.22438808,70.50355447,7.670000076293945,A2
33251,50633,103.76852359,22.56033719,7.670000076293945,A2
38173,63804,117.33164376,-33.32981186,7.670000076293945,A0Ia(p)
38878,65199,119.3321944,-7.79996474,7.670000076293945,A0
49590,87807,151.8491042,-7.72484716,7.670000076293945,A2
50945,90456,156.06097256,-68.12959184,7.670000076293945,A2V
64090,114374,197.01087961,73.34324636,7.670000076293945,A0
66379,118137,204.13912936,-62.3450306,7.670000076293945,A0/A1V
78654,143203,240.8458214,-66.62054142,7.670000076293945,A3IV
83046,151233,254.54669402,-80.07246711,7.670000076293945,A0Vn
84262,155904,258.37551505,22.74574656,7.670000076293945,A2
84878,157293,260.19509426,36.6912503,7.670000076293945,A0
94613,180243,288.80790012,15.08239402,7.670000076293945,A0
96010,184105,292.81756734,38.40080716,7.670000076293945,A2
97741,187957,297.93850121,26.23722435,7.670000076293945,A0
98838,190551,301.07455677,31.93597504,7.670000076293945,A0
99650,192170,303.34433094,5.30945774,7.670000076293945,A2
105512,203457,320.55380698,4.48856834,7.670000076293945,A2
111227,213596,338.0276639,33.37683188,7.670000076293945,A0
112025,215250,340.3598077,73.25691153,7.670000076293945,A0
113720,217695,345.4722961,47.95526559,7.670000076293945,A0
115654,220769,351.43150903,66.92104788,7.670000076293945,A0
115773,221100,351.82640927,79.79500212,7.670000076293945,A2
13929,18337,44.86138902,59.59222378,7.679999828338623,A1V
16201,21555,52.17929547,4.35713624,7.679999828338623,A0
21841,30206,70.43838794,-61.21773809,7.679999828338623,A1/A2V+...
22941,31453,74.04551626,2.04353363,7.679999828338623,A3
24345,33918,78.36935121,-4.65286428,7.679999828338623,A0
25998,37004,83.23498097,-47.68903334,7.679999828338623,A3V
29859,43665,94.31415418,-5.3436852,7.679999828338623,A2
31651,47031,99.37210751,22.1488242,7.679999828338623,A0
32577,49245,101.96275006,7.8826968,7.679999828338623,A0
33194,50456,103.62149248,26.53074032,7.679999828338623,A0
33359,51607,104.07456815,-38.60967743,7.679999828338623,A0Vn
34264,53414,106.54499446,28.19195753,7.679999828338623,A2
35008,55750,108.63984313,8.03335837,7.679999828338623,A0
35892,57178,110.99070913,61.45315134,7.679999828338623,A2
35913,57101,111.05404019,64.14785833,7.679999828338623,A2
37396,62377,115.17037099,-55.65155405,7.679999828338623,A0V
37980,62765,116.77074514,34.96136654,7.679999828338623,A2
39336,66376,120.61988696,-20.31831171,7.679999828338623,A1IV/V
43385,75650,132.56323333,-30.41675431,7.679999828338623,A1IV
44765,78254,136.851561,6.83850361,7.679999828338623,A0
46762,82447,142.96544598,-5.07998417,7.679999828338623,A2
46936,82555,143.491667,45.28657786,7.679999828338623,A3
48093,84801,147.08400986,28.52235969,7.679999828338623,A0
53739,95376,164.94155713,-53.68854584,7.679999828338623,A2IV/V
54852,97901,168.45179157,-75.79048133,7.679999828338623,A3m...
70271,125292,215.66096158,-73.55580525,7.679999828338623,A0V
73409,132206,225.02617653,-55.50814543,7.679999828338623,A0III/IV
77017,139508,235.88254939,-70.26664806,7.679999828338623,A0V
77314,141127,236.76741246,11.52804017,7.679999828338623,A2
81042,147979,248.28582588,-75.94993409,7.679999828338623,A2m...
82173,150915,251.83298897,-57.46079144,7.679999828338623,A0IV
83325,153612,255.45432447,-30.77897829,7.679999828338623,A2V
84433,156166,258.93092001,6.38001063,7.679999828338623,A2
90338,169888,276.48628532,21.60589192,7.679999828338623,A0
91065,171993,278.63622756,55.93363399,7.679999828338623,A3
91144,171945,278.90349617,40.33141248,7.679999828338623,A2
91779,173054,280.72589981,13.56675126,7.679999828338623,A0
93514,177279,285.67192537,31.39958507,7.679999828338623,A3...
93775,178634,286.45847986,59.29199044,7.679999828338623,A2
94522,180778,288.57150894,59.68924592,7.679999828338623,A2p...
100060,192922,304.50243575,-18.26391063,7.679999828338623,A2V
103403,199662,314.23736311,47.57891002,7.679999828338623,A1V
105880,204233,321.65742649,20.71283205,7.679999828338623,A2
107237,206674,325.78859503,25.52514693,7.679999828338623,A2
110381,212098,335.36147856,21.04804949,7.679999828338623,A0
113869,217874,345.89759759,23.37860653,7.679999828338623,A2
116842,222491,355.25205618,35.97183561,7.679999828338623,A0
3338,3992,10.63667621,5.67536372,7.690000057220459,A3
4178,5091,13.33748069,46.59533702,7.690000057220459,A0
4255,5212,13.56874578,39.06807735,7.690000057220459,A0
4285,5259,13.72432498,49.40529384,7.690000057220459,A0
5325,6678,17.02479964,42.84792794,7.690000057220459,A0
11088,14788,35.68973403,-14.9012345,7.690000057220459,A1/A2IV
11092,14606,35.71050335,43.51771341,7.690000057220459,A2
14712,19015,47.51790753,76.09776902,7.690000057220459,A0
16356,21777,52.68639552,5.51308576,7.690000057220459,A2
19308,26063,62.08602455,19.73765627,7.690000057220459,A2
19821,26843,63.75389666,10.74816557,7.690000057220459,A2
20300,27403,65.2455533,36.57432724,7.690000057220459,A2
21876,29600,70.54379826,49.91989777,7.690000057220459,A0
23669,32643,76.31901024,15.23991372,7.690000057220459,A0p
25172,35596,80.76818383,-51.3168224,7.690000057220459,A3m...
26195,36370,83.74895943,59.52399504,7.690000057220459,A0
29606,42736,93.58497594,39.67304914,7.690000057220459,A0
29685,43212,93.80679479,6.5159497,7.690000057220459,A0
31206,46459,98.19874041,-17.71005198,7.690000057220459,A2V
32612,49290,102.06863527,14.59244644,7.690000057220459,A0
35277,55894,109.32391595,48.46413477,7.690000057220459,A2
37736,62750,116.0886443,-30.23491388,7.690000057220459,A0V
38494,64520,118.25166082,-33.29703955,7.690000057220459,A3IV/V
52606,93228,161.36096616,-37.3923119,7.690000057220459,A2III/IV
58823,104781,180.9698497,76.06678333,7.690000057220459,A3
65853,117476,202.48390099,34.52423823,7.690000057220459,A3
67448,120322,207.34484025,-33.82320618,7.690000057220459,A2V
77529,141930,237.45820461,44.52207239,7.690000057220459,A0
77922,142553,238.70433291,11.51517128,7.690000057220459,A2
78829,144600,241.37647357,31.58340077,7.690000057220459,A2
83711,154545,256.62316665,-10.80635058,7.690000057220459,A0
86176,159907,264.14990382,16.39802563,7.690000057220459,A0
89190,167007,273.0281794,27.64330029,7.690000057220459,A2
90547,170316,277.13969148,4.84870114,7.690000057220459,A0
93636,177876,286.01914279,48.86665254,7.690000057220459,A2
93712,177782,286.22854374,28.18824537,7.690000057220459,A0
101065,195607,307.32869329,60.42168211,7.690000057220459,A0
107495,207073,326.5810764,9.34241545,7.690000057220459,A0
108253,208365,328.96720831,0.30027796,7.690000057220459,A0
111405,213990,338.54193351,54.08529009,7.690000057220459,A2
112631,215863,342.17013081,-34.77310166,7.690000057220459,A2V
114949,219627,349.24137611,30.37389386,7.690000057220459,A2
115621,220668,351.33560015,36.1644365,7.690000057220459,A0
859,595,2.64265068,52.31675606,7.699999809265137,A0
1132,962,3.52764749,60.72036346,7.699999809265137,A0
5216,6567,16.67495966,8.86864832,7.699999809265137,A3
13682,18271,44.05854419,4.04845166,7.699999809265137,A0
14735,19647,47.57399289,16.81352598,7.699999809265137,A0
18750,25590,60.24734402,-54.39216517,7.699999809265137,A3V
19831,26885,63.78563008,3.9574316,7.699999809265137,A0
20603,27984,66.19109552,-9.22350628,7.699999809265137,A0
21434,29196,69.03891444,8.2257829,7.699999809265137,A0...
26446,37358,84.40490433,-8.20039197,7.699999809265137,A2
30672,45681,96.68176086,-44.06750154,7.699999809265137,A0V
32250,48004,101.00256141,51.45298813,7.699999809265137,A0
33597,51351,104.71110912,39.53589727,7.699999809265137,A0
35194,55725,109.09783914,47.63877693,7.699999809265137,A2
39066,65966,119.89286567,-40.75260855,7.699999809265137,A3IV/V
46849,83254,143.20471401,-72.67611465,7.699999809265137,A2V
51916,91993,159.09105182,-47.9102661,7.699999809265137,A0III
54983,97959,168.87318593,-44.39540701,7.699999809265137,A1m...
61828,110128,190.06662127,-37.85697404,7.699999809265137,A1V
70097,125509,215.15571216,-34.67787675,7.699999809265137,A0V
71461,128547,219.22452302,24.46307855,7.699999809265137,A0
74398,134276,228.08147722,-64.54076095,7.699999809265137,A1IV
74923,135951,229.65667524,-25.00035337,7.699999809265137,A1/A2V
76318,138791,233.83589048,-29.05043534,7.699999809265137,A2m...
76870,140364,235.45267321,37.04838138,7.699999809265137,A2
79598,145386,243.61521769,-62.77037988,7.699999809265137,A0III
80184,147470,245.55384852,0.49829166,7.699999809265137,A0
80231,147924,245.69127072,44.08364655,7.699999809265137,A0
84736,156822,259.82153153,11.17238849,7.699999809265137,A0
86436,160557,264.92003452,24.41400583,7.699999809265137,A0
86785,161151,266.00336991,-1.80707366,7.699999809265137,A0
87075,161900,266.90451095,15.03501426,7.699999809265137,A0
87209,163148,267.25847266,68.3418326,7.699999809265137,A2
95132,181801,290.32331838,14.6337151,7.699999809265137,A0
95433,182410,291.18534526,-5.41792848,7.699999809265137,A2
99986,193064,304.2522413,35.95742012,7.699999809265137,A0
102461,197880,311.43819922,22.92096096,7.699999809265137,A0
103159,199217,313.50594585,48.4375249,7.699999809265137,A0V
103482,199663,314.48950856,24.25244004,7.699999809265137,A0
103916,200299,315.82417736,-25.07416623,7.699999809265137,A3III
109426,210616,332.54729071,54.55803045,7.699999809265137,A0
109453,210770,332.61632685,65.52377158,7.699999809265137,A0
110236,212332,334.94757311,76.12390029,7.699999809265137,A2
110885,213290,336.97166016,70.80163521,7.699999809265137,A0
115124,219904,349.77551183,43.13216476,7.699999809265137,A0
116629,222146,354.52672798,-1.33560915,7.699999809265137,A2
117162,222946,356.3004726,15.04353535,7.699999809265137,A0
2442,2710,7.76711445,57.36562139,7.710000038146973,A0
5909,7563,18.98325134,16.19009821,7.710000038146973,A2III
6806,8977,21.89682999,-46.1516744,7.710000038146973,A2V
12750,16778,40.97371113,59.82276417,7.710000038146973,A2Ia
15630,20789,50.32242173,9.65985912,7.710000038146973,A2
16400,21875,52.79555692,-13.49884372,7.710000038146973,A0V
18851,25271,60.62243306,39.09734453,7.710000038146973,A3
18979,25389,60.9963405,43.98874985,7.710000038146973,A3
19001,25754,61.0743861,-19.46923781,7.710000038146973,A0V
23392,29475,75.42673472,84.87256122,7.710000038146973,A2
24945,34763,80.15800726,20.82996145,7.710000038146973,A0
25433,35622,81.59407984,8.99999154,7.710000038146973,A0
27846,40308,88.37537793,-63.31661656,7.710000038146973,A1/A2V
28840,41628,91.31636561,-25.02669502,7.710000038146973,A2IV/V
29935,43227,94.53237242,53.67147395,7.710000038146973,A0
30394,44189,95.87281981,53.07736998,7.710000038146973,A0
31679,47671,99.42738359,-44.4956929,7.710000038146973,A0V
33717,53191,105.06969877,-60.86277565,7.710000038146973,A0V
34594,54511,107.48146443,18.84430665,7.710000038146973,A0
40974,70715,125.42317026,-42.83589635,7.710000038146973,A0V
44634,78326,136.42691862,-50.14454426,7.710000038146973,A0IV/V
44699,79106,136.63107383,-74.75405172,7.710000038146973,A0V
45394,79768,138.76562628,-30.36711687,7.710000038146973,A0V
57423,102288,176.59205189,-34.75345663,7.710000038146973,A0V
60819,108481,186.98764962,-36.7071429,7.710000038146973,A0V
60933,108714,187.33524502,17.3220449,7.710000038146973,A0
65410,116634,201.09762062,32.08460567,7.710000038146973,A2
65446,116549,201.20046602,-34.28995855,7.710000038146973,A3IV/V
68853,123003,211.48709023,-37.72920574,7.710000038146973,A0IV/V
77521,141404,237.4176997,-20.77747371,7.710000038146973,A0III/IV
81060,149801,248.33505662,61.23374956,7.710000038146973,A0
81115,149348,248.50654978,1.43201464,7.710000038146973,A2
83817,154112,256.94742443,-63.83659547,7.710000038146973,A0V
87475,162692,268.09326447,-1.43020567,7.710000038146973,A2
89050,164643,272.64144538,-75.1880606,7.710000038146973,A0V
89565,167808,274.1394694,8.36106922,7.710000038146973,A2
91191,171765,279.04804898,11.24322383,7.710000038146973,A0
92075,173566,281.49342097,1.31704126,7.710000038146973,A0
92683,174966,283.28260596,1.75542454,7.710000038146973,A3
98611,190397,300.43972923,57.65179296,7.710000038146973,A0
100824,195014,306.65723749,51.10585126,7.710000038146973,A2
101273,196069,307.91904366,62.46229164,7.710000038146973,A0
101883,196772,309.68463564,25.55067939,7.710000038146973,A0
104223,201429,316.72893591,59.88975132,7.710000038146973,A0
104618,201718,317.88947282,-2.14908484,7.710000038146973,A2
111032,213258,337.40429929,35.93780655,7.710000038146973,A3
111167,213520,337.81973522,39.24395201,7.710000038146973,A2V
114147,218366,346.76029273,35.05268671,7.710000038146973,A0
117866,224004,358.60605469,2.46401319,7.710000038146973,A2
2783,3203,8.87676895,35.65908196,7.71999979019165,A0
3471,4251,11.08988391,-49.70655123,7.71999979019165,A0V
6620,8531,21.24596075,37.4549209,7.71999979019165,A2
8950,11577,28.82295714,57.09214655,7.71999979019165,A0II
11790,15593,38.03678892,50.21705747,7.71999979019165,A0
12901,17076,41.46289345,40.91117922,7.71999979019165,A0
21695,29148,69.86634107,63.220812,7.71999979019165,A2
22172,30168,71.55025491,26.03559017,7.71999979019165,A0
23411,32368,75.47380692,-19.66270887,7.71999979019165,A3V
30818,45351,97.1206238,34.49255506,7.71999979019165,A3
31194,46430,98.16754354,-15.83871817,7.71999979019165,A3III
31630,47721,99.28047394,-52.3471511,7.71999979019165,A0/A1V
34231,53538,106.45101452,11.22409477,7.71999979019165,A0
38793,64917,119.09505843,4.25411593,7.71999979019165,A3
40413,69250,123.75289372,-30.85712788,7.71999979019165,A3III
40703,70265,124.63392446,-52.70670551,7.71999979019165,A1V
41159,70566,125.9668589,32.29351381,7.71999979019165,A3
42610,74562,130.26487314,-64.33486564,7.71999979019165,A0V
43585,75941,133.14775867,-15.75168528,7.71999979019165,A2/A3V
44764,78761,136.85020905,-59.1498138,7.71999979019165,A2V
46014,81435,140.76599151,-59.55647388,7.71999979019165,A1V
63036,112123,193.76086329,-62.55884702,7.71999979019165,A0/A1V
69723,124929,214.08452779,6.08110515,7.71999979019165,A0
70549,126514,216.47846929,4.8573217,7.71999979019165,A3
73535,132761,225.45293977,-31.54393363,7.71999979019165,A2/A3IV
74845,135895,229.42599674,-4.49447183,7.71999979019165,A0
77142,140004,236.25291919,-63.20811039,7.71999979019165,A2IV/V
77150,140475,236.27656675,-35.10185398,7.71999979019165,A2V
84110,155424,257.93062668,-4.64060901,7.71999979019165,A2
85570,158490,262.305348,10.89936215,7.71999979019165,A0
86029,159609,263.72148965,17.80877698,7.71999979019165,A0
86102,161000,263.94911883,73.07748272,7.71999979019165,A0
87600,162075,268.41570745,-63.95972727,7.71999979019165,A0IV/Vn
91610,172945,280.24872195,41.91716557,7.71999979019165,A0
94167,178857,287.53038597,0.9320271,7.71999979019165,A0
96466,185017,294.17731741,13.36247112,7.71999979019165,A0
97636,188055,297.66149972,53.9112226,7.71999979019165,A2
100286,193256,305.1106365,-29.19098691,7.71999979019165,A2IV
104715,202215,318.18469584,49.32961326,7.71999979019165,A2
105571,203614,320.72536099,18.06196171,7.71999979019165,A0
106398,204730,323.24760618,-59.70001266,7.71999979019165,A1V
107915,208075,327.95206876,59.93053128,7.71999979019165,A0
109682,210591,333.27428394,-59.69170749,7.71999979019165,A1/A2III
110152,211732,334.6876875,25.77406936,7.71999979019165,A3
116065,221327,352.77147724,18.77895521,7.71999979019165,A3
117217,223043,356.50279767,62.66997131,7.71999979019165,A0
3568,4300,11.40473842,29.18971862,7.730000019073486,A3
3771,4591,12.10339714,49.71629136,7.730000019073486,A2
4090,4796,13.12103486,79.84047803,7.730000019073486,A0
8092,10653,25.96915222,-7.47925241,7.730000019073486,A0
13830,18463,44.49818146,-2.33667654,7.730000019073486,A2
14378,19153,46.37609418,20.90244158,7.730000019073486,A2
19548,26399,62.79374698,15.62625776,7.730000019073486,A0
21657,29363,69.74542028,36.54656445,7.730000019073486,A3
23143,31648,74.6927595,29.8436686,7.730000019073486,A2
26161,36823,83.66007171,6.12694883,7.730000019073486,A2
26812,37887,85.40010905,-3.73116315,7.730000019073486,A0V
27821,39763,88.31066652,-32.8065286,7.730000019073486,A1V
29902,43495,94.44041063,29.2197168,7.730000019073486,A0
33753,52154,105.16381838,12.74001616,7.730000019073486,A2
39795,67452,121.9845834,-1.34947157,7.730000019073486,A2...
40045,68416,122.69908224,-38.2688883,7.730000019073486,A1V
40312,68704,123.47405669,7.73275726,7.730000019073486,A0
40396,70049,123.7105035,-69.62266798,7.730000019073486,A1V
40403,68640,123.72520654,40.578581,7.730000019073486,A2
41122,71060,125.86662419,-45.61200281,7.730000019073486,A1V
44085,77018,134.69590698,-31.96600287,7.730000019073486,A2III
45710,80340,139.7813949,-2.45796738,7.730000019073486,A3
46921,82442,143.45405687,52.44399845,7.730000019073486,A3
47844,84582,146.28445826,-41.16153968,7.730000019073486,A0IV
53939,95718,165.55056984,-48.79844772,7.730000019073486,A1/A2IV/V
62605,111488,192.42800397,-6.88014658,7.730000019073486,A0
79489,148589,243.31644229,82.63180794,7.730000019073486,A3
83383,154127,255.62886884,29.29702925,7.730000019073486,A2
86015,159695,263.68415451,32.4171863,7.730000019073486,A2
88834,166276,271.99702547,39.92329311,7.730000019073486,A2
90219,169074,276.12918424,-37.22688127,7.730000019073486,A3V
90557,170826,277.17844764,51.94516356,7.730000019073486,A2
92813,175468,283.67038329,19.84262616,7.730000019073486,A0
93525,177064,285.72340013,5.3427478,7.730000019073486,A2
97755,188036,297.99353815,31.60294423,7.730000019073486,A0
100924,194914,306.93067222,14.45597447,7.730000019073486,A0
103648,200103,315.00123311,42.93122608,7.730000019073486,A3
105597,203632,320.8305536,9.45336186,7.730000019073486,A2
109452,210501,332.61545668,16.70815558,7.730000019073486,A0V
111319,213989,338.28111482,68.5049829,7.730000019073486,A3
115110,219794,349.72322477,-28.74087151,7.730000019073486,A0m...
10956,13714,35.27820305,80.72664969,7.739999771118164,A0
13000,17219,41.78545702,42.17545041,7.739999771118164,A0
17348,23110,55.69122365,7.9029962,7.739999771118164,A2
20793,28261,66.83615798,-5.84398286,7.739999771118164,A0
20835,28083,66.97811425,43.33113605,7.739999771118164,A0
26115,35249,83.53954887,78.32289312,7.739999771118164,A0
28096,39550,89.08514723,53.5542544,7.739999771118164,A2
28576,40914,90.46328912,-3.68137244,7.739999771118164,A2
28989,40955,91.76046974,65.4018337,7.739999771118164,A3
29927,43537,94.49949967,28.00681543,7.739999771118164,A0
31960,47590,100.19556987,33.02553678,7.739999771118164,A2
34483,54670,107.19252701,-25.61768311,7.739999771118164,A0/A1IV/V
37009,60676,114.10261598,18.18190356,7.739999771118164,A2
41622,71765,127.28321708,-0.3001247,7.739999771118164,A0
42435,73716,129.79444063,-16.03266211,7.739999771118164,A0V
47151,83118,144.12144468,10.84630877,7.739999771118164,A0
53016,94174,162.69186216,-64.47947932,7.739999771118164,A0V
58113,103501,178.77987994,3.21863679,7.739999771118164,A0
65872,117229,202.52710921,-56.67453566,7.739999771118164,A0/A1IV
69476,124407,213.35093919,5.40088245,7.739999771118164,A3+...
75532,137318,231.46713839,-18.51593733,7.739999771118164,A1V
78099,142705,239.19942875,-23.18401586,7.739999771118164,A0V
79010,144999,241.90944571,28.99544605,7.739999771118164,A3
86723,161288,265.81645488,32.98438364,7.739999771118164,A2
87149,161903,267.08008199,-1.80825699,7.739999771118164,A2
89649,167968,274.42846188,-1.46435703,7.739999771118164,A2
95616,183184,291.7220907,35.90674981,7.739999771118164,A0
101396,195729,308.23701952,2.42747291,7.739999771118164,A2
105753,203991,321.28947519,18.46262995,7.739999771118164,A0
107718,207661,327.31032941,50.51507662,7.739999771118164,A0
108166,208277,328.72400857,15.22557718,7.739999771118164,A3
111164,213557,337.81258155,50.87235026,7.739999771118164,A2
116290,221629,353.42299721,-2.24448168,7.739999771118164,A2
4467,5514,14.31330835,26.99954131,7.75,A3
4600,5663,14.73919452,52.51950688,7.75,A2
9604,12288,30.87704735,69.5823239,7.75,A0p...
9814,12824,31.56230681,25.10882838,7.75,A0
13550,17921,43.63464758,48.14510018,7.75,A0
17552,23388,56.38323055,21.24680852,7.75,A3
20980,28096,67.49367045,62.70655854,7.75,A3
22284,30221,71.97219376,45.48942577,7.75,A0III
23005,31946,74.22088992,-52.84987032,7.75,A2m...
25602,36142,82.05488973,-32.82292712,7.75,A2V
26839,37768,85.48821657,24.31854446,7.75,A0
28834,41344,91.29506876,15.4491167,7.75,A2
33844,52813,105.383562,-27.85934075,7.75,A2V
34838,55742,108.14441397,-36.23412772,7.75,A1V
35619,57290,110.25258346,10.19565738,7.75,A0...
36538,59645,112.73931897,0.15563416,7.75,A0
37904,63832,116.51287017,-67.43198856,7.75,A0IV/Vn
38664,64323,118.74482978,39.71345363,7.75,A2
40568,69992,124.23848076,-53.70254408,7.75,A1V
43511,75770,132.93741576,-6.78430867,7.75,A0...
45201,79127,138.16713222,16.52496214,7.75,A0
45989,80889,140.69237304,15.77677316,7.75,A2
46474,81956,142.17530242,-10.27110016,7.75,A2
46756,82425,142.94504562,-3.38430172,7.75,A0
47781,84337,146.12707677,-4.65728538,7.75,A2
51843,92047,158.8765571,-69.81745667,7.75,A0V
53783,95409,165.0650831,-46.60143514,7.75,A0V
53814,95344,165.15607412,3.7394516,7.75,A0
64434,115179,198.09754992,77.19447085,7.75,A2
75729,137779,232.05731297,-11.44886524,7.75,A0
80070,147046,245.14095609,-29.51482087,7.75,A1V
90486,170115,276.95774817,0.19997515,7.75,A0
90990,171263,278.40040644,5.60676178,7.75,A0p
92349,174162,282.31438495,-0.98144907,7.75,A0
92995,175664,284.18448075,-8.42892818,7.75,A0
94569,180241,288.69567868,26.73002049,7.75,A0
95604,182649,291.67572087,-26.31835611,7.75,A0V
97451,187220,297.11706003,12.38800736,7.75,A0
98188,189040,299.29904566,25.48881259,7.75,A0
98564,189624,300.31416437,-10.78111907,7.75,A0
100316,193704,305.17633599,27.76179249,7.75,A0
100838,194909,306.69265143,39.46224919,7.75,A0
101131,195395,307.49502201,30.55664418,7.75,A3
101816,196571,309.49427282,13.09241987,7.75,A0
102739,198271,312.26892532,6.08393603,7.75,A2
110240,211802,334.95435026,-4.06620261,7.75,A3
115518,220455,351.00655439,-27.280866,7.75,A0V
2646,3093,8.38531173,-61.14724805,7.760000228881836,A1IV/V
6661,8344,21.36895241,74.11529875,7.760000228881836,A0
17038,22684,54.78401085,9.14377433,7.760000228881836,A3
20157,26936,64.80739262,61.58401258,7.760000228881836,A3...
24987,34668,80.25638516,39.62192931,7.760000228881836,A0
25933,36619,83.02136646,-23.42971593,7.760000228881836,A0m...
26119,36922,83.55728177,-18.33853819,7.760000228881836,A1V
27051,38032,86.0490213,33.10019689,7.760000228881836,A2
28084,39847,89.05368539,25.32990186,7.760000228881836,A2
28386,40687,89.94106455,-15.80465675,7.760000228881836,A1IV/V
29942,45039,94.5587831,-72.13227567,7.760000228881836,A0V
30024,44293,94.7727597,-41.074402,7.760000228881836,A0IIIp...
33605,51871,104.73839826,-4.01851928,7.760000228881836,A0
34806,54896,108.07728484,36.12713459,7.760000228881836,A2
35993,58770,111.26940244,-43.38711914,7.760000228881836,A1V
36516,59692,112.67901754,-9.31005459,7.760000228881836,A0
36979,60921,114.01076422,-22.29362398,7.760000228881836,A0V
38599,64539,118.55247987,-3.54520122,7.760000228881836,A3
47162,83036,144.15978382,35.69653586,7.760000228881836,A0
49545,87742,151.74559275,-3.28400332,7.760000228881836,A0
50662,89872,155.19758362,-56.49666745,7.760000228881836,A1II
57304,102044,176.2527781,69.93134667,7.760000228881836,A2
59293,105643,182.44906174,-33.48751971,7.760000228881836,A2III/IV
64130,114042,197.16004513,-54.61428845,7.760000228881836,A2IV
64480,114769,198.24556083,-29.09998239,7.760000228881836,A2III
74985,136013,229.843095,-34.03240466,7.760000228881836,A0V
78494,143472,240.36103498,-25.19844128,7.760000228881836,A2m...
79124,144925,242.26085523,-18.995509,7.760000228881836,A0V
80091,147733,245.21353897,54.38613277,7.760000228881836,A3
80985,149213,248.08307988,24.84911088,7.760000228881836,A0
86936,161404,266.46139175,-10.35396547,7.760000228881836,A2
87692,163285,268.66896292,18.18568485,7.760000228881836,A0
88755,165127,271.78245545,-49.81375785,7.760000228881836,A1/A2V
90715,170415,277.629232,-28.79525217,7.760000228881836,A1IV/V
91480,172203,279.86066784,-12.2477609,7.760000228881836,A0III
94395,179564,288.18565811,8.61051429,7.760000228881836,A0
96550,185334,294.43122937,24.26115762,7.760000228881836,A0
99654,192496,303.34913296,43.81120304,7.760000228881836,A0
101372,196087,308.18301422,53.0251046,7.760000228881836,A2
104607,201859,317.85926287,27.55355979,7.760000228881836,A0
104819,202313,318.5411323,30.96149468,7.760000228881836,A0
105691,204373,321.09955804,69.99316117,7.760000228881836,A0
113837,217646,345.79298185,-62.38287429,7.760000228881836,A2/A3V
115778,220909,351.83626967,45.36813338,7.760000228881836,A0
14438,19294,46.59389772,3.8101171,7.769999980926514,A2
15284,20421,49.29931211,1.55805919,7.769999980926514,A2
19827,27016,63.77528788,-30.0719537,7.769999980926514,A0V
22428,30636,72.38829606,2.20176862,7.769999980926514,A0
23424,32588,75.51566682,-45.59940723,7.769999980926514,A1V
25026,35288,80.37449503,-44.37348569,7.769999980926514,A2IV
28444,40279,90.08777653,48.24150616,7.769999980926514,A0
28728,41140,91.02392283,21.49417748,7.769999980926514,A3
30287,44372,95.55993247,19.70258607,7.769999980926514,A2
30667,45319,96.66521205,-1.07344902,7.769999980926514,A0
32160,48439,100.73683924,-11.7660848,7.769999980926514,A0
41811,72346,127.86678595,-25.68218399,7.769999980926514,A0/A1IV
44472,77788,135.91030017,-33.6944082,7.769999980926514,A2IV
45895,80894,140.35856,-30.80619278,7.769999980926514,A1V
46335,81581,141.70144544,14.49405705,7.769999980926514,A3
48545,85213,148.51071306,71.68144078,7.769999980926514,A0
51493,91085,157.75338606,5.34133429,7.769999980926514,A0
51902,91800,159.05695756,13.81297883,7.769999980926514,A2
53841,95423,165.21496285,-12.55871508,7.769999980926514,A1V
55854,99605,171.70832374,-62.81987111,7.769999980926514,A0V
58679,104497,180.5108998,-20.80857545,7.769999980926514,A3IV/V
59675,106360,183.56104915,-53.92013701,7.769999980926514,A2V
65283,116275,200.69025766,-13.18650585,7.769999980926514,A2V
70747,126846,217.0197367,-3.00394036,7.769999980926514,A0
70993,127254,217.80455777,-34.68109124,7.769999980926514,A0V
75613,137323,231.73924281,-44.10753709,7.769999980926514,A3m...
77128,140813,236.23221585,20.88143403,7.769999980926514,A2
84488,156341,259.08491429,16.66083595,7.769999980926514,A0
88916,165967,272.24962349,-11.74367859,7.769999980926514,A0
88983,166283,272.43657756,4.60310898,7.769999980926514,A0
92981,175054,284.1433116,-54.56708676,7.769999980926514,A1IV
96137,185731,293.21741963,75.33103964,7.769999980926514,A2
97375,187545,296.86456383,57.10003071,7.769999980926514,A2
98378,189574,299.80283931,38.88037511,7.769999980926514,A3m
98712,190625,300.74194557,57.08456608,7.769999980926514,A0
101294,196053,307.97080594,60.06324586,7.769999980926514,A0
106216,204920,322.70277503,37.96644601,7.769999980926514,A2
106464,205178,323.44297142,-5.41849083,7.769999980926514,A0
108672,209205,330.22880853,31.53428712,7.769999980926514,A0
109008,209645,331.26397133,-6.30255017,7.769999980926514,A0
111583,214142,339.08068103,-0.18640835,7.769999980926514,A2
113938,218042,346.10387105,41.27441602,7.769999980926514,A0
114015,217963,346.35068496,-62.39093998,7.769999980926514,A3V
117220,223057,356.50612244,63.31696039,7.769999980926514,A0
3569,4298,11.40567201,30.33634097,7.78000020980835,A2
4182,5071,13.36675196,60.66562735,7.78000020980835,A0V
13076,17257,42.01278333,51.55167189,7.78000020980835,A0
15707,20614,50.58595216,62.72975171,7.78000020980835,A0
17254,22859,55.43057627,37.58722305,7.78000020980835,A0
17834,23729,57.23910312,40.67151138,7.78000020980835,A3
18314,24298,58.73366934,57.44118944,7.78000020980835,A3
19173,25426,61.65259553,65.00921407,7.78000020980835,A3
23333,32003,75.28338528,23.43904903,7.78000020980835,A0
25253,35187,81.00486031,24.96050386,7.78000020980835,A2
26764,37515,85.2755791,40.88259841,7.78000020980835,A3
29770,43462,94.03167308,-2.88217484,7.78000020980835,A0
30264,44547,95.49362723,-8.22966986,7.78000020980835,A0
30832,45655,97.1497453,-1.58959148,7.78000020980835,A0
32013,48382,100.32552892,-40.29283443,7.78000020980835,A0V
32982,48268,103.05748751,77.22518174,7.78000020980835,A0
33186,50876,103.60720754,-14.45080522,7.78000020980835,A1V
34328,53794,106.73990574,13.40287225,7.78000020980835,A0
37024,60776,114.13195105,7.35053546,7.78000020980835,A2
38282,63820,117.65381285,-5.80292559,7.78000020980835,A0
41116,70910,125.83677538,-32.32815239,7.78000020980835,A3IV
44615,76559,136.36617742,79.34634686,7.78000020980835,A0
45208,78766,138.19798374,61.68186919,7.78000020980835,A0
48124,84872,147.17760367,24.54703346,7.78000020980835,A0
49629,87645,151.93400767,53.19602203,7.78000020980835,A0
49915,87850,152.87590221,73.89278787,7.78000020980835,A2
54306,96564,166.64944027,-58.74417714,7.78000020980835,A0IV
56304,100367,173.1434999,-47.05965158,7.78000020980835,A0V
56773,101075,174.59362637,64.17682595,7.78000020980835,A0
57807,102980,177.79688666,-36.93580192,7.78000020980835,A0V
64271,114345,197.588551,-23.62464004,7.78000020980835,A0V
70709,127147,216.92782237,58.3344694,7.78000020980835,A2
73204,131855,224.42351596,-49.87137424,7.78000020980835,A2/A3IV
74319,135420,227.86036736,65.63902617,7.78000020980835,A2
75056,136164,230.05587378,-34.92537423,7.78000020980835,A2V
79250,145189,242.60569469,-23.10642331,7.78000020980835,A3III/IV
79436,146080,243.18005571,40.78170241,7.78000020980835,A0
80859,148655,247.67508379,-29.48301616,7.78000020980835,A2/A3m...
81006,148825,248.14825204,-43.73403085,7.78000020980835,A0V
86630,162130,265.51592996,73.46166046,7.78000020980835,A0
89544,167591,274.06355834,-9.80957274,7.78000020980835,A2
91080,171679,278.66693917,35.80460582,7.78000020980835,A0
91205,171873,279.08529838,20.00678729,7.78000020980835,A0
92578,175307,282.97258079,53.06587583,7.78000020980835,A2
92679,175015,283.27359956,7.88570559,7.78000020980835,A0
94298,179460,287.90712249,26.27857446,7.78000020980835,A0
96166,184244,293.30066718,7.77273248,7.78000020980835,A0
96237,183928,293.53794063,-48.6773479,7.78000020980835,A1/A2IV/V
96251,185600,293.57328017,70.25972511,7.78000020980835,A0
96593,185310,294.54761515,8.74800309,7.78000020980835,A0
96830,185983,295.21653875,27.13296635,7.78000020980835,A0
97903,188366,298.43882516,26.999904,7.78000020980835,A0
104831,202241,318.56417761,9.62372964,7.78000020980835,A2
107808,207782,327.61166763,39.4422064,7.78000020980835,A3
108922,209640,330.96613942,44.59035677,7.78000020980835,A0
113824,217818,345.75193656,34.62107142,7.78000020980835,A0
115685,220739,351.58272637,-12.95044175,7.78000020980835,A3III
115887,221102,352.18968254,42.41131689,7.78000020980835,A0
117897,224070,358.71329621,22.47222735,7.78000020980835,A0
3363,3949,10.70202572,62.7658773,7.789999961853027,A0
5702,7214,18.34252925,49.28053539,7.789999961853027,A2
6399,8159,20.54733167,58.28957654,7.789999961853027,A1Iab
11291,14825,36.35798818,58.20264504,7.789999961853027,A3V
12039,15922,38.79827422,49.86035397,7.789999961853027,A0
13545,18166,43.61171106,-20.92490583,7.789999961853027,A3m...
19669,26572,63.20441786,19.53880776,7.789999961853027,A2
21664,29019,69.76754809,67.20093328,7.789999961853027,A0
25106,35111,80.63164317,2.98332883,7.789999961853027,A0
27535,38648,87.47350907,49.84119129,7.789999961853027,A2
29029,42136,91.87150705,-35.22463398,7.789999961853027,A2V
29308,42154,92.68604851,34.26044594,7.789999961853027,A0
31792,47416,99.71273682,7.97155323,7.789999961853027,A0
39593,66470,121.35515698,41.19013602,7.789999961853027,A3
41722,72059,127.61861431,-12.63369058,7.789999961853027,A1V
44326,77280,135.41063741,-0.58135793,7.789999961853027,A2
48129,84800,147.18610887,43.66551877,7.789999961853027,A2II
50188,88916,153.67753858,-30.81748575,7.789999961853027,A3IV/V
51968,91910,159.256829,12.86618159,7.789999961853027,A0
53485,94766,164.12900924,5.27342603,7.789999961853027,A2
54813,97674,168.32080156,-66.84980678,7.789999961853027,A1m...
58678,104484,180.4874245,0.10214485,7.789999961853027,A2
60430,107800,185.85674696,-41.84775397,7.789999961853027,A1V
64364,114608,197.87870236,6.78840658,7.789999961853027,A3
64936,115708,199.65520196,26.3657579,7.789999961853027,A2p
65635,116749,201.85082564,-66.74714299,7.789999961853027,A0/A1V
70796,126655,217.17408729,-55.22147936,7.789999961853027,A3IV
70972,127269,217.75294441,-25.31495708,7.789999961853027,A3V
78847,144254,241.43082644,-21.83874699,7.789999961853027,A0V
83164,153778,254.9434528,36.92135296,7.789999961853027,A2
83873,154831,257.13529903,-20.21750278,7.789999961853027,A0IV
89085,166894,272.72701246,38.96144816,7.789999961853027,A2
89982,169412,275.38934866,52.90216743,7.789999961853027,A0
91891,173449,280.98450929,34.52170038,7.789999961853027,A0
92884,175445,283.88866556,-2.30653816,7.789999961853027,A0
96153,184296,293.25315181,21.00288241,7.789999961853027,A2V
96638,185163,294.71733029,-30.28107848,7.789999961853027,A1IV
101896,196989,309.73639896,47.68682314,7.789999961853027,A0
103796,200478,315.48915232,47.0194187,7.789999961853027,A1IV
103948,201249,315.92905179,71.31426205,7.789999961853027,A0
106262,205073,322.84658838,48.35654157,7.789999961853027,A1p
108440,208861,329.50810681,43.14967048,7.789999961853027,A2
109160,209947,331.67458221,16.74960791,7.789999961853027,A3
112738,216367,342.47748522,75.16227222,7.789999961853027,A0
1359,1119,4.26178754,84.9550675,7.800000190734863,A2
3473,4163,11.09567771,33.61810674,7.800000190734863,A3
9231,11824,29.66920009,67.57946544,7.800000190734863,A0
10484,13917,33.7995462,-12.0519897,7.800000190734863,A2V
11145,15051,35.84955701,-56.81331752,7.800000190734863,A3V
12733,16956,40.92118289,21.14716003,7.800000190734863,A2mp
13174,17693,42.35692397,-30.81296624,7.800000190734863,A3IV/V
13710,18125,44.12917267,49.7927383,7.800000190734863,A2
20864,28225,67.07461228,27.78069492,7.800000190734863,A0
21382,29183,68.8380357,-8.29168442,7.800000190734863,A0
24598,34473,79.1474952,-25.3320005,7.800000190734863,A2/A3III
26023,36304,83.28450891,46.88153266,7.800000190734863,A0
28735,41473,91.030091,-29.33903071,7.800000190734863,A0V
29031,42166,91.87818806,-36.30941635,7.800000190734863,A0V
30786,45748,97.02343426,-27.14360414,7.800000190734863,A0IV/V
33990,54558,105.79264244,-70.5415932,7.800000190734863,A1V
34192,53983,106.35058375,-38.23389525,7.800000190734863,A0V
34835,53609,108.14148205,72.67529531,7.800000190734863,A0
35014,56162,108.64545082,-31.49347258,7.800000190734863,A1V
37388,61943,115.12093154,-30.04947016,7.800000190734863,A0V
42770,74155,130.72578134,16.44987836,7.800000190734863,A0
55072,98195,169.12771466,-69.90711307,7.800000190734863,A0V
56001,,172.14730399,-42.67775852,7.800000190734863,A3V
59012,105095,181.50168977,-39.22020365,7.800000190734863,A1V
70153,125676,215.31730045,-11.3985076,7.800000190734863,A3
76199,138210,233.47137358,-62.08295651,7.800000190734863,A0IV
77323,141268,236.79065418,30.56569771,7.800000190734863,A0
77347,140968,236.84725988,-25.86764587,7.800000190734863,A2V
85531,158123,262.18978032,-30.93155078,7.800000190734863,A0III
85996,159626,263.63690266,28.20855064,7.800000190734863,A0
87326,162404,267.65496825,9.54209086,7.800000190734863,A0
88283,164670,270.4176909,16.71814035,7.800000190734863,A0
89399,166970,273.66153509,-36.89889191,7.800000190734863,A0V
95033,181631,290.03746516,27.91007396,7.800000190734863,A3
95086,179555,290.17767509,-74.65973792,7.800000190734863,A2V
95623,182725,291.74103669,-24.04617967,7.800000190734863,A2IV/V
96568,185375,294.47480482,24.71288105,7.800000190734863,A2
99961,192969,304.21624215,27.05466869,7.800000190734863,A0
101782,196552,309.42317376,19.07029395,7.800000190734863,A0
102165,196392,310.52151909,-70.93084486,7.800000190734863,A2V
105777,204194,321.34639786,51.13272435,7.800000190734863,A2
109180,210087,331.75913353,36.0937306,7.800000190734863,A3
113672,217545,345.3460572,0.12135943,7.800000190734863,A0
114613,218993,348.27723008,-55.1062851,7.800000190734863,A3V
118102,224402,359.34669468,76.31446506,7.800000190734863,A0
1759,1786,5.57102628,24.67944161,7.809999942779541,A0
4327,5315,13.84557185,30.66164464,7.809999942779541,A2
5385,6757,17.22145461,45.20747613,7.809999942779541,A0
10088,13237,32.42818255,20.34813163,7.809999942779541,A3+...
11690,15512,37.69720373,36.11724743,7.809999942779541,A3
13527,18107,43.55795706,-11.08941818,7.809999942779541,A0
15791,20872,50.87745451,41.20699477,7.809999942779541,A2
26297,36420,84.00473067,63.51904518,7.809999942779541,A3
27261,38528,86.67996511,2.70736249,7.809999942779541,A0
29339,42533,92.77907695,-1.88379482,7.809999942779541,A0
29844,42507,94.26707758,69.47812203,7.809999942779541,A0
29965,44446,94.61968315,-56.9999815,7.809999942779541,A2V
30559,44692,96.35906055,46.53365678,7.809999942779541,A0
32432,48588,101.54403675,42.04562288,7.809999942779541,A2
33058,50461,103.28332832,-7.76556535,7.809999942779541,A0p
33459,50521,104.34077034,59.18549663,7.809999942779541,A2
34554,57336,107.37722557,-79.4320183,7.809999942779541,A0IV
35447,57301,109.77727543,-35.18425166,7.809999942779541,A0V
40725,71086,124.6853775,-75.01470104,7.809999942779541,A2V
44776,78564,136.8863769,-39.83212805,7.809999942779541,A3III
46376,81889,141.84542889,-36.88011035,7.809999942779541,A1m...
46697,82465,142.79181471,-35.9258751,7.809999942779541,A1V
54425,96681,167.05714898,3.53337461,7.809999942779541,A2
55329,98558,169.95718972,-53.47620914,7.809999942779541,A1V
64546,114738,198.44602598,-64.31323355,7.809999942779541,A1V
69432,124568,213.23450178,50.71285236,7.809999942779541,A0
73200,132072,224.40280349,-12.63801934,7.809999942779541,A0V
82633,151763,253.37672471,-63.2350083,7.809999942779541,A3III
84678,156567,259.66839022,-10.21926338,7.809999942779541,A0
90283,170074,276.32289775,46.88540232,7.809999942779541,A0
90755,170782,277.75607855,5.75252627,7.809999942779541,A2
92604,173346,283.04159266,-73.60784649,7.809999942779541,A2IVs
93478,176745,285.55591868,-13.25374718,7.809999942779541,A0II/III
93901,177822,286.81112103,-24.52389508,7.809999942779541,A0V
95511,182623,291.40872719,-2.06113144,7.809999942779541,A0
96163,184903,293.28782877,59.39602382,7.809999942779541,A0p
97997,188871,298.73413748,50.81996536,7.809999942779541,A0
99869,192589,303.929435,-2.56438096,7.809999942779541,A0
100775,194838,306.49143926,47.96839127,7.809999942779541,A0
104110,201267,316.38504493,62.15885958,7.809999942779541,A0...
6374,8161,20.48293376,47.28235943,7.820000171661377,A2
12952,15374,41.64195262,85.79933286,7.820000171661377,A0
13316,17808,42.84351812,-2.99741896,7.820000171661377,A0
13379,17873,43.04857469,-0.65029366,7.820000171661377,A3III
13643,18192,43.91781275,14.70679685,7.820000171661377,A0
14029,18549,45.15830369,47.88510057,7.820000171661377,A2
16444,21753,52.94619163,36.48393415,7.820000171661377,A0
17937,23946,57.54148171,29.64431801,7.820000171661377,A0
20131,27339,64.7456001,1.75041865,7.820000171661377,A2
23246,31264,75.03670996,69.95885036,7.820000171661377,A0
26059,36278,83.37599995,52.65307772,7.820000171661377,A0
26471,37331,84.4593597,0.31731792,7.820000171661377,A2
27976,40028,88.74810093,-30.30581432,7.820000171661377,A0V
29017,41808,91.84731797,3.0916899,7.820000171661377,A0
29537,42859,93.36476686,10.24803607,7.820000171661377,A2
29590,43021,93.54338431,2.57462246,7.820000171661377,A0
38786,64852,119.08345652,10.86487626,7.820000171661377,A0
39474,66722,121.02096858,-21.3763987,7.820000171661377,A0IV
40080,68173,122.80490061,-1.56635514,7.820000171661377,A0
41960,72280,128.29348143,33.43132949,7.820000171661377,A0
44999,79021,137.48432177,-44.17573078,7.820000171661377,A0V
46001,81153,140.72932614,-34.8739527,7.820000171661377,A2IV
49099,86916,150.31575233,-22.76501544,7.820000171661377,A1V
49727,87852,152.28449154,50.82130189,7.820000171661377,A2
60426,107796,185.84146766,-26.47150074,7.820000171661377,A3m...
66494,118468,204.4670431,-42.51454377,7.820000171661377,A1V
68816,123897,211.34119488,76.98159874,7.820000171661377,A2
70357,126083,215.92771516,-12.98037097,7.820000171661377,A1IV/V
70652,126699,216.75855073,1.71494801,7.820000171661377,A0
74913,136728,229.63783341,65.42094623,7.820000171661377,A2
79942,146931,244.77528957,-7.31936195,7.820000171661377,A0
80799,148562,247.4775196,-24.97940346,7.820000171661377,A2V
81887,150713,250.90707619,-20.69666354,7.820000171661377,A1/A2IV
85868,159543,263.20715641,47.88866571,7.820000171661377,A0
86576,160865,265.38453458,19.14732664,7.820000171661377,A0
89473,168268,273.88160576,56.88694481,7.820000171661377,A0
89518,167498,274.00891879,-14.92417548,7.820000171661377,A2IV
90181,169416,276.03765593,10.95781734,7.820000171661377,A0
90738,170712,277.70621917,3.15456841,7.820000171661377,A0
91996,173814,281.26526122,46.13542938,7.820000171661377,A0...
92057,174619,281.4501627,68.72772386,7.820000171661377,A0
93311,176799,285.09225701,37.99578201,7.820000171661377,A3
94669,180659,288.95889648,37.29904441,7.820000171661377,A0
94987,181304,289.92056741,7.79556767,7.820000171661377,A3
97440,187375,297.06867569,37.1603948,7.820000171661377,A2
97753,187958,297.99213464,20.91774872,7.820000171661377,A0
99324,191613,302.40496406,33.41085672,7.820000171661377,A2V
99534,192023,303.00924182,23.91912172,7.820000171661377,A2
99543,191822,303.02313554,-10.71587396,7.820000171661377,A0
100127,193371,304.68084529,33.25027293,7.820000171661377,A0
101951,196954,309.89643809,30.50418377,7.820000171661377,A0
103354,199496,314.09904533,36.37739962,7.820000171661377,A0
104463,201652,317.4120814,42.43321436,7.820000171661377,A0
109481,210630,332.6861014,42.73660974,7.820000171661377,A2
115710,220868,351.64848175,64.30473565,7.820000171661377,A3
117693,223736,358.03221065,36.35593619,7.820000171661377,A0
4891,6164,15.70566756,7.50077913,7.829999923706055,A0
5675,7323,18.22936164,-35.74589376,7.829999923706055,A0V
15295,20317,49.33846912,36.35461009,7.829999923706055,A0
21578,,69.49945532,-13.0322923,7.829999923706055,A1IV
23671,32855,76.32210162,-21.25844955,7.829999923706055,A0V
24106,33740,77.67445348,-36.27475644,7.829999923706055,A1m...
26107,36759,83.51632828,3.05750006,7.829999923706055,A2
26827,37514,85.44211299,48.46553498,7.829999923706055,A2
28601,41085,90.54885167,-19.69142582,7.829999923706055,A0V
33906,52474,105.55613263,20.8282271,7.829999923706055,A2
35060,55951,108.75265311,-2.82348524,7.829999923706055,A2
38829,64984,119.19567292,9.04825941,7.829999923706055,A3
40588,69837,124.31107657,-40.24150039,7.829999923706055,A0V
42274,73681,129.29423104,-53.25936138,7.829999923706055,A2V
43147,74909,131.82571644,15.32922623,7.829999923706055,A0
44801,78423,136.94995265,-9.85368471,7.829999923706055,A0
48382,85291,147.9435848,39.6224491,7.829999923706055,A3
49113,86777,150.35345977,30.5871596,7.829999923706055,A2
52080,92185,159.63385328,-2.0506445,7.829999923706055,A3
56963,101523,175.16087903,-49.50916956,7.829999923706055,A3V
57158,101846,175.83299329,0.18526392,7.829999923706055,A2
59891,106759,184.2519077,-74.14367418,7.829999923706055,A2V
63551,113168,195.33423484,38.04820955,7.829999923706055,A2
64170,114102,197.27450123,-49.49495018,7.829999923706055,A1V
71820,129231,220.37599319,-2.04103379,7.829999923706055,A2
76067,137714,233.02557917,-69.17331927,7.829999923706055,A3V
78403,143914,240.0886088,54.52248469,7.829999923706055,A0
86240,159874,264.3497438,-8.03678301,7.829999923706055,A0
87315,162751,267.61883549,44.48940775,7.829999923706055,A2
89229,167388,273.13046504,49.0988232,7.829999923706055,A2
90484,169961,276.94956968,-16.42728366,7.829999923706055,A0V
93565,177177,285.8567596,5.99436274,7.829999923706055,A2
95845,183512,292.39946852,12.40435999,7.829999923706055,A3
97037,186673,295.82031659,52.56117603,7.829999923706055,A3
99426,191273,302.70919848,-43.60295164,7.829999923706055,A3m...
102551,198182,311.72101546,47.11148147,7.829999923706055,A1V
106069,204674,322.26926713,40.30438797,7.829999923706055,A2
106571,205600,323.75176769,47.08991297,7.829999923706055,A0
107311,206829,326.0358775,25.17882532,7.829999923706055,A3
107604,207431,326.92148512,44.01107269,7.829999923706055,A0
113145,216733,343.68295256,42.51071708,7.829999923706055,A2
113928,218219,346.06619124,75.51719822,7.829999923706055,A0
113960,218095,346.16949567,49.32986366,7.829999923706055,A2
1143,974,3.58007313,52.86097686,7.840000152587891,A0
8151,10682,26.19868051,25.79669722,7.840000152587891,A3
9914,12972,31.90592205,29.74150174,7.840000152587891,A3
14412,19152,46.4918483,34.00940532,7.840000152587891,A0
16249,21140,52.35390824,69.45971592,7.840000152587891,A0
17003,22653,54.67865518,2.7279062,7.840000152587891,A2
17042,22544,54.80072805,41.2827937,7.840000152587891,A0
17273,22563,55.48671423,66.11759047,7.840000152587891,A2
18194,24367,58.38339783,25.72997146,7.840000152587891,A2
18912,25354,60.79526547,38.05480931,7.840000152587891,A0p
18977,25648,60.99445656,-6.05181456,7.840000152587891,A0
21450,28801,69.09648247,62.90918313,7.840000152587891,A2
22443,30588,72.44114582,21.9497038,7.840000152587891,A0
23576,32156,76.03549364,54.86452924,7.840000152587891,A2
26429,36569,84.3725465,65.14181502,7.840000152587891,A2
29529,42821,93.31577231,9.59801325,7.840000152587891,A0
30136,44215,95.13228939,-1.36660426,7.840000152587891,A0
32898,49990,102.81674244,2.13906917,7.840000152587891,A0
33901,51416,105.54612388,65.75149076,7.840000152587891,A0
33939,53015,105.64955026,-19.76900627,7.840000152587891,A3III/IV
34460,54357,107.14703157,0.45983451,7.840000152587891,A0
35529,57184,109.98786156,-4.58335085,7.840000152587891,A2
37808,63154,116.28403844,-48.91533845,7.840000152587891,A0V
39777,67175,121.93332408,27.01328309,7.840000152587891,A0
41666,72086,127.42813899,-34.06487132,7.840000152587891,A1V
42729,74681,130.62176193,-59.52733658,7.840000152587891,A0V
46475,82000,142.17699725,-20.79991608,7.840000152587891,A0IV
48752,99685,149.16726051,-89.78245385,7.840000152587891,A0IV
50258,89036,153.93292263,-31.20139945,7.840000152587891,A2/A3m...
50463,89463,154.55007035,-50.82372252,7.840000152587891,A3mA6-A7
50978,90212,156.19176435,-0.7902034,7.840000152587891,A0
51250,90651,157.02314855,3.31571028,7.840000152587891,A0
54248,96348,166.46779811,-41.90706605,7.840000152587891,A2V
56207,100128,172.83870389,22.81781049,7.840000152587891,A3
66202,118555,203.54167154,75.79761788,7.840000152587891,A0
71199,127826,218.42147113,-6.8704768,7.840000152587891,A0
77180,141068,236.39056564,40.17755798,7.840000152587891,A2
83152,153650,254.89531037,29.54949619,7.840000152587891,A0
85572,158639,262.30862554,27.8818074,7.840000152587891,A2
90091,169358,275.77020811,29.36511024,7.840000152587891,A2
90517,170594,277.04443172,43.92614383,7.840000152587891,A3
91224,171782,279.12343796,5.28869417,7.840000152587891,A0p
91244,171835,279.17210343,6.04242417,7.840000152587891,A2
93564,177371,285.85637123,26.05289636,7.840000152587891,A0
94530,180187,288.58778963,30.35087228,7.840000152587891,A0
94990,181362,289.93638454,12.92110724,7.840000152587891,A2
97760,188035,298.00087624,31.70726501,7.840000152587891,A0
98100,189234,299.04713381,55.02354838,7.840000152587891,A3
98187,188806,299.29860031,-7.40469095,7.840000152587891,A0
101447,195968,308.40691593,25.87736789,7.840000152587891,A0
104391,200475,317.22082692,-73.39620159,7.840000152587891,A3mA5-A7
105765,204039,321.31702357,24.4914957,7.840000152587891,A2
106536,205552,323.6585295,49.52647156,7.840000152587891,A0
110253,211974,334.99512435,47.47269122,7.840000152587891,A2
112502,215793,341.83357001,31.03742156,7.840000152587891,A2
114689,219212,348.4992394,24.23312153,7.840000152587891,A0
115701,220793,351.62898034,31.7470746,7.840000152587891,A0
3458,4186,11.05653741,-7.88792602,7.849999904632568,A3
7893,10365,25.38687488,18.65214745,7.849999904632568,A2
10509,13717,33.86238245,55.59509804,7.849999904632568,A0III
17190,22733,55.20896541,39.11719621,7.849999904632568,A3
21877,29330,70.54713313,67.2933379,7.849999904632568,A0
22709,30696,73.25241776,55.04492589,7.849999904632568,A3
26349,37237,84.1589625,-10.49897024,7.849999904632568,A2
27702,39065,87.98493093,39.56311514,7.849999904632568,A2
27832,38924,88.33336475,61.6760674,7.849999904632568,A2
28144,40117,89.21505994,-1.16467086,7.849999904632568,A0V
30121,44465,95.07273055,-36.35326719,7.849999904632568,A1/A2V
32224,48330,100.90538522,16.78291261,7.849999904632568,A0
34121,53173,106.1280282,8.24852551,7.849999904632568,A2
35309,56590,109.4057634,0.18128042,7.849999904632568,A0
35852,57511,110.87193722,41.3640967,7.849999904632568,A0
35897,58052,111.00580452,1.98705921,7.849999904632568,A2
36810,60304,113.55698597,10.8243316,7.849999904632568,A0
37167,61516,114.56494447,-34.98037396,7.849999904632568,A0V
39930,67719,122.32460027,-0.11694065,7.849999904632568,A0
40123,68198,122.93634353,11.18345702,7.849999904632568,A2
40158,67871,123.02102221,46.94168806,7.849999904632568,A2
40367,69210,123.62476652,-38.50880297,7.849999904632568,A2IV/V
41077,71083,125.71120315,-54.48177711,7.849999904632568,A0V
43201,75932,132.01310576,-71.31607622,7.849999904632568,A2m...
44796,78392,136.93541607,-10.49064309,7.849999904632568,A0
45551,80188,139.25673382,-41.3196717,7.849999904632568,A2IV
49432,87535,151.36964841,-9.54795047,7.849999904632568,A2
53823,95442,165.18353833,-25.7173286,7.849999904632568,A1V(m)
60111,107273,184.9178034,62.35909315,7.849999904632568,A3
65910,117382,202.65971392,-38.88217332,7.849999904632568,A1V
68143,121631,209.27270684,-24.4139164,7.849999904632568,A2IV
73450,133050,225.14728961,50.57799454,7.849999904632568,A2
73726,133544,226.06687563,29.07851499,7.849999904632568,A2
76080,138410,233.0744414,-9.58640128,7.849999904632568,A0
83354,154344,255.53445732,51.94245574,7.849999904632568,A2
83786,154290,256.86045546,-53.75551364,7.849999904632568,A2III/IV
84584,156497,259.35042368,13.31022587,7.849999904632568,A2
84805,156926,260.00039961,7.96968524,7.849999904632568,A0
89307,166807,273.34385703,-25.15130042,7.849999904632568,A0III/IVm..
89689,168564,274.55039828,45.15669021,7.849999904632568,A0
91765,174102,280.68916526,70.5686638,7.849999904632568,A0
99564,192165,303.0775411,32.08106074,7.849999904632568,A2
102038,197040,310.17693544,14.52688515,7.849999904632568,A2
102632,198213,311.95013383,31.67181832,7.849999904632568,A2
102716,198494,312.1993482,48.23326632,7.849999904632568,A0
103246,199180,313.75907788,17.25958647,7.849999904632568,A0p
103825,200171,315.59194694,-17.31049564,7.849999904632568,A3III
103874,200468,315.71150733,28.32337715,7.849999904632568,A2
105053,202587,319.19225945,5.25217713,7.849999904632568,A0
105141,202815,319.48594855,17.6282133,7.849999904632568,A2
108270,208503,329.02046691,24.33989572,7.849999904632568,A0+...
108935,209475,331.04142316,-21.77999528,7.849999904632568,A3m...
112925,216290,343.04473732,-34.63416736,7.849999904632568,A1m...
116488,221925,354.07292776,-7.11717123,7.849999904632568,A3
2658,3029,8.41470747,20.43379777,7.860000133514404,A3
2850,3239,9.02438099,54.84847184,7.860000133514404,A2
3071,3565,9.74415558,44.66314452,7.860000133514404,A0
5486,6901,17.55465494,40.93533378,7.860000133514404,A2
7551,9860,24.32128376,46.94873887,7.860000133514404,A3III
13264,17553,42.6657318,48.29078305,7.860000133514404,A0
16435,21918,52.90300431,-12.73476572,7.860000133514404,A2m...
18903,25320,60.77755382,41.93207513,7.860000133514404,A0
21084,28629,67.78345094,7.33221948,7.860000133514404,A3
21133,28845,67.95176736,-24.11021674,7.860000133514404,A0V
21189,28596,68.13645584,44.90254811,7.860000133514404,A0
21514,29433,69.30617188,-22.61489674,7.860000133514404,A0V
21995,29476,70.91945826,68.14963073,7.860000133514404,A0
22433,30389,72.42049583,49.5882817,7.860000133514404,A3
23195,31096,74.87232052,71.60792557,7.860000133514404,A0
23663,33486,76.27771367,-68.08644223,7.860000133514404,A0V
29318,42032,92.73299918,47.50489627,7.860000133514404,A3
29645,43192,93.70135212,-1.71841861,7.860000133514404,A3
32136,48630,100.66853286,-36.63042757,7.860000133514404,A0V
33157,50990,103.54646934,-30.61313006,7.860000133514404,A2/A3III
35484,56916,109.86330324,10.44370449,7.860000133514404,A2
35645,57896,110.33615742,-41.9903505,7.860000133514404,A0V
36719,60261,113.2867828,-13.42011839,7.860000133514404,A0IV
37016,60825,114.11856061,2.86778454,7.860000133514404,A0
42823,74734,130.88686532,-52.00385185,7.860000133514404,A1IV/V
45071,80257,137.70196417,-79.35863568,7.860000133514404,A1V
46263,81630,141.49561304,-31.36901541,7.860000133514404,A2IV
47616,84129,145.64078062,-13.97891316,7.860000133514404,A0IV/V
48539,86076,148.49291032,-62.11964445,7.860000133514404,A2V
49032,86818,150.05694984,-35.3134736,7.860000133514404,A0V
50422,89270,154.43249687,-12.07876025,7.860000133514404,A2
52156,92374,159.8315652,-37.44050655,7.860000133514404,A1/A2V
55188,98363,169.49239629,-64.04259598,7.860000133514404,A2V
58861,104835,181.0713267,-21.0391365,7.860000133514404,A2II
60084,107143,184.81928413,-47.8299929,7.860000133514404,A1V
65879,117419,202.56198151,-1.89503537,7.860000133514404,A0
69472,124228,213.34286312,-39.97857928,7.860000133514404,A2/A3III
74284,134811,227.7192056,30.67215725,7.860000133514404,A2
74630,134709,228.73395719,-66.15720757,7.860000133514404,A1V
82390,151972,252.52666519,16.49563572,7.860000133514404,A0
85833,158623,263.08067228,-42.18165224,7.860000133514404,A1/A2m...
88265,164899,270.37226543,40.32371312,7.860000133514404,A0
88284,164941,270.42155658,40.17827862,7.860000133514404,A3
88842,166094,272.03385995,25.17511613,7.860000133514404,A2
89895,168851,275.14337334,31.06683363,7.860000133514404,A0
91488,172059,279.87629339,-32.99474161,7.860000133514404,A1V
94169,178880,287.54108144,2.35740345,7.860000133514404,A0
95301,182219,290.82417914,9.51159495,7.860000133514404,A0+...
95409,182737,291.12763344,37.18779744,7.860000133514404,A0
96201,184629,293.42998809,39.72797683,7.860000133514404,A2
96373,184849,293.90744499,22.50191224,7.860000133514404,A0
99992,192993,304.28732245,21.56688224,7.860000133514404,A0
100360,193926,305.30838829,43.58922746,7.860000133514404,A0
100638,194318,306.09413707,19.57499971,7.860000133514404,A2
101115,194662,307.44218997,-58.77202114,7.860000133514404,A1IV
101659,196805,309.10035185,62.01443826,7.860000133514404,A0
102122,197375,310.42658079,43.44324929,7.860000133514404,A0
102407,197685,311.286403,6.02442687,7.860000133514404,A0
103979,200598,316.0147737,14.37343058,7.860000133514404,A2
105630,204000,320.91717191,55.29412113,7.860000133514404,A0
107623,207515,326.99127574,51.62690148,7.860000133514404,A0
108607,209218,330.01945364,55.01977493,7.860000133514404,A0II
111205,213508,337.9358052,10.7631891,7.860000133514404,A0
112377,215592,341.40880764,41.88291346,7.860000133514404,A0
114828,219684,348.90201317,79.23287008,7.860000133514404,A0
114853,219537,348.96508985,56.6761556,7.860000133514404,A0
8332,10860,26.86314397,43.08042942,7.869999885559082,A0
12036,16195,38.79552679,-28.69761836,7.869999885559082,A3IV
16378,21685,52.75319974,27.72435763,7.869999885559082,A0
19229,25977,61.82824753,13.53832837,7.869999885559082,A3
20175,27311,64.87564107,19.94782961,7.869999885559082,A0
21087,29783,67.79103082,-78.63294946,7.869999885559082,A3mA5-A8
22574,30898,72.86820937,-0.54662496,7.869999885559082,A2
23035,31554,74.30470325,10.80987999,7.869999885559082,A0
24057,33613,77.5377239,-31.34911613,7.869999885559082,A0m...
24198,33297,77.92560792,46.94228664,7.869999885559082,A0
26225,36793,83.82179339,25.82898506,7.869999885559082,A0
28877,41649,91.45139797,-16.95938407,7.869999885559082,A0V
29418,43140,92.96669284,-50.79271985,7.869999885559082,A1IV
29760,43129,94.00709389,33.19898665,7.869999885559082,A2
30009,43913,94.74358246,4.19131359,7.869999885559082,A0
30460,44768,96.04876836,15.85086717,7.869999885559082,A0III
32142,48199,100.68201742,11.77147678,7.869999885559082,A0
32891,49581,102.79889166,44.05965811,7.869999885559082,A2
34654,55400,107.65823235,-45.5812627,7.869999885559082,A3V
36969,60757,113.99082392,-3.36830303,7.869999885559082,A0
37797,62523,116.25248499,15.89503513,7.869999885559082,A0
38708,64686,118.87788715,8.72158968,7.869999885559082,A0
38764,64988,119.03757332,-9.86324041,7.869999885559082,A0
40507,68931,124.05352717,40.333376,7.869999885559082,A3
40716,69551,124.67387476,33.33584954,7.869999885559082,A0
41448,71432,126.81535132,-3.52549467,7.869999885559082,A0
42190,73268,129.04257627,-36.26362295,7.869999885559082,A2IV
44453,78027,135.84633687,-57.76645945,7.869999885559082,A1V
45834,80752,140.17594212,-29.21980676,7.869999885559082,A3V
47252,83363,144.4773105,-0.31967195,7.869999885559082,A2
49437,87312,151.39872976,51.39111908,7.869999885559082,A2
51725,91498,158.53040438,12.37444471,7.869999885559082,A3
66520,118937,204.52316425,66.60634165,7.869999885559082,A2
69758,124954,214.15088964,-7.46677158,7.869999885559082,A0
69973,125299,214.77401791,-22.95351365,7.869999885559082,A0V
79795,145707,244.2679625,-67.63527639,7.869999885559082,A0IV/V
85432,158404,261.87224456,35.72039245,7.869999885559082,A3
86272,160419,264.42082767,42.83369096,7.869999885559082,A0
89675,168043,274.50544376,-2.03327408,7.869999885559082,A2
90040,169356,275.59638607,40.37537731,7.869999885559082,A2
91285,171914,279.30080044,2.97627471,7.869999885559082,A0p
94875,181226,289.61294774,29.95682941,7.869999885559082,A0
95367,182444,291.01832143,18.01845077,7.869999885559082,A2
95610,182742,291.69249642,-16.78347895,7.869999885559082,A3III
95621,183185,291.73836846,35.17898841,7.869999885559082,A0
97363,187180,296.8439475,31.43117645,7.869999885559082,A0
98582,190046,300.36788857,40.29890477,7.869999885559082,A0
98612,190088,300.43940259,38.73526121,7.869999885559082,A0
99813,192803,303.78376501,41.29873006,7.869999885559082,A0
100246,193330,304.96947493,-2.24750695,7.869999885559082,A0
103041,198974,313.14257416,41.97960939,7.869999885559082,A0
103945,200722,315.91016229,45.36794541,7.869999885559082,A0
105375,203207,320.15549095,8.21169901,7.869999885559082,A2
109275,210550,332.07165159,69.98231886,7.869999885559082,A0
112701,216068,342.34393845,32.52956862,7.869999885559082,A0
115615,220606,351.30954659,-36.18544977,7.869999885559082,A3V
116974,222821,355.69164179,81.30062703,7.869999885559082,A0
1355,1238,4.23899401,63.55298365,7.880000114440918,A0
2489,2871,7.89854845,-53.11792927,7.880000114440918,A0IV/V
2514,2804,7.97004376,48.65786294,7.880000114440918,A2
3713,4551,11.9210563,25.53447685,7.880000114440918,A0
8581,11190,27.68667868,36.05139327,7.880000114440918,A0
9600,12453,30.86840891,51.65166569,7.880000114440918,A0
15086,19844,48.64014053,61.71559609,7.880000114440918,A0V
15878,20931,51.12506425,49.13996474,7.880000114440918,A1V
16474,21834,53.04055459,30.00608034,7.880000114440918,A0
17333,22220,55.64987576,77.17037468,7.880000114440918,A0
18624,25315,59.78503157,-48.91472939,7.880000114440918,A1IV
21266,28922,68.44354923,10.51772173,7.880000114440918,A0
24553,34309,79.00330087,-14.50556967,7.880000114440918,A0IV/V
28470,40311,90.15901643,49.9788091,7.880000114440918,A2
29086,42041,92.033966,-10.57044211,7.880000114440918,A0
34482,54245,107.19238144,16.49504711,7.880000114440918,A0
37679,62347,115.95819796,9.60366109,7.880000114440918,A2
39121,65980,120.05778957,-31.19653977,7.880000114440918,A3II/III
40576,69741,124.26420223,-33.0075047,7.880000114440918,A2/A3V
41043,70549,125.64119039,-0.53656368,7.880000114440918,A0
44159,77072,134.90602784,-17.18585063,7.880000114440918,A3m...
44686,78323,136.59631188,-36.80318238,7.880000114440918,A0V
44751,78441,136.80037631,-34.519715,7.880000114440918,A0V
45202,311201,138.16806049,-65.7278341,7.880000114440918,A0
46061,81167,140.88929923,-21.8216478,7.880000114440918,A0III/IV
49735,87994,152.29351867,21.79037349,7.880000114440918,A0
50717,89915,155.33286614,-51.74133492,7.880000114440918,A0V
51013,90451,156.32002211,-52.56535325,7.880000114440918,A0IV
51636,91460,158.23780193,-39.93074026,7.880000114440918,A0V
54581,96951,167.55358031,35.3351126,7.880000114440918,A1V
56324,100311,173.20961412,38.86444622,7.880000114440918,A3V
73145,131835,224.22701941,-35.69539994,7.880000114440918,A2IV
80891,148833,247.77296096,-7.54086746,7.880000114440918,A0
81770,150616,250.53300207,2.27239745,7.880000114440918,A2
81940,151554,251.0731778,60.9706666,7.880000114440918,A0
82137,152139,251.70761555,66.04154942,7.880000114440918,A2
87225,162280,267.33076513,24.17635469,7.880000114440918,A2
88009,163171,269.6604914,-60.6795451,7.880000114440918,A2/A3III
89939,168796,275.26072968,13.81685504,7.880000114440918,A0
93482,177328,285.56820949,42.99575379,7.880000114440918,A0
95782,183091,292.22455469,-28.96998527,7.880000114440918,A2IV/V
96109,183921,293.10841386,-15.7515256,7.880000114440918,A2IV
96451,184858,294.14205264,-4.77170874,7.880000114440918,A2
97212,186609,296.36042776,-0.14540033,7.880000114440918,A2
98168,188995,299.24866146,27.81630851,7.880000114440918,A0
100333,192979,305.22286707,-59.03566498,7.880000114440918,A0V
100780,194631,306.50509241,20.58220883,7.880000114440918,A2
101758,196212,309.35597707,-43.04314886,7.880000114440918,A0V
103793,200388,315.47945446,40.31111322,7.880000114440918,A0
104983,202572,318.95215687,32.04510572,7.880000114440918,A3
105559,203819,320.67931294,54.23068086,7.880000114440918,A0p
106457,205510,323.4237925,58.19586665,7.880000114440918,A3p...
107083,206821,325.3394475,69.69279707,7.880000114440918,A1V
108160,208312,328.69034156,32.67328996,7.880000114440918,A0
112674,216065,342.26225764,49.5663465,7.880000114440918,A2
112969,216533,343.17454294,58.80645134,7.880000114440918,A2p
113656,217832,345.27995768,76.86947659,7.880000114440918,A2
116908,222629,355.47322992,68.6718856,7.880000114440918,A0
1409,1314,4.41117033,44.74490629,7.889999866485596,A2
7685,10088,24.73592673,21.91860626,7.889999866485596,A0
11178,14800,35.97868166,33.50782896,7.889999866485596,A0
11848,15649,38.23303713,54.54450468,7.889999866485596,A3
12928,17229,41.56851749,15.00779713,7.889999866485596,A0
15814,20842,50.92974536,51.77042418,7.889999866485596,A0V
18384,25006,58.94947719,-52.24788975,7.889999866485596,A0V
19307,25949,62.08004283,41.49047999,7.889999866485596,A0
21844,30012,70.4442865,-45.30749604,7.889999866485596,A1V
23024,31326,74.26917525,47.87884494,7.889999866485596,A0
25077,35037,80.53395613,8.00518086,7.889999866485596,A2
26698,37831,85.10608742,-22.64831311,7.889999866485596,A0V
28263,40037,89.57860426,40.7868282,7.889999866485596,A2
32403,48978,101.47394702,-6.89629048,7.889999866485596,A0
36716,59997,113.27732425,15.98245497,7.889999866485596,A0
40623,69724,124.39556801,-18.95618463,7.889999866485596,A1V
41066,71146,125.69169709,-57.88863378,7.889999866485596,A3V
46602,82142,142.54130201,-6.00221469,7.889999866485596,A2
52975,93797,162.53373877,36.09810069,7.889999866485596,A3
53571,94883,164.39939232,30.65269284,7.889999866485596,A2
55018,98038,168.97044341,-56.0123424,7.889999866485596,A0/A1Vn
55841,99508,171.67645038,-38.1581229,7.889999866485596,A1IV/V
56823,101245,174.7256362,-21.17380567,7.889999866485596,A3m...
59354,105775,182.65007247,-36.83486884,7.889999866485596,A2m
65590,116914,201.72301068,-5.93068059,7.889999866485596,A0
65896,117408,202.6229732,-23.64948629,7.889999866485596,A0V
69162,123583,212.36192416,-38.43272164,7.889999866485596,A3IV
73090,131627,224.06156269,-44.09212597,7.889999866485596,A3IV
74387,134557,228.01801625,-45.01256454,7.889999866485596,A0IV
75913,138305,232.58479882,27.65825832,7.889999866485596,A0
81468,150121,249.59204453,14.79379718,7.889999866485596,A2
81654,149679,250.20421776,-65.44473741,7.889999866485596,A2V
85027,157605,260.68014756,34.17560632,7.889999866485596,A0
85568,157770,262.30340154,-60.63990256,7.889999866485596,A0IV/V
86275,160779,264.42858255,61.95378322,7.889999866485596,A0
86863,161619,266.21629161,38.32354696,7.889999866485596,A2
92002,173452,281.28199886,6.65628805,7.889999866485596,A0
92583,174041,282.98575487,-57.93468064,7.889999866485596,A0V
94266,179780,287.80689028,52.02451408,7.889999866485596,A0
96863,186075,295.3390528,27.70530569,7.889999866485596,A3
97079,188281,295.93012027,79.53984588,7.889999866485596,A0
99058,190946,301.66747027,22.71198639,7.889999866485596,A0
99227,189995,302.14764791,-71.55251492,7.889999866485596,A2m...
99538,192513,303.01465414,60.14880643,7.889999866485596,A0
100636,194304,306.08741745,16.87808216,7.889999866485596,A2
101762,196605,309.36805913,32.05505151,7.889999866485596,A0
102688,198153,312.11366357,0.19624083,7.889999866485596,A0
103439,199954,314.34351507,62.8488813,7.889999866485596,A0
104626,201753,317.90951662,-0.87108738,7.889999866485596,A2
105279,203375,319.86169462,58.89120134,7.889999866485596,A0
105628,200526,320.91633142,-85.28828505,7.889999866485596,A2/A3V
106493,205664,323.54834022,64.00466154,7.889999866485596,A0
107760,207663,327.45353926,34.91675577,7.889999866485596,A0
108164,208441,328.71896601,48.55465667,7.889999866485596,A0
108552,209006,329.84353956,34.18069198,7.889999866485596,A2
110342,211745,335.2324868,-60.43053151,7.889999866485596,A3/A4V
110801,213208,336.72455204,73.57477838,7.889999866485596,A0
113290,216668,344.11064618,-68.78377957,7.889999866485596,A1V
1377,1290,4.30183851,23.5976494,7.900000095367432,A2
4112,4996,13.18175758,52.27833526,7.900000095367432,A0
7291,9383,23.48211907,62.14979421,7.900000095367432,A2V
9822,12804,31.60271591,38.89973105,7.900000095367432,A0
11007,14597,35.44635954,15.5191872,7.900000095367432,A0
12678,16809,40.72107019,37.17392351,7.900000095367432,A3
13705,18346,44.11978615,-15.01947148,7.900000095367432,A3m...
15317,20016,49.40680611,69.46016727,7.900000095367432,A0
18935,25367,60.88034804,42.18204863,7.900000095367432,A2
23012,31825,74.24505898,-41.98366459,7.900000095367432,A3V
23238,32206,75.00518364,-34.16688659,7.900000095367432,A0V
24350,33671,78.38245344,35.65306006,7.900000095367432,A0
25794,36071,82.61914916,31.2822354,7.900000095367432,A0
28643,41169,90.72364214,-11.34862878,7.900000095367432,A0
30433,44738,95.97513792,14.11352535,7.900000095367432,A2Ib
35343,56719,109.51272705,-3.11465426,7.900000095367432,A0
36873,60105,113.70663902,40.87677774,7.900000095367432,A2
38174,63593,117.33278631,-11.42920536,7.900000095367432,A0
39140,65694,120.08976172,12.21370266,7.900000095367432,A0
39619,67242,121.44360618,-33.33310575,7.900000095367432,A0V
43146,75224,131.81995431,-41.19776224,7.900000095367432,A2IV/V
43467,76092,132.81187682,-59.48375132,7.900000095367432,A0IV/V
46715,82644,142.84241932,-53.79666247,7.900000095367432,A0IV/V
50133,88766,153.51518165,-14.7257525,7.900000095367432,A0V
56220,100209,172.88246719,-46.09419358,7.900000095367432,A1V
56479,100630,173.68873842,-4.95442214,7.900000095367432,A0
57239,101968,176.05443783,29.89542048,7.900000095367432,A2V
58247,103766,179.18944486,-70.15617308,7.900000095367432,A0IV
59649,106308,183.48880222,-57.94427856,7.900000095367432,A0V
60360,107663,185.65229071,-49.32612013,7.900000095367432,A2IV/V
61119,109030,187.89039927,25.8703989,7.900000095367432,A0p
64308,114466,197.7093619,-10.10297361,7.900000095367432,A0
65304,116379,200.76303751,18.27833884,7.900000095367432,A2
72402,130060,222.05322368,-56.00868701,7.900000095367432,A0IV/V
81039,148638,248.27154803,-60.90351415,7.900000095367432,A3III
82415,152207,252.63722531,33.79760427,7.900000095367432,A2
82630,156401,253.37081399,84.76426414,7.900000095367432,A0
86514,160848,265.20816901,31.27888745,7.900000095367432,A0
86609,161129,265.48024255,41.02497713,7.900000095367432,A0
90498,170812,276.99997679,57.39836664,7.900000095367432,A0
90638,170597,277.40159994,18.01319991,7.900000095367432,A0
92095,174019,281.54302286,46.6307928,7.900000095367432,A0
92146,173816,281.70841481,12.55449875,7.900000095367432,A0
92387,174601,282.40866288,38.42768351,7.900000095367432,A0
93277,176165,285.00091149,-28.05074855,7.900000095367432,A3III
95295,182614,290.81178477,47.19583467,7.900000095367432,A0
98239,189257,299.45582083,34.24665767,7.900000095367432,A0
100929,194935,306.95816828,14.94450319,7.900000095367432,A0
101668,196503,309.11614621,41.04433377,7.900000095367432,A0
101851,196939,309.58741376,52.37849076,7.900000095367432,A0
101946,197008,309.88623243,38.37558268,7.900000095367432,A3
103461,199937,314.4195048,58.82205253,7.900000095367432,A0
106648,205947,324.03844243,63.70092538,7.900000095367432,A0
109127,210979,331.55842739,82.66073893,7.900000095367432,A0
110638,212548,336.18753851,18.86312628,7.900000095367432,A2
111734,214504,339.50951975,33.22630527,7.900000095367432,A3
113617,217541,345.1722854,49.95606526,7.900000095367432,A3
115253,220020,350.16198254,-8.91959615,7.900000095367432,A0
117861,224000,358.59094053,33.59337579,7.900000095367432,A0
886,641,2.70202017,30.68565518,7.909999847412109,A0
8628,11236,27.82407867,38.83562387,7.909999847412109,A0
12362,16385,39.78702908,46.20351157,7.909999847412109,A0
13356,17760,42.9613848,27.2739064,7.909999847412109,A0
14618,19016,47.20131735,72.54871234,7.909999847412109,A2
15487,20579,49.90659685,27.54258856,7.909999847412109,A0
16586,21802,53.37771528,55.55931427,7.909999847412109,A0
17839,23690,57.25408087,46.80276531,7.909999847412109,A0
18160,24129,58.24327013,51.0508359,7.909999847412109,A0III
19122,25427,61.49371872,61.63277342,7.909999847412109,A0
19713,26544,63.34676822,35.47675918,7.909999847412109,A0
21555,28702,69.42477079,71.89442573,7.909999847412109,A2
24146,33610,77.78580591,-6.02357829,7.909999847412109,A0
27089,38368,86.16347872,-12.77669066,7.909999847412109,A0V
28169,40019,89.28310157,20.97751786,7.909999847412109,A2
29107,42488,92.0774004,-49.74662106,7.909999847412109,A2IV/V
30197,44335,95.29520064,-4.35003885,7.909999847412109,A0
32798,49472,102.55888092,36.40195729,7.909999847412109,A2
35826,57559,110.82649452,33.69736238,7.909999847412109,A0
36402,58987,112.3628046,34.8033407,7.909999847412109,A0
38039,63263,116.94948062,-3.52964701,7.909999847412109,A0
38098,63058,117.11435681,36.64349648,7.909999847412109,A3
39036,65254,119.80263727,33.87342761,7.909999847412109,A0
42670,74123,130.45565867,-8.55979919,7.909999847412109,A2
50529,89551,154.80854566,-37.63236341,7.909999847412109,A1IV
52295,92511,160.28789624,16.87397093,7.909999847412109,A2
60869,108554,187.14027338,-56.45768692,7.909999847412109,A0/A1V
64521,114655,198.36665057,-68.49896056,7.909999847412109,A3V
73021,131375,223.85281389,-55.43142877,7.909999847412109,A1V+...
74372,135466,227.9712236,63.65326491,7.909999847412109,A0
76578,139347,234.59222127,-24.65493437,7.909999847412109,A0V
79130,145202,242.2745241,17.36645141,7.909999847412109,A2
82622,151948,253.3556533,-54.27644129,7.909999847412109,A1IV/V
84495,156286,259.12051135,5.12824683,7.909999847412109,A2
88076,164215,269.82153476,20.45711148,7.909999847412109,A0
88087,163615,269.86196944,-47.77396945,7.909999847412109,A2/A3V+...
90867,170901,278.04916786,-9.37031935,7.909999847412109,A0p
94127,178521,287.41266706,-20.04108997,7.909999847412109,A1/A2V
96098,184294,293.08016705,35.20172326,7.909999847412109,A0
96222,185306,293.50728932,65.53099638,7.909999847412109,A3
96371,185036,293.90184449,40.02750323,7.909999847412109,A3
97009,186439,295.75205918,34.42195798,7.909999847412109,A0
97134,186369,296.12834903,-17.40042671,7.909999847412109,A2IV
98156,189160,299.20896759,44.27111359,7.909999847412109,A0p:
100733,194452,306.35274897,7.87500797,7.909999847412109,A2
100999,195054,307.15487103,10.98698096,7.909999847412109,A0
101310,195713,308.02346345,25.35205154,7.909999847412109,A0
103781,200195,315.45715327,7.52987735,7.909999847412109,A0
105081,202970,319.31177678,55.05876712,7.909999847412109,A2
105674,203653,321.06234897,-25.56112309,7.909999847412109,A0m...
109517,210952,332.77757624,70.9755493,7.909999847412109,A2
110422,212268,335.49595806,48.84953701,7.909999847412109,A3
112016,215025,340.34531543,50.09263278,7.909999847412109,A0
116780,222392,355.00920965,14.81051484,7.909999847412109,A3
117867,223998,358.60757297,48.63072418,7.909999847412109,A0
1730,1727,5.46412869,57.96829458,7.920000076293945,A0
2890,3320,9.15953864,53.4721453,7.920000076293945,A0
5067,6299,16.2054061,55.77833922,7.920000076293945,A0
6648,8612,21.32911091,20.34958651,7.920000076293945,A0
8675,11215,27.91874859,54.94389081,7.920000076293945,A2m
9190,11866,29.58297264,57.86754613,7.920000076293945,A2V
10045,13162,32.32694942,28.39422423,7.920000076293945,A0
13872,18530,44.66549002,-4.20872326,7.920000076293945,A2
14051,18614,45.23147734,40.41793292,7.920000076293945,A3
15143,20105,48.80659759,37.26885945,7.920000076293945,A0
18575,25117,59.6426866,-23.79529796,7.920000076293945,A0/A1V
18640,24898,59.852522,44.48179185,7.920000076293945,A3
22640,30976,73.06251589,1.84966559,7.920000076293945,A3
27745,248587,88.09507129,19.14970625,7.920000076293945,A0Iab
27966,40624,88.73741242,-65.8835795,7.920000076293945,A0V
28106,39784,89.10411783,36.88679723,7.920000076293945,A2
28347,40206,89.8494467,41.91743844,7.920000076293945,A0
29883,41496,94.39210485,79.32994011,7.920000076293945,A0
30534,45143,96.27901406,-15.13978578,7.920000076293945,A2IV
31160,47149,98.0807592,-65.37094702,7.920000076293945,A2V
33438,51544,104.2921458,-15.74320097,7.920000076293945,A0II/III
34291,54819,106.63704738,-59.99680417,7.920000076293945,A2V
41410,71572,126.70325532,-34.5972694,7.920000076293945,A1IV/V+...
43581,76382,133.13623014,-62.86087917,7.920000076293945,A0IV
45171,79194,138.07760489,-11.07892613,7.920000076293945,A0
45313,79569,138.53393811,-28.11734103,7.920000076293945,A2III
48418,85346,148.06468274,40.97038606,7.920000076293945,A3
49078,87012,150.2496853,-46.92373673,7.920000076293945,A2III/IV
50596,89768,155.03745455,-56.61539734,7.920000076293945,A1IV/V
52100,92346,159.68190054,-52.76427527,7.920000076293945,A1V
53501,94808,164.16868923,-1.16885277,7.920000076293945,A3
65294,116119,200.7318327,-62.01222049,7.920000076293945,A0Ia
68248,121544,209.58448514,-65.64141432,7.920000076293945,A2/A3V
69008,123148,211.91469909,-56.89109119,7.920000076293945,A2V
70443,126214,216.157717,-14.71345815,7.920000076293945,A2m...
86316,160141,264.54671146,4.49129527,7.920000076293945,A0
89434,164134,273.79342469,-81.84212228,7.920000076293945,A2/A3IV/V
90528,170247,277.08380925,3.9658142,7.920000076293945,A0
90985,171234,278.38224799,1.90355934,7.920000076293945,A3
92896,175718,283.92225883,25.6950426,7.920000076293945,A0
93664,177490,286.09475477,12.99701637,7.920000076293945,A0II
94456,179739,288.37762559,6.65154007,7.920000076293945,A2
94924,181469,289.74259518,39.2671747,7.920000076293945,A2
97832,188210,298.19785564,34.18682491,7.920000076293945,A0
100507,194354,305.70641633,53.41745778,7.920000076293945,A0
100696,194682,306.21304721,51.28973646,7.920000076293945,A2
101002,195151,307.16062536,28.77598377,7.920000076293945,A0
102034,197119,310.15174322,31.35799708,7.920000076293945,A2
102296,197462,310.91206265,9.11449463,7.920000076293945,A3
102657,198400,312.05049259,49.99557656,7.920000076293945,A2
103295,199397,313.90311046,38.90235204,7.920000076293945,A0
103829,200559,315.6013754,49.63287673,7.920000076293945,A0
109341,210265,332.2674096,9.45120332,7.920000076293945,A0
113206,216775,343.87873808,17.79672221,7.920000076293945,A3
113977,218056,346.24118538,6.51742063,7.920000076293945,A0
114488,218845,347.80572466,3.15302451,7.920000076293945,A2
498,99,1.4928082,44.73937991,7.929999828338623,A3
1641,1615,5.13260063,43.69432614,7.929999828338623,A2
3784,4603,12.1648295,55.79873408,7.929999828338623,A2
18435,24928,59.11962649,-31.6954612,7.929999828338623,A1Vn...
19608,26624,63.02245069,-13.22309539,7.929999828338623,A2/A3V
20262,27404,65.15738823,28.89208213,7.929999828338623,A0
20314,27246,65.27981231,55.50525461,7.929999828338623,A0
26513,37368,84.56754497,4.93397602,7.929999828338623,A2
26752,37806,85.25954349,-2.71686724,7.929999828338623,A0
30698,45178,96.7505155,23.73387086,7.929999828338623,A2
32182,48231,100.78736217,17.96325239,7.929999828338623,A3
33281,51028,103.83631659,-10.18871997,7.929999828338623,A2
34978,55679,108.5574789,7.22941896,7.929999828338623,A0
37941,63068,116.64523748,-11.68800627,7.929999828338623,A0
39673,67158,121.60958885,-9.23732093,7.929999828338623,A0
40833,69918,125.00309017,23.80937036,7.929999828338623,A0
42330,73133,129.4548902,32.28859589,7.929999828338623,A2
44264,77123,135.21047297,12.57335122,7.929999828338623,A0
48244,85827,147.53499262,-74.20401134,7.929999828338623,A0V
63567,112938,195.39768336,-67.85642835,7.929999828338623,A2V
69994,124816,214.84760147,-71.74379173,7.929999828338623,A1V
74377,135295,227.98717403,56.02515584,7.929999828338623,A0
75896,138354,232.52989469,40.38525035,7.929999828338623,A2
81627,151234,250.08902202,70.23762488,7.929999828338623,A2
82908,152167,254.13701398,-66.1089392,7.929999828338623,A0V
83408,154226,255.72191994,31.690188,7.929999828338623,A2
86216,160862,264.26925971,67.1192936,7.929999828338623,A2
87130,162230,267.03167914,40.59218892,7.929999828338623,A3
90302,169257,276.38105291,-37.14912883,7.929999828338623,A0V
92710,175173,283.36632686,18.02091461,7.929999828338623,A0
92847,175741,283.78878233,36.7417188,7.929999828338623,A0
96317,184739,293.75711276,23.47426074,7.929999828338623,A0
96408,184533,294.01323549,-28.66836135,7.929999828338623,A0V
98623,189679,300.46575662,-17.55007854,7.929999828338623,A3V
98912,190592,301.27563247,17.87868871,7.929999828338623,A2
101804,196808,309.46306569,47.94496338,7.929999828338623,A0
101963,197118,309.93733146,47.34526431,7.929999828338623,A0
102526,198549,311.65562766,69.93572576,7.929999828338623,A0
105419,203469,320.28943381,41.98029706,7.929999828338623,A0
105445,202778,320.3667439,-66.66679723,7.929999828338623,A3m...
109818,211228,333.64784961,48.82067583,7.929999828338623,A0
110201,211615,334.83917725,-46.68574732,7.929999828338623,A3III
117565,223570,357.62871185,43.41927827,7.929999828338623,A0...
216,225022,0.67692229,42.92069156,7.940000057220459,A0
2587,2933,8.21588736,35.85797535,7.940000057220459,A0
2794,2972,8.89673398,83.63164599,7.940000057220459,A2
12276,15842,39.54032272,75.52797126,7.940000057220459,A3
12799,17008,41.12487354,28.01506819,7.940000057220459,A2
14745,20171,47.60504767,-67.50615131,7.940000057220459,A0IV/V
18116,24278,58.09625279,18.59780203,7.940000057220459,A0
19068,25626,61.30102938,27.60978674,7.940000057220459,A2
19123,24676,61.50001041,79.78678323,7.940000057220459,A0
19241,25594,61.85393442,62.39071861,7.940000057220459,A2Vn
21653,29637,69.73543291,-27.91161764,7.940000057220459,A2/A3m...
24502,,78.8483901,32.68475457,7.940000057220459,A2
26652,36614,84.96555775,72.17717551,7.940000057220459,A2
26880,37868,85.60258294,20.61266526,7.940000057220459,A0
27203,38319,86.49431543,23.74747471,7.940000057220459,A0
29109,41520,92.07983273,49.4458518,7.940000057220459,A0
29865,43281,94.32941639,40.88772339,7.940000057220459,A0
31322,46721,98.52893318,-21.53612818,7.940000057220459,A1IV
32493,48748,101.71585081,42.03827069,7.940000057220459,A2
32596,292296,102.00028216,0.32204873,7.940000057220459,A2III
37102,60694,114.35790739,38.86820307,7.940000057220459,A0
41630,71494,127.30498896,38.8739226,7.940000057220459,A0
45288,79522,138.44798628,-28.09009722,7.940000057220459,A0V
50550,89611,154.87231836,-45.64687004,7.940000057220459,A0IV
57567,102541,176.99908183,-40.2914598,7.940000057220459,A3II/III
78973,144455,241.8221944,-33.70886864,7.940000057220459,A0IV/V
86802,160940,266.06313601,-34.77125559,7.940000057220459,A3V+...
87049,162554,266.79972309,63.12251249,7.940000057220459,A2
89038,166384,272.59985432,0.54337946,7.940000057220459,A0
90635,170648,277.39777849,26.05567465,7.940000057220459,A2
91170,170967,278.99250824,-60.37880858,7.940000057220459,A2IV
95353,182634,290.98934095,38.11439126,7.940000057220459,A3
96717,185608,294.91435033,7.8439094,7.940000057220459,A2
96958,186410,295.64268659,40.02651506,7.940000057220459,A0
97108,186455,296.02540329,12.3725411,7.940000057220459,A2
98436,189614,300.00810078,25.17566954,7.940000057220459,A0
99470,191708,302.82098107,-0.13980281,7.940000057220459,A0
101580,196058,308.80622741,-9.0036966,7.940000057220459,A2
101691,196670,309.17913756,50.8898223,7.940000057220459,A0...
101993,196941,310.04213661,10.5724317,7.940000057220459,A2
102840,198514,312.51542128,26.07083848,7.940000057220459,A0
102863,198597,312.59831676,31.35313596,7.940000057220459,A0
103421,199850,314.304319,58.81673507,7.940000057220459,A0
109532,210617,332.81146706,17.73940407,7.940000057220459,A3
111328,213812,338.33095529,46.11536074,7.940000057220459,A3
112108,215209,340.61063548,58.52589245,7.940000057220459,A0
113729,217712,345.48798448,47.99854589,7.940000057220459,A0
116194,221455,353.13763636,-50.11555463,7.940000057220459,A3m...
116282,221626,353.40275354,22.32897675,7.940000057220459,A2
116966,222639,355.64985722,-57.96166899,7.940000057220459,A0V
8742,11318,28.12076554,49.79946941,7.949999809265137,A3
14000,18267,45.06893659,69.50212223,7.949999809265137,A2
15420,20391,49.6864534,49.77001446,7.949999809265137,A2V
15570,20878,50.15187057,-36.77548226,7.949999809265137,A0V
16297,21026,52.52574292,75.25914161,7.949999809265137,A0
17533,23191,56.31086319,48.19523012,7.949999809265137,A2
21076,28672,67.75864186,-4.96087414,7.949999809265137,A2
21325,28414,68.65989874,70.34635148,7.949999809265137,A0
21469,29096,69.16303615,41.07686007,7.949999809265137,A2
23762,32632,76.6124559,40.03751758,7.949999809265137,A0
25037,34948,80.41864458,12.66838319,7.949999809265137,A3
27911,39588,88.59323732,18.9004516,7.949999809265137,A0
29512,42786,93.25802546,7.53434669,7.949999809265137,A0
29943,42765,94.55989311,68.31879462,7.949999809265137,A2
30929,46025,97.36572662,-34.0941639,7.949999809265137,A3III
32286,48665,101.10312521,-2.43071654,7.949999809265137,A0
32552,49463,101.88229151,-25.684788,7.949999809265137,A1/A2IV
32890,49269,102.79629798,58.41769832,7.949999809265137,A3
35455,56966,109.79241282,-1.65577058,7.949999809265137,A0
35540,57482,110.01271995,-33.59482193,7.949999809265137,A2IV
41839,72295,127.94039636,-8.85399195,7.949999809265137,A0
43345,75135,132.4470836,44.70429672,7.949999809265137,A0
45076,78997,137.72933576,-15.45940743,7.949999809265137,A2IV/V
46024,81276,140.79591434,-44.96505299,7.949999809265137,A1V
46945,82930,143.51374051,-36.14133268,7.949999809265137,A0/A1V
47828,84473,146.23391618,-23.48445891,7.949999809265137,A0V
51913,92219,159.08786174,-72.50828995,7.949999809265137,A2V
52068,92468,159.60633034,-69.27363661,7.949999809265137,A1IV
56329,100396,173.22022993,-43.69537662,7.949999809265137,A0III
57182,101929,175.89494802,-55.19560259,7.949999809265137,A2III/IV
62810,111846,193.05261634,-6.09010668,7.949999809265137,A2
68759,122559,211.10430578,-58.20054907,7.949999809265137,A1m...
73125,131989,224.17623605,5.39894162,7.949999809265137,A2
77295,140757,236.71521938,-36.93678876,7.949999809265137,A2IV/V
79552,145793,243.49219969,-28.25259952,7.949999809265137,A2V+...
80246,147156,245.73315082,-55.03776803,7.949999809265137,A0III
81949,150645,251.08792933,-44.37867695,7.949999809265137,A3V
84818,157440,260.02371371,55.93541335,7.949999809265137,A2
86028,159447,263.71964154,-1.60518169,7.949999809265137,A0
87449,162864,268.02416647,26.2906478,7.949999809265137,A0
88681,165511,271.55432239,1.58273273,7.949999809265137,A0
89056,166580,272.65236817,18.28868539,7.949999809265137,A3
91319,172392,279.39752336,47.98137405,7.949999809265137,A0
92127,173869,281.65310899,25.53896772,7.949999809265137,A0
92369,174879,282.3652528,57.8398744,7.949999809265137,A0
93271,175033,284.99286399,-71.53472985,7.949999809265137,A0V
93979,179068,287.0225772,55.39801435,7.949999809265137,A3
94894,181120,289.66414993,15.68065831,7.949999809265137,A0
97149,186586,296.1992208,16.81516858,7.949999809265137,A0
97616,187615,297.60408781,14.51387142,7.949999809265137,A3
99242,191148,302.1790827,-7.02050342,7.949999809265137,A0
99472,191856,302.82261261,21.35203022,7.949999809265137,A0
99521,191056,302.96122507,-63.61698346,7.949999809265137,A0V+...
99960,193115,304.21573833,43.68331306,7.949999809265137,A0
100705,194932,306.25684767,61.29818848,7.949999809265137,A2
100993,195230,307.13949606,40.90186363,7.949999809265137,A0
101271,195788,307.914096,45.17129062,7.949999809265137,A0
103315,199090,313.97680001,-31.5056581,7.949999809265137,A0V
104233,201274,316.78165251,38.31495937,7.949999809265137,A0
104743,201985,318.30709079,-4.26674271,7.949999809265137,A3
105135,202782,319.47126876,14.53857543,7.949999809265137,A3
105750,203889,321.27955052,-1.98862494,7.949999809265137,A3
106465,205334,323.44611096,33.21446087,7.949999809265137,A0
108356,208699,329.27475177,42.61625831,7.949999809265137,A0
111024,213234,337.38587829,29.9887559,7.949999809265137,A3
111189,213544,337.88181818,42.22172997,7.949999809265137,A2
111197,213606,337.91049276,51.24144061,7.949999809265137,A0
112453,215690,341.68741674,25.80339345,7.949999809265137,A0
116198,221494,353.14820371,10.97779785,7.949999809265137,A3
5108,6006,16.36788457,81.96149349,7.960000038146973,A0
7603,9985,24.48387437,21.26111848,7.960000038146973,A0
13395,17801,43.09625044,30.18165816,7.960000038146973,A0
13840,18338,44.53756597,42.11127579,7.960000038146973,A0
19265,24716,61.93883603,80.97646941,7.960000038146973,A0
21903,29534,70.65427837,58.9092859,7.960000038146973,A0
24406,33553,78.54183162,54.02458477,7.960000038146973,A0
27200,38334,86.48579501,24.22494414,7.960000038146973,A3
28692,41041,90.86841322,18.18327576,7.960000038146973,A0
29153,42184,92.24245088,-9.64790891,7.960000038146973,A2
30626,45554,96.53959906,-41.63689898,7.960000038146973,A0V
32028,48289,100.35797952,-27.5870631,7.960000038146973,A1IV/V
32959,49930,102.97241018,26.40035937,7.960000038146973,A3
34900,55333,108.31031376,18.92137601,7.960000038146973,A0
37264,61341,114.79040293,7.83093485,7.960000038146973,A2
37443,61499,115.30528732,39.21173712,7.960000038146973,A0
39148,65602,120.10900322,25.03406154,7.960000038146973,A0
45453,79682,138.95650818,10.37395709,7.960000038146973,A2
45700,80236,139.74634731,10.94988787,7.960000038146973,A2
45853,80999,140.22518175,-55.81209979,7.960000038146973,A2II
54665,97313,167.85408883,-50.16908082,7.960000038146973,A2/A3V
62714,111889,192.78504847,69.29421133,7.960000038146973,A0
62874,112002,193.29366685,12.46592464,7.960000038146973,A2
66635,118386,204.88479312,-72.50423597,7.960000038146973,A3m...
70765,126818,217.07490389,-20.56455812,7.960000038146973,A0V
76068,138295,233.03171513,-28.16618687,7.960000038146973,A0V
86164,160606,264.11540785,63.3365414,7.960000038146973,A3
88111,164235,269.92736812,14.46353507,7.960000038146973,A0
88278,164557,270.40167821,3.50576027,7.960000038146973,A0
88580,165505,271.29153536,27.56437112,7.960000038146973,A0
91377,172170,279.54644493,15.16420488,7.960000038146973,A0
92626,175035,283.10324067,26.74556201,7.960000038146973,A0
95425,182514,291.17192417,10.08648418,7.960000038146973,A0
95737,183786,292.09379955,53.97031268,7.960000038146973,A0
96612,185528,294.62578107,25.97873206,7.960000038146973,A3
97429,187218,297.03036503,19.9967298,7.960000038146973,A0
98940,190988,301.32894345,50.44862836,7.960000038146973,A0
102836,198484,312.50449834,20.88007904,7.960000038146973,A3
102907,198691,312.71982374,35.9220883,7.960000038146973,A0
104102,200928,316.36263986,34.8121121,7.960000038146973,A0
105072,202768,319.27841582,35.76953936,7.960000038146973,A2
106309,205026,322.96373936,25.21811532,7.960000038146973,A0
108920,209501,330.94823254,4.79216029,7.960000038146973,A0
111268,213643,338.13193533,33.81419978,7.960000038146973,A0
111962,215303,340.18799315,78.0220866,7.960000038146973,A0
117751,223648,358.20372197,-85.89554481,7.960000038146973,A1m...
5231,6591,16.72457232,8.65238012,7.96999979019165,A3
7314,9532,23.5479473,36.19016162,7.96999979019165,A2...
7335,9508,23.61622278,49.5641142,7.96999979019165,A2
8721,11481,28.04804969,-32.53987434,7.96999979019165,A2/A3V
9203,11924,29.60468123,51.89370156,7.96999979019165,A0
11854,15834,38.24904775,6.95630783,7.96999979019165,A0
13162,17467,42.3191009,40.47999208,7.96999979019165,A0
13504,17940,43.48490081,31.69652688,7.96999979019165,A2
14471,19346,46.69609715,2.71446808,7.96999979019165,A0
18650,25113,59.88808568,4.60667891,7.96999979019165,A2
19028,25508,61.14068781,35.92058655,7.96999979019165,A0
19086,26206,61.38043714,-58.47838201,7.96999979019165,A3/A4V
21691,29409,69.85415428,35.95431882,7.96999979019165,A0
22163,,71.52756383,-12.97523193,7.96999979019165,A3
22909,31469,73.94003419,-7.89380745,7.96999979019165,A0
23421,,75.50316339,1.61144084,7.96999979019165,A1IV
27337,37764,86.85490598,70.8103658,7.96999979019165,A2
29571,43002,93.45903523,-1.0613069,7.96999979019165,A0
35187,56429,109.0800385,-16.71666606,7.96999979019165,A0III/IV
35777,57705,110.70211316,9.84576062,7.96999979019165,A2
37116,61741,114.39315235,-57.21674688,7.96999979019165,A3m...
37874,62811,116.4484662,2.55986185,7.96999979019165,A0
38503,64164,118.27248772,15.37739448,7.96999979019165,A2
41502,71276,126.96777344,36.12528562,7.96999979019165,A0
41886,72361,128.11629857,3.6735203,7.96999979019165,A2
43218,75197,132.06337985,-7.97243354,7.96999979019165,A2
46852,82875,143.21594628,-54.59611378,7.96999979019165,A0V
47213,83344,144.32673962,-14.85109272,7.96999979019165,A3IV
52927,93868,162.36537343,-44.28487551,7.96999979019165,A0V
57074,101698,175.49894294,-45.64905956,7.96999979019165,A2IV
76138,138544,233.27641408,-8.08161645,7.96999979019165,A2
77752,142070,238.14614833,-1.03128517,7.96999979019165,A0
78586,143692,240.6893959,-23.18113425,7.96999979019165,A2IV/V
79262,146585,242.65565958,72.39322112,7.96999979019165,A0
81082,149070,248.41950699,-31.28901979,7.96999979019165,A0V
82123,151604,251.64784918,41.79234317,7.96999979019165,A0
86198,159927,264.22898087,10.03985575,7.96999979019165,A0
88113,164631,269.93554394,46.82138488,7.96999979019165,A3
89415,168129,273.70459596,58.00260414,7.96999979019165,A0
91227,172227,279.14043544,48.85522866,7.96999979019165,A3
91951,173631,281.14740578,39.07091919,7.96999979019165,A2
94475,180395,288.42124734,53.21249108,7.96999979019165,A3
99614,192381,303.23707304,40.721189,7.96999979019165,A0
101041,195215,307.25631263,28.46215584,7.96999979019165,A2
102795,198367,312.38644331,8.69668434,7.96999979019165,A2
104737,202252,318.25976579,46.94623807,7.96999979019165,A0
105128,202799,319.4281273,20.5053805,7.96999979019165,A2
105866,204374,321.61821886,49.28023601,7.96999979019165,A0
106585,205849,323.80690025,65.58767321,7.96999979019165,A0
107166,206897,325.60962004,66.36219758,7.96999979019165,A0
109283,210308,332.08852852,49.2210109,7.96999979019165,A0...
109296,210290,332.13099769,39.37173396,7.96999979019165,A0
110203,211785,334.84786582,14.07007596,7.96999979019165,A2
110789,212832,336.6858951,22.81215113,7.96999979019165,A2
113353,217127,344.35601638,57.01292006,7.96999979019165,A0
115362,220314,350.51192726,64.51960348,7.96999979019165,A0
115959,221188,352.40305357,48.38096174,7.96999979019165,A0
1090,904,3.40403325,47.193271,7.980000019073486,A2
2947,3601,9.34741761,-75.60684103,7.980000019073486,A2m...
4358,5344,13.96054083,46.87583374,7.980000019073486,A0
8009,10671,25.70561812,-54.69704773,7.980000019073486,A1m...
8754,11432,28.15446022,12.44289508,7.980000019073486,A0
9501,12389,30.55602313,33.40890607,7.980000019073486,A0
10511,13960,33.86659914,-15.9760985,7.980000019073486,A2IV/V
12634,16821,40.5847581,16.9590748,7.980000019073486,A2
17658,23634,56.73370612,9.53043596,7.980000019073486,A2
18932,25226,60.8705466,57.71360398,7.980000019073486,A0
19497,26235,62.65346158,38.48706865,7.980000019073486,A2
20898,28345,67.19609054,14.81951918,7.980000019073486,A0
21737,29341,70.01910573,52.48621289,7.980000019073486,A0
22861,31875,73.77841241,-62.79556845,7.980000019073486,A3V
23239,31918,75.00651423,10.39079294,7.980000019073486,A3
23846,33037,76.8995668,4.54178148,7.980000019073486,A0
23939,33122,77.17609741,15.10384538,7.980000019073486,A0
25718,36117,82.36407036,-0.04223476,7.980000019073486,A0
26552,37569,84.69267137,-17.07070537,7.980000019073486,A0V
31443,46748,98.81392189,3.96889235,7.980000019073486,A2V
32381,49169,101.36989988,-36.84942081,7.980000019073486,A0/A1V
34657,54908,107.66247208,-1.84288405,7.980000019073486,A0
37940,63025,116.64254343,-6.34007877,7.980000019073486,A2
43994,76681,134.38094162,-7.41062813,7.980000019073486,A0
45350,79664,138.61889891,-33.42361432,7.980000019073486,A1III/IVm..
46211,81390,141.32778778,-0.83723733,7.980000019073486,A2
47439,83794,145.00874292,-30.49982028,7.980000019073486,A3m...
52740,93494,161.72905463,-44.27796268,7.980000019073486,A0V
57014,101549,175.33558865,44.00757954,7.980000019073486,A3V
59275,105605,182.38347011,-21.05312067,7.980000019073486,A3V
61841,110275,190.09952145,59.52570397,7.980000019073486,A3
69490,124548,213.41422888,24.77819624,7.980000019073486,A2V
74050,134013,226.99382523,-14.59246256,7.980000019073486,A0V
79217,147901,242.51012174,82.07895407,7.980000019073486,A2
83446,153164,255.81826769,-68.84390955,7.980000019073486,A0V
84130,156192,257.98238392,63.12669581,7.980000019073486,A2
92109,173669,281.58184664,5.15317218,7.980000019073486,A0
94908,180976,289.69663738,-5.77240176,7.980000019073486,A0
96207,184695,293.44638432,43.51732533,7.980000019073486,A2
97838,186503,298.22115609,-76.1793911,7.980000019073486,A1V
98263,189236,299.4971613,27.23339441,7.980000019073486,A0
99561,192492,303.07089999,57.38721973,7.980000019073486,A0
100790,194790,306.54218033,38.86142474,7.980000019073486,A3IV
100944,195391,307.00093312,59.7344795,7.980000019073486,A0
102514,197925,311.6282357,12.62211377,7.980000019073486,A2
102946,198702,312.85739128,27.42876078,7.980000019073486,A3
103815,200390,315.56153122,30.52188718,7.980000019073486,A2
104081,200552,316.29770077,-32.34458254,7.980000019073486,A3IIIm...
106270,205085,322.87721748,48.27822462,7.980000019073486,A3V
108485,208800,329.6523758,6.01389777,7.980000019073486,A2
109441,210759,332.58421559,66.30421619,7.980000019073486,A0
118198,224514,359.63026637,-24.16937365,7.980000019073486,A2m...
7605,9869,24.48813502,59.29901849,7.989999771118164,A2
11436,15151,36.86964049,41.04840304,7.989999771118164,A0
12441,16607,40.0375027,16.72701036,7.989999771118164,A2
12937,17091,41.59392287,50.61686613,7.989999771118164,A2
13910,18572,44.78504752,-4.78333803,7.989999771118164,A0
15277,20031,49.27614981,67.09085915,7.989999771118164,A2
15365,20513,49.52694013,4.96946229,7.989999771118164,A3
19182,25835,61.67258772,25.72214667,7.989999771118164,A0
20153,27725,64.79824021,-58.74666494,7.989999771118164,A1/A2Vs...
20190,27408,64.91030027,2.99220674,7.989999771118164,A3
22769,30055,73.47038567,77.56599819,7.989999771118164,A0
23244,32290,75.032313,-41.04792043,7.989999771118164,A3Vs
23729,32499,76.52252369,48.65972039,7.989999771118164,A0
24844,34776,79.89321277,-9.70079618,7.989999771118164,A0
27603,39902,87.66252356,-65.26019512,7.989999771118164,A0V
28980,41615,91.73397909,16.17711051,7.989999771118164,A3
29481,42292,93.1736591,51.68640662,7.989999771118164,A0
29527,43119,93.30746129,-30.08624247,7.989999771118164,A3V
30127,44175,95.09604786,-1.29541942,7.989999771118164,A0
31271,46680,98.36637717,-29.20987507,7.989999771118164,A0V
32595,49243,102.00008434,11.48291693,7.989999771118164,A0
34764,54985,107.95405501,19.88562802,7.989999771118164,A2
35638,57785,110.31286067,-35.49612615,7.989999771118164,A1V
36517,59670,112.68841208,-6.71792905,7.989999771118164,A2
37824,62697,116.32739524,-0.43823207,7.989999771118164,A0
37861,62488,116.4224554,34.55539448,7.989999771118164,A3
38790,65005,119.09051814,-7.99119504,7.989999771118164,A2
39697,67109,121.70119261,9.76733659,7.989999771118164,A0
39784,67086,121.95183845,36.24378408,7.989999771118164,A2
40412,69249,123.75287296,-30.41930509,7.989999771118164,A0III/IV
40627,69581,124.41200478,0.47940712,7.989999771118164,A2
41133,70568,125.88064594,23.53453924,7.989999771118164,A2
42566,73786,130.1520938,14.37895004,7.989999771118164,A0
43021,74326,131.50475651,57.43513676,7.989999771118164,A0
43043,74743,131.54801126,14.06212153,7.989999771118164,A2
43412,75431,132.63876676,17.03206277,7.989999771118164,A3
43456,75620,132.76763956,0.46969039,7.989999771118164,A0
43568,76187,133.09862914,-53.32584451,7.989999771118164,A1V
46293,81802,141.60580033,-46.12549103,7.989999771118164,A2/A3III:
46555,82377,142.40794121,-54.72259545,7.989999771118164,A2V
49198,86986,150.62283023,14.55750462,7.989999771118164,A1V
50593,89578,155.02912723,-4.34343936,7.989999771118164,A3
53218,94376,163.27189362,-40.4172868,7.989999771118164,A0IV/V
53364,94552,163.69008629,-8.37887984,7.989999771118164,A0
61782,110058,189.94259598,-49.19872732,7.989999771118164,A0V
62288,110953,191.47290928,-22.63037151,7.989999771118164,A3III
65599,116960,201.74558127,11.90856621,7.989999771118164,A0V
68027,121513,208.9516936,1.51974025,7.989999771118164,A0
74584,135297,228.58757648,0.36959656,7.989999771118164,A0p
74797,135619,229.29467562,-34.57701976,7.989999771118164,A2IV
82394,151099,252.53684028,-67.02626236,7.989999771118164,A1V
84328,155864,258.59682285,-4.16198252,7.989999771118164,A0
85789,159005,262.95551112,11.93181229,7.989999771118164,A0
86724,161164,265.81701077,17.68969036,7.989999771118164,A0
87047,161819,266.78815201,15.03721714,7.989999771118164,A0
88744,166728,271.75351847,65.88794793,7.989999771118164,A2
90076,169222,275.72977361,19.14926415,7.989999771118164,A2
90949,171127,278.28687864,-1.46230656,7.989999771118164,A0
92485,174249,282.74143699,-30.96139087,7.989999771118164,A0/A1V
92711,175037,283.36640982,0.87029324,7.989999771118164,A0
93739,175954,286.30127884,-73.77905328,7.989999771118164,A0V
95148,181830,290.37128439,13.25768602,7.989999771118164,A0
95567,181794,291.59041787,-65.19631341,7.989999771118164,A0V
99307,191807,302.36885111,51.67436969,7.989999771118164,A0
100644,194480,306.10831573,38.96502185,7.989999771118164,A2
102097,197434,310.35501583,54.20944973,7.989999771118164,A0
102277,197516,310.8545883,23.64474006,7.989999771118164,A0
103628,200960,314.94655081,77.45591425,7.989999771118164,A0
104664,201725,318.01107506,-24.12146825,7.989999771118164,A0V
106748,206460,324.35560032,75.22206228,7.989999771118164,A0
112769,216125,342.55928548,-7.45981478,7.989999771118164,A3
